0.0,8594
0.01,8871
0.02,8267
0.03,9977
0.04,13094
0.05,13683
0.06,14576
0.07,15997
0.08,15448
0.09,15473
0.1,16534
0.11,17417
0.12,17715
0.13,17394
0.14,17178
0.15,17393
0.16,17534
0.17,16789
0.18,16882
0.19,19641
0.2,22856
0.21,24920
0.22,25920
0.23,26038
0.24,26385
0.25,26714
0.26,26918
0.27,27445
0.28,28182
0.29,28930
0.3,29786
0.31,30319
0.32,29027
0.33,28339
0.34,29638
0.35,29677
0.36,28810
0.37,29410
0.38,30901
0.39,31616
0.4,31681
0.41,32465
0.42,32449
0.43,30530
0.44,30277
0.45,31825
0.46,31462
0.47,30259
0.48,30974
0.49,31175
0.5,29125
0.51,27993
0.52,27680
0.53,26373
0.54,25924
0.55,26596
0.56,27187
0.57,27156
0.58,26009
0.59,25242
0.6,24541
0.61,21809
0.62,19135
0.63,19887
0.64,21059
0.65,19192
0.66,19922
0.67,23673
0.68,23919
0.69,22591
0.7,22405
0.71,21067
0.72,19088
0.73,20251
0.74,22327
0.75,22116
0.76,21607
0.77,20962
0.78,21222
0.79,22506
0.8,22879
0.81,22818
0.82,23168
0.83,22408
0.84,20497
0.85,21000
0.86,23436
0.87,24716
0.88,24661
0.89,23481
0.9,21788
0.91,22530
0.92,25527
0.93,26338
0.94,25578
0.95,26745
0.96,26242
0.97,22316
0.98,20889
0.99,22512
1.0,23433
1.01,23761
1.02,23370
1.03,23089
1.04,23570
1.05,22156
1.06,20926
1.07,20245
1.08,16957
1.09,14824
1.1,16698
1.11,18303
1.12,16177
1.13,13903
1.14,15008
1.15,16009
1.16,14489
1.17,12022
1.18,8697
1.19,6033
1.2,6164
1.21,8018
1.22,9567
1.23,9109
1.24,6427
1.25,3230
1.26,276
1.27,-1221
1.28,667
1.29,912
1.3,-1887
1.31,-2959
1.32,-2861
1.33,-2247
1.34,-1847
1.35,-1764
1.36,-1424
1.37,-1140
1.38,-1573
1.39,-3128
1.4,-4507
1.41,-5498
1.42,-6052
1.43,-6651
1.44,-6474
1.45,-5831
1.46,-5553
1.47,-4234
1.48,-2915
1.49,-2700
1.5,-3964
1.51,-5950
1.52,-7706
1.53,-7995
1.54,-6796
1.55,-7559
1.56,-8914
1.57,-9771
1.58,-12416
1.59,-13258
1.6,-10110
1.61,-7734
1.62,-8390
1.63,-9500
1.64,-10249
1.65,-11397
1.66,-11275
1.67,-10448
1.68,-11063
1.69,-11272
1.7,-11677
1.71,-13732
1.72,-15124
1.73,-14472
1.74,-12753
1.75,-12542
1.76,-14946
1.77,-18216
1.78,-18961
1.79,-17793
1.8,-17884
1.81,-18227
1.82,-19040
1.83,-20637
1.84,-21147
1.85,-21289
1.86,-21414
1.87,-21874
1.88,-22699
1.89,-23095
1.9,-23363
1.91,-22180
1.92,-21430
1.93,-21585
1.94,-21083
1.95,-21959
1.96,-22504
1.97,-21988
1.98,-21741
1.99,-21533
2.0,-21834
2.01,-22392
2.02,-22441
2.03,-22297
2.04,-23530
2.05,-23737
2.06,-21274
2.07,-19255
2.08,-19231
2.09,-20677
2.1,-21180
2.11,-20903
2.12,-20162
2.13,-19576
2.14,-21650
2.15,-22584
2.16,-20609
2.17,-18788
2.18,-19109
2.19,-21348
2.2,-22737
2.21,-22228
2.22,-19849
2.23,-18374
2.24,-19970
2.25,-21606
2.26,-20917
2.27,-18929
2.28,-18838
2.29,-20402
2.3,-20369
2.31,-18739
2.32,-17681
2.33,-18054
2.34,-18517
2.35,-19005
2.36,-21081
2.37,-22330
2.38,-19550
2.39,-16101
2.4,-15640
2.41,-16774
2.42,-17072
2.43,-16555
2.44,-15951
2.45,-14085
2.46,-12533
2.47,-12794
2.48,-13620
2.49,-13672
2.5,-12771
2.51,-13827
2.52,-15277
2.53,-13623
2.54,-11754
2.55,-12115
2.56,-13396
2.57,-13902
2.58,-12752
2.59,-11477
2.6,-11114
2.61,-11639
2.62,-13213
2.63,-13269
2.64,-12175
2.65,-12607
2.66,-13980
2.67,-14799
2.68,-14451
2.69,-14376
2.7,-15918
2.71,-15820
2.72,-13276
2.73,-13237
2.74,-14184
2.75,-13470
2.76,-12981
2.77,-13180
2.78,-14118
2.79,-14818
2.8,-15158
2.81,-15158
2.82,-14246
2.83,-13208
2.84,-13268
2.85,-14793
2.86,-14659
2.87,-12464
2.88,-11821
2.89,-12808
2.9,-13410
2.91,-13236
2.92,-13300
2.93,-13576
2.94,-13815
2.95,-13610
2.96,-12564
2.97,-12988
2.98,-15311
2.99,-17036
3.0,-17558
3.01,-15846
3.02,-13048
3.03,-12343
3.04,-13187
3.05,-13120
3.06,-11555
3.07,-12038
3.08,-13142
3.09,-12916
3.1,-13833
3.11,-14145
3.12,-13487
3.13,-12399
3.14,-11318
3.15,-10570
3.16,-9714
3.17,-10417
3.18,-11316
3.19,-10681
3.2,-9031
3.21,-7219
3.22,-6871
3.23,-6863
3.24,-5919
3.25,-4992
3.26,-5069
3.27,-5186
3.28,-3742
3.29,-1917
3.3,-1420
3.31,-2008
3.32,-1155
3.33,198
3.34,-324
3.35,-646
3.36,-122
3.37,-593
3.38,-1660
3.39,-1394
3.4,-319
3.41,-258
3.42,-347
3.43,661
3.44,1197
3.45,430
3.46,-476
3.47,69
3.48,1710
3.49,2501
3.5,3193
3.51,4343
3.52,4823
3.53,5285
3.54,5877
3.55,5227
3.56,3764
3.57,3169
3.58,4091
3.59,5896
3.6,7664
3.61,8776
3.62,9489
3.63,9963
3.64,9840
3.65,9628
3.66,9785
3.67,10563
3.68,11793
3.69,11937
3.7,11296
3.71,12198
3.72,13004
3.73,12058
3.74,12200
3.75,13279
3.76,14063
3.77,15357
3.78,15225
3.79,14517
3.8,15476
3.81,15735
3.82,15642
3.83,17595
3.84,18791
3.85,17155
3.86,15824
3.87,15196
3.88,14797
3.89,15955
3.9,16778
3.91,15303
3.92,12795
3.93,12289
3.94,13719
3.95,14486
3.96,14660
3.97,14774
3.98,14329
3.99,14235
4.0,15602
4.01,16542
4.02,14866
4.03,12838
4.04,13016
4.05,13420
4.06,11724
4.07,9497
4.08,8847
4.09,9520
4.1,10931
4.11,11985
4.12,11693
4.13,9831
4.14,7893
4.15,8126
4.16,8415
4.17,7557
4.18,7515
4.19,7926
4.2,7305
4.21,5420
4.22,4787
4.23,6478
4.24,8244
4.25,8515
4.26,7251
4.27,6188
4.28,5238
4.29,3749
4.3,3687
4.31,5001
4.32,5620
4.33,5266
4.34,4755
4.35,4345
4.36,4340
4.37,4639
4.38,4852
4.39,4675
4.4,4440
4.41,4203
4.42,3759
4.43,4211
4.44,4880
4.45,4993
4.46,4772
4.47,4030
4.48,3620
4.49,4433
4.5,5752
4.51,5683
4.52,4905
4.53,4199
4.54,3273
4.55,3650
4.56,5561
4.57,6901
4.58,6853
4.59,7851
4.6,9455
4.61,9772
4.62,10097
4.63,10528
4.64,9785
4.65,7652
4.66,7429
4.67,9968
4.68,11315
4.69,10834
4.7,10103
4.71,9027
4.72,7551
4.73,7016
4.74,7884
4.75,9790
4.76,11200
4.77,10065
4.78,8476
4.79,8374
4.8,8747
4.81,10186
4.82,12085
4.83,11621
4.84,9917
4.85,9735
4.86,10007
4.87,9881
4.88,10199
4.89,10422
4.9,10387
4.91,11498
4.92,13040
4.93,13563
4.94,13323
4.95,12295
4.96,11774
4.97,12784
4.98,14710
4.99,15266
5.0,13737
5.01,12528
5.02,11962
5.03,12322
5.04,13474
5.05,14935
5.06,15957
5.07,15689
5.08,14953
5.09,14293
5.1,14964
5.11,15729
5.12,15747
5.13,15926
5.14,15271
5.15,15201
5.16,17264
5.17,18051
5.18,15951
5.19,14660
5.2,14976
5.21,16103
5.22,17978
5.23,18536
5.24,17219
5.25,16697
5.26,17354
5.27,17264
5.28,16843
5.29,16651
5.3,17307
5.31,18181
5.32,18317
5.33,18194
5.34,17361
5.35,16716
5.36,16032
5.37,14385
5.38,13899
5.39,14548
5.4,14121
5.41,12893
5.42,12373
5.43,11738
5.44,10492
5.45,10421
5.46,10084
5.47,9088
5.48,9187
5.49,8789
5.5,7661
5.51,7434
5.52,7623
5.53,6769
5.54,6615
5.55,7357
5.56,6733
5.57,5302
5.58,3860
5.59,3668
5.6,3051
5.61,590
5.62,-1872
5.63,-3940
5.64,-4925
5.65,-4560
5.66,-4021
5.67,-5471
5.68,-7484
5.69,-8243
5.7,-8334
5.71,-7591
5.72,-7187
5.73,-7830
5.74,-9943
5.75,-11148
5.76,-10818
5.77,-11608
5.78,-10749
5.79,-9077
5.8,-10857
5.81,-12807
5.82,-13225
5.83,-13327
5.84,-11024
5.85,-8882
5.86,-9489
5.87,-10465
5.88,-10434
5.89,-10021
5.9,-9934
5.91,-7310
5.92,-4076
5.93,-5135
5.94,-7980
5.95,-9334
5.96,-8587
5.97,-6206
5.98,-3130
5.99,-2208
6.0,-3918
6.01,-4473
6.02,-3366
6.03,-2006
6.04,164
6.05,1118
6.06,-1462
6.07,-2220
6.08,-636
6.09,-1458
6.1,-1882
6.11,-741
6.12,-1483
6.13,-3087
6.14,-1691
6.15,625
6.16,753
6.17,685
6.18,736
6.19,1179
6.2,2896
6.21,3748
6.22,2999
6.23,2332
6.24,1792
6.25,641
6.26,818
6.27,1704
6.28,473
6.29,-965
6.3,314
6.31,1404
6.32,-471
6.33,-1256
6.34,161
6.35,-147
6.36,-1349
6.37,-1650
6.38,-2666
6.39,-3579
6.4,-2902
6.41,-1842
6.42,-2730
6.43,-3983
6.44,-3483
6.45,-2953
6.46,-2085
6.47,-1138
6.48,-1710
6.49,-3615
6.5,-5113
6.51,-6280
6.52,-6942
6.53,-5390
6.54,-4504
6.55,-4961
6.56,-5253
6.57,-6702
6.58,-7528
6.59,-6640
6.6,-6464
6.61,-7583
6.62,-7992
6.63,-6736
6.64,-6647
6.65,-7309
6.66,-6177
6.67,-5172
6.68,-5848
6.69,-8163
6.7,-10014
6.71,-9531
6.72,-7786
6.73,-7438
6.74,-9688
6.75,-11186
6.76,-10815
6.77,-10076
6.78,-9015
6.79,-7783
6.8,-7940
6.81,-10235
6.82,-10589
6.83,-8807
6.84,-10450
6.85,-14148
6.86,-14392
6.87,-12313
6.88,-11548
6.89,-12088
6.9,-13055
6.91,-14337
6.92,-14959
6.93,-14429
6.94,-13908
6.95,-12870
6.96,-11477
6.97,-11020
6.98,-12108
6.99,-14784
7.0,-16688
7.01,-17049
7.02,-17118
7.03,-16642
7.04,-15265
7.05,-14435
7.06,-15151
7.07,-16533
7.08,-17409
7.09,-17787
7.1,-17566
7.11,-16747
7.12,-16525
7.13,-16114
7.14,-15673
7.15,-16289
7.16,-16307
7.17,-15054
7.18,-14243
7.19,-15157
7.2,-17394
7.21,-19057
7.22,-18300
7.23,-16541
7.24,-15538
7.25,-14492
7.26,-13766
7.27,-14282
7.28,-15485
7.29,-17244
7.3,-17955
7.31,-17036
7.32,-16714
7.33,-15824
7.34,-14459
7.35,-15208
7.36,-17034
7.37,-18112
7.38,-17977
7.39,-16429
7.4,-14026
7.41,-11832
7.42,-11134
7.43,-12378
7.44,-14088
7.45,-14991
7.46,-14528
7.47,-13197
7.48,-11912
7.49,-10235
7.5,-8910
7.51,-9838
7.52,-11217
7.53,-10618
7.54,-9100
7.55,-8238
7.56,-7265
7.57,-5087
7.58,-4501
7.59,-5160
7.6,-4904
7.61,-5913
7.62,-6228
7.63,-3443
7.64,-1014
7.65,-360
7.66,302
7.67,0
7.68,-1963
7.69,-3344
7.7,-3156
7.71,-1368
7.72,1157
7.73,2575
7.74,2163
7.75,1258
7.76,2247
7.77,3300
7.78,1783
7.79,761
7.8,1702
7.81,1949
7.82,1899
7.83,2994
7.84,3766
7.85,2732
7.86,1799
7.87,2820
7.88,3468
7.89,3636
7.9,4423
7.91,4364
7.92,4333
7.93,4232
7.94,2798
7.95,1981
7.96,3189
7.97,4418
7.98,3967
7.99,3370
8.0,3145
8.01,2559
8.02,2806
8.03,3751
8.04,3659
8.05,3670
8.06,4878
8.07,5803
8.08,5916
8.09,5520
8.1,4960
8.11,4205
8.12,4108
8.13,5054
8.14,5430
8.15,6039
8.16,7522
8.17,7964
8.18,7786
8.19,8294
8.2,8690
8.21,8913
8.22,8978
8.23,8705
8.24,9291
8.25,10461
8.26,10167
8.27,8413
8.28,6225
8.29,4994
8.3,6824
8.31,9558
8.32,10369
8.33,9898
8.34,8539
8.35,7339
8.36,8461
8.37,10304
8.38,10008
8.39,9276
8.4,8895
8.41,7565
8.42,6531
8.43,6677
8.44,7182
8.45,7099
8.46,5934
8.47,4084
8.48,3393
8.49,5263
8.5,6056
8.51,4974
8.52,5453
8.53,5895
8.54,5381
8.55,5122
8.56,5906
8.57,6739
8.58,5585
8.59,5082
8.6,6108
8.61,6726
8.62,7070
8.63,6296
8.64,4894
8.65,4106
8.66,4319
8.67,5835
8.68,6931
8.69,6122
8.7,4468
8.71,3707
8.72,3310
8.73,3955
8.74,5426
8.75,5586
8.76,5044
8.77,3820
8.78,3123
8.79,4179
8.8,5279
8.81,5443
8.82,4828
8.83,4048
8.84,3591
8.85,3532
8.86,4041
8.87,4762
8.88,4628
8.89,3456
8.9,3134
8.91,4561
8.92,5854
8.93,5274
8.94,3190
8.95,2072
8.96,2651
8.97,4409
8.98,5674
8.99,4951
9.0,4560
9.01,4777
9.02,5043
9.03,5538
9.04,6778
9.05,8862
9.06,8869
9.07,7209
9.08,5796
9.09,4681
9.1,5454
9.11,7215
9.12,7987
9.13,9654
9.14,11136
9.15,9954
9.16,8151
9.17,7517
9.18,7735
9.19,8151
9.2,9742
9.21,11875
9.22,11507
9.23,9164
9.24,7323
9.25,7286
9.26,8273
9.27,9132
9.28,10401
9.29,10691
9.3,9639
9.31,9793
9.32,10677
9.33,10969
9.34,10603
9.35,10507
9.36,11734
9.37,12719
9.38,12623
9.39,10647
9.4,8163
9.41,9075
9.42,11860
9.43,13600
9.44,14403
9.45,14596
9.46,13965
9.47,12750
9.48,11767
9.49,12082
9.5,14030
9.51,15982
9.52,16591
9.53,15716
9.54,13971
9.55,12707
9.56,13381
9.57,16047
9.58,18360
9.59,17778
9.6,15864
9.61,15574
9.62,15651
9.63,15007
9.64,13858
9.65,13269
9.66,14448
9.67,16020
9.68,16562
9.69,15358
9.7,13490
9.71,12750
9.72,12805
9.73,12722
9.74,13128
9.75,13948
9.76,14371
9.77,14547
9.78,14014
9.79,13282
9.8,13055
9.81,12793
9.82,12280
9.83,11410
9.84,10777
9.85,11309
9.86,12145
9.87,12054
9.88,10509
9.89,8190
9.9,7020
9.91,7261
9.92,8561
9.93,10125
9.94,10213
9.95,8469
9.96,5693
9.97,3880
9.98,4006
9.99,5075
10.0,5487
10.01,3886
10.02,1961
10.03,1282
10.04,683
10.05,142
10.06,545
10.07,1832
10.08,2640
10.09,1528
10.1,-895
10.11,-4222
10.12,-5496
10.13,-3642
10.14,-2062
10.15,-1174
10.16,-2151
10.17,-4260
10.18,-4968
10.19,-4531
10.2,-4365
10.21,-5146
10.22,-4595
10.23,-2057
10.24,-805
10.25,-2382
10.26,-3682
10.27,-3252
10.28,-3130
10.29,-4843
10.3,-6802
10.31,-6517
10.32,-5608
10.33,-4634
10.34,-3153
10.35,-3304
10.36,-5389
10.37,-7249
10.38,-6975
10.39,-4818
10.4,-2222
10.41,-2299
10.42,-4787
10.43,-5300
10.44,-4820
10.45,-4876
10.46,-4599
10.47,-4803
10.48,-5510
10.49,-5758
10.5,-5198
10.51,-4805
10.52,-4766
10.53,-3772
10.54,-3423
10.55,-5307
10.56,-5821
10.57,-4307
10.58,-3957
10.59,-2961
10.6,-1694
10.61,-2979
10.62,-4850
10.63,-6631
10.64,-7352
10.65,-5899
10.66,-4194
10.67,-3485
10.68,-3826
10.69,-5079
10.7,-6825
10.71,-7429
10.72,-7198
10.73,-7374
10.74,-7601
10.75,-6784
10.76,-5943
10.77,-7586
10.78,-10640
10.79,-12826
10.8,-12706
10.81,-11538
10.82,-11055
10.83,-11348
10.84,-13151
10.85,-14749
10.86,-14145
10.87,-13752
10.88,-15517
10.89,-15832
10.9,-14178
10.91,-14947
10.92,-16009
10.93,-15623
10.94,-17030
10.95,-17849
10.96,-16869
10.97,-17146
10.98,-18287
10.99,-18547
11.0,-17756
11.01,-17457
11.02,-17730
11.03,-18397
11.04,-19108
11.05,-18062
11.06,-16517
11.07,-16274
11.08,-17099
11.09,-17700
11.1,-16486
11.11,-14617
11.12,-14290
11.13,-15630
11.14,-16897
11.15,-16313
11.16,-15100
11.17,-14237
11.18,-13875
11.19,-14291
11.2,-13432
11.21,-11777
11.22,-11038
11.23,-11179
11.24,-11888
11.25,-12207
11.26,-12373
11.27,-11825
11.28,-9859
11.29,-8285
11.3,-8322
11.31,-9203
11.32,-10040
11.33,-9586
11.34,-7246
11.35,-5112
11.36,-4589
11.37,-5611
11.38,-6278
11.39,-5746
11.4,-6092
11.41,-5632
11.42,-3172
11.43,-2145
11.44,-3499
11.45,-4764
11.46,-5802
11.47,-6863
11.48,-6436
11.49,-5036
11.5,-4331
11.51,-5364
11.52,-7033
11.53,-6701
11.54,-4944
11.55,-5138
11.56,-7267
11.57,-8447
11.58,-8276
11.59,-8402
11.6,-8565
11.61,-8050
11.62,-8305
11.63,-9092
11.64,-8943
11.65,-8172
11.66,-8991
11.67,-10773
11.68,-11211
11.69,-12101
11.7,-12585
11.71,-11408
11.72,-10663
11.73,-11685
11.74,-13507
11.75,-12625
11.76,-10206
11.77,-9156
11.78,-9389
11.79,-10376
11.8,-10436
11.81,-9802
11.82,-9074
11.83,-7989
11.84,-7880
11.85,-8179
11.86,-8208
11.87,-8628
11.88,-8334
11.89,-7500
11.9,-6746
11.91,-6305
11.92,-6653
11.93,-6319
11.94,-5479
11.95,-4839
11.96,-3933
11.97,-2819
11.98,-1498
11.99,-1188
12.0,-1605
12.01,-1308
12.02,-509
12.03,280
12.04,1556
12.05,3570
12.06,4736
12.07,4597
12.08,4558
12.09,5925
12.1,8050
12.11,9555
12.12,11170
12.13,13258
12.14,14045
12.15,12995
12.16,12469
12.17,13606
12.18,15022
12.19,15924
12.2,16683
12.21,16863
12.22,16360
12.23,16387
12.24,17002
12.25,18020
12.26,19091
12.27,20020
12.28,20998
12.29,21434
12.3,21460
12.31,21926
12.32,23153
12.33,23889
12.34,23895
12.35,24259
12.36,24046
12.37,23437
12.38,23455
12.39,22661
12.4,22023
12.41,22634
12.42,23584
12.43,24753
12.44,23993
12.45,22379
12.46,22523
12.47,23445
12.48,23999
12.49,23514
12.5,22773
12.51,21556
12.52,20216
12.53,20067
12.54,20651
12.55,21036
12.56,20550
12.57,20564
12.58,21114
12.59,20354
12.6,18874
12.61,19147
12.62,20220
12.63,18692
12.64,16275
12.65,15976
12.66,17022
12.67,17677
12.68,16992
12.69,16131
12.7,15854
12.71,15737
12.72,16961
12.73,18086
12.74,16899
12.75,14937
12.76,14210
12.77,14994
12.78,15557
12.79,15228
12.8,14469
12.81,13482
12.82,12886
12.83,12255
12.84,11495
12.85,11413
12.86,11517
12.87,11341
12.88,11134
12.89,10510
12.9,9858
12.91,10324
12.92,10986
12.93,10189
12.94,8693
12.95,7881
12.96,7940
12.97,8930
12.98,10669
12.99,11612
13.0,10608
13.01,8926
13.02,7805
13.03,7712
13.04,8988
13.05,9361
13.06,7050
13.07,4806
13.08,3891
13.09,2963
13.1,2941
13.11,3917
13.12,3753
13.13,2678
13.14,1764
13.15,-175
13.16,-1714
13.17,-286
13.18,1383
13.19,285
13.2,-1411
13.21,-1583
13.22,-991
13.23,-977
13.24,-2894
13.25,-4868
13.26,-5027
13.27,-4964
13.28,-4862
13.29,-4679
13.3,-5867
13.31,-7932
13.32,-8566
13.33,-8912
13.34,-10478
13.35,-10443
13.36,-8893
13.37,-8823
13.38,-10507
13.39,-12764
13.4,-14329
13.41,-13036
13.42,-10769
13.43,-12007
13.44,-14371
13.45,-15318
13.46,-15011
13.47,-13744
13.48,-13308
13.49,-14346
13.5,-16606
13.51,-17843
13.52,-17159
13.53,-15860
13.54,-15392
13.55,-17240
13.56,-19265
13.57,-19474
13.58,-18647
13.59,-17499
13.6,-16185
13.61,-14898
13.62,-15515
13.63,-18658
13.64,-21414
13.65,-22160
13.66,-21233
13.67,-19474
13.68,-17635
13.69,-15055
13.7,-13344
13.71,-13788
13.72,-15109
13.73,-18034
13.74,-21911
13.75,-23446
13.76,-22183
13.77,-20028
13.78,-17950
13.79,-16930
13.8,-16726
13.81,-16524
13.82,-16611
13.83,-17916
13.84,-20916
13.85,-22900
13.86,-22625
13.87,-20786
13.88,-18130
13.89,-16683
13.9,-17065
13.91,-18593
13.92,-20279
13.93,-21622
13.94,-22007
13.95,-21417
13.96,-20928
13.97,-20356
13.98,-19285
13.99,-18389
14.0,-18442
14.01,-19332
14.02,-20490
14.03,-20097
14.04,-17130
14.05,-15387
14.06,-16973
14.07,-18109
14.08,-16907
14.09,-15329
14.1,-14748
14.11,-14573
14.12,-13580
14.13,-12573
14.14,-12861
14.15,-13422
14.16,-13651
14.17,-13864
14.18,-13350
14.19,-11965
14.2,-10649
14.21,-9554
14.22,-9264
14.23,-10982
14.24,-12455
14.25,-12055
14.26,-11473
14.27,-11250
14.28,-10900
14.29,-10569
14.3,-11394
14.31,-11421
14.32,-9689
14.33,-7966
14.34,-7705
14.35,-10922
14.36,-12159
14.37,-9686
14.38,-8741
14.39,-8355
14.4,-8470
14.41,-8599
14.42,-7153
14.43,-7228
14.44,-7612
14.45,-7269
14.46,-9389
14.47,-10173
14.48,-8629
14.49,-6810
14.5,-5741
14.51,-7135
14.52,-7531
14.53,-7183
14.54,-8088
14.55,-9210
14.56,-9975
14.57,-10659
14.58,-9982
14.59,-7333
14.6,-5935
14.61,-5568
14.62,-5770
14.63,-7429
14.64,-7569
14.65,-5447
14.66,-4350
14.67,-4687
14.68,-6041
14.69,-8022
14.7,-8499
14.71,-7047
14.72,-5239
14.73,-4409
14.74,-4138
14.75,-4843
14.76,-5012
14.77,-2825
14.78,-1150
14.79,-1856
14.8,-3553
14.81,-3427
14.82,-945
14.83,1503
14.84,864
14.85,-1773
14.86,-2285
14.87,-1572
14.88,-848
14.89,135
14.9,501
14.91,743
14.92,1613
14.93,2901
14.94,3850
14.95,5194
14.96,7331
14.97,7830
14.98,7190
14.99,7585
15.0,7792
15.01,7732
15.02,8739
15.03,10286
15.04,11623
15.05,13081
15.06,14349
15.07,14122
15.08,12927
15.09,12359
15.1,12727
15.11,14153
15.12,16608
15.13,18324
15.14,18479
15.15,18509
15.16,19297
15.17,19865
15.18,19114
15.19,18932
15.2,20569
15.21,22137
15.22,22796
15.23,23213
15.24,23726
15.25,23931
15.26,23551
15.27,23483
15.28,24451
15.29,25189
15.3,25374
15.31,26849
15.32,28674
15.33,28491
15.34,27561
15.35,27887
15.36,27866
15.37,26284
15.38,25747
15.39,27152
15.4,27914
15.41,28395
15.42,29646
15.43,29877
15.44,28650
15.45,26530
15.46,25443
15.47,26216
15.48,27240
15.49,27978
15.5,27806
15.51,27132
15.52,26162
15.53,25598
15.54,26956
15.55,27510
15.56,27611
15.57,26373
15.58,24489
15.59,24280
15.6,22785
15.61,24325
15.62,24040
15.63,21514
15.64,21152
15.65,20224
15.66,21284
15.67,21091
15.68,20675
15.69,19469
15.7,18470
15.71,19193
15.72,19858
15.73,21517
15.74,21418
15.75,20120
15.76,18476
15.77,17372
15.78,16838
15.79,16892
15.8,17142
15.81,15658
15.82,14702
15.83,15486
15.84,16917
15.85,17765
15.86,15591
15.87,13632
15.88,14068
15.89,14533
15.9,14700
15.91,14334
15.92,13853
15.93,12607
15.94,12247
15.95,13614
15.96,13849
15.97,13139
15.98,13100
15.99,11794
16.0,10908
16.01,14307
16.02,16289
16.03,15309
16.04,15407
16.05,14559
16.06,12537
16.07,12453
16.08,12508
16.09,10716
16.1,11014
16.11,12265
16.12,11850
16.13,12330
16.14,11896
16.15,10237
16.16,10632
16.17,11495
16.18,11600
16.19,11558
16.2,11749
16.21,10506
16.22,7374
16.23,8094
16.24,9879
16.25,9298
16.26,9471
16.27,7415
16.28,5079
16.29,4638
16.3,5288
16.31,6389
16.32,5543
16.33,5145
16.34,4582
16.35,3740
16.36,3850
16.37,4056
16.38,3544
16.39,2140
16.4,1823
16.41,1511
16.42,1352
16.43,1012
16.44,41
16.45,-1139
16.46,-2650
16.47,-2667
16.48,-2196
16.49,-2238
16.5,-3119
16.51,-4535
16.52,-5227
16.53,-5943
16.54,-7110
16.55,-7066
16.56,-6591
16.57,-6998
16.58,-6919
16.59,-6926
16.6,-8316
16.61,-9816
16.62,-10526
16.63,-10960
16.64,-9730
16.65,-8324
16.66,-8621
16.67,-9668
16.68,-11230
16.69,-12154
16.7,-10929
16.71,-9111
16.72,-9303
16.73,-9933
16.74,-10123
16.75,-10010
16.76,-9825
16.77,-10168
16.78,-10631
16.79,-11405
16.8,-11631
16.81,-10543
16.82,-9202
16.83,-9443
16.84,-10429
16.85,-11576
16.86,-12561
16.87,-12329
16.88,-12522
16.89,-11988
16.9,-10154
16.91,-9683
16.92,-10535
16.93,-11338
16.94,-11972
16.95,-11468
16.96,-9683
16.97,-8710
16.98,-9060
16.99,-11234
17.0,-13546
17.01,-13918
17.02,-12783
17.03,-11200
17.04,-10562
17.05,-10573
17.06,-11412
17.07,-12091
17.08,-11856
17.09,-11959
17.1,-12527
17.11,-13513
17.12,-13626
17.13,-12651
17.14,-12254
17.15,-11538
17.16,-10415
17.17,-10640
17.18,-11455
17.19,-12611
17.2,-13847
17.21,-13847
17.22,-13471
17.23,-12605
17.24,-11678
17.25,-11728
17.26,-12139
17.27,-12717
17.28,-12240
17.29,-11115
17.3,-10992
17.31,-11836
17.32,-13253
17.33,-14671
17.34,-15716
17.35,-16016
17.36,-16048
17.37,-15419
17.38,-14123
17.39,-14222
17.4,-15405
17.41,-17131
17.42,-19187
17.43,-19390
17.44,-17464
17.45,-15738
17.46,-14987
17.47,-14721
17.48,-16263
17.49,-18426
17.5,-17429
17.51,-15432
17.52,-15492
17.53,-16213
17.54,-18015
17.55,-19931
17.56,-19700
17.57,-17128
17.58,-13902
17.59,-13304
17.6,-14159
17.61,-14760
17.62,-15001
17.63,-14741
17.64,-14754
17.65,-14796
17.66,-13989
17.67,-12591
17.68,-12863
17.69,-14295
17.7,-15499
17.71,-15209
17.72,-12067
17.73,-9513
17.74,-9969
17.75,-11092
17.76,-11696
17.77,-11911
17.78,-10781
17.79,-10077
17.8,-10513
17.81,-10474
17.82,-10023
17.83,-9233
17.84,-8712
17.85,-8479
17.86,-7902
17.87,-7241
17.88,-7879
17.89,-8868
17.9,-9018
17.91,-8645
17.92,-7164
17.93,-5130
17.94,-3335
17.95,-3687
17.96,-6172
17.97,-8792
17.98,-9587
17.99,-7894
18.0,-5047
18.01,-2245
18.02,-1719
18.03,-3197
18.04,-5552
18.05,-6732
18.06,-4274
18.07,-47
18.08,2259
18.09,1390
18.1,-412
18.11,-2121
18.12,-2790
18.13,-2898
18.14,-3172
18.15,-1459
18.16,1245
18.17,2423
18.18,1065
18.19,-910
18.2,-643
18.21,1416
18.22,2523
18.23,2033
18.24,263
18.25,-2878
18.26,-4128
18.27,-3410
18.28,-2350
18.29,-160
18.3,1157
18.31,-364
18.32,-2787
18.33,-3599
18.34,-2773
18.35,-630
18.36,621
18.37,399
18.38,-82
18.39,-1132
18.4,-2255
18.41,-3198
18.42,-1819
18.43,440
18.44,841
18.45,577
18.46,-764
18.47,-2747
18.48,-3447
18.49,-1587
18.5,1678
18.51,3969
18.52,3888
18.53,1308
18.54,-2048
18.55,-4011
18.56,-3647
18.57,-1308
18.58,1351
18.59,1388
18.6,-856
18.61,-2695
18.62,-2378
18.63,-380
18.64,1338
18.65,1545
18.66,1058
18.67,790
18.68,-469
18.69,-1237
18.7,-934
18.71,595
18.72,2514
18.73,3110
18.74,3325
18.75,2054
18.76,549
18.77,839
18.78,2839
18.79,4002
18.8,3001
18.81,2934
18.82,4314
18.83,5449
18.84,5807
18.85,6313
18.86,6469
18.87,6060
18.88,5527
18.89,4438
18.9,2994
18.91,2543
18.92,3962
18.93,5018
18.94,5654
18.95,6236
18.96,4855
18.97,3203
18.98,4261
18.99,5833
19.0,6145
19.01,6472
19.02,5809
19.03,5361
19.04,5360
19.05,4667
19.06,4874
19.07,5694
19.08,5436
19.09,3568
19.1,2717
19.11,2800
19.12,2343
19.13,3578
19.14,5402
19.15,4981
19.16,3586
19.17,3649
19.18,3369
19.19,2567
19.2,3715
19.21,4985
19.22,4821
19.23,4895
19.24,4767
19.25,2826
19.26,1183
19.27,1257
19.28,3812
19.29,6913
19.3,7358
19.31,7002
19.32,6687
19.33,5750
19.34,4624
19.35,5751
19.36,7538
19.37,7170
19.38,7641
19.39,8562
19.4,7980
19.41,7423
19.42,8255
19.43,8721
19.44,8585
19.45,9888
19.46,11143
19.47,10762
19.48,9084
19.49,7909
19.5,8758
19.51,11031
19.52,13010
19.53,13510
19.54,12483
19.55,10417
19.56,8653
19.57,8765
19.58,9911
19.59,9753
19.6,10331
19.61,11159
19.62,9826
19.63,8609
19.64,8443
19.65,8066
19.66,7074
19.67,6820
19.68,5985
19.69,4710
19.7,4374
19.71,4434
19.72,5090
19.73,4947
19.74,5101
19.75,4686
19.76,3171
19.77,3008
19.78,3300
19.79,3929
19.8,4910
19.81,6133
19.82,6031
19.83,3536
19.84,1282
19.85,1141
19.86,2250
19.87,3136
19.88,4017
19.89,4091
19.9,2926
19.91,1915
19.92,1968
19.93,2703
19.94,3528
19.95,4128
19.96,4318
19.97,4051
19.98,3685
19.99,4318
20.0,4602
20.01,3975
20.02,3871
20.03,4538
20.04,3880
20.05,1691
20.06,1730
20.07,3813
20.08,5347
20.09,5492
20.1,4786
20.11,3907
20.12,3754
20.13,3322
20.14,2605
20.15,3501
20.16,3701
20.17,4161
20.18,5429
20.19,3807
20.2,483
20.21,-370
20.22,1818
20.23,4171
20.24,5341
20.25,5296
20.26,4074
20.27,2762
20.28,2537
20.29,2823
20.3,3002
20.31,2833
20.32,2401
20.33,2631
20.34,2910
20.35,3087
20.36,3895
20.37,5201
20.38,5146
20.39,4071
20.4,4235
20.41,4398
20.42,5125
20.43,7184
20.44,8006
20.45,6591
20.46,5544
20.47,6233
20.48,7685
20.49,10086
20.5,11576
20.51,11288
20.52,10806
20.53,11084
20.54,12589
20.55,13570
20.56,12621
20.57,12228
20.58,13936
20.59,15245
20.6,15414
20.61,14700
20.62,13062
20.63,12007
20.64,12827
20.65,15226
20.66,17137
20.67,16676
20.68,14470
20.69,14034
20.7,15085
20.71,15288
20.72,15918
20.73,17250
20.74,17458
20.75,16229
20.76,15396
20.77,14994
20.78,14713
20.79,14300
20.8,13592
20.81,13489
20.82,14234
20.83,15087
20.84,13875
20.85,11704
20.86,11438
20.87,12413
20.88,12988
20.89,12868
20.9,11883
20.91,10417
20.92,9360
20.93,8948
20.94,9119
20.95,8533
20.96,6365
20.97,5349
20.98,5771
20.99,4994
21.0,4555
21.01,4833
21.02,4369
21.03,2718
21.04,1084
21.05,1286
21.06,1342
21.07,791
21.08,763
21.09,-288
21.1,-3362
21.11,-5238
21.12,-4008
21.13,-3530
21.14,-4173
21.15,-3951
21.16,-4775
21.17,-6465
21.18,-7100
21.19,-6575
21.2,-6016
21.21,-6078
21.22,-5635
21.23,-5699
21.24,-7115
21.25,-8125
21.26,-8705
21.27,-9511
21.28,-10145
21.29,-10346
21.3,-9608
21.31,-7724
21.32,-6507
21.33,-6809
21.34,-8059
21.35,-9401
21.36,-8895
21.37,-7254
21.38,-5720
21.39,-5136
21.4,-6328
21.41,-7140
21.42,-7288
21.43,-7448
21.44,-7281
21.45,-7290
21.46,-7070
21.47,-6353
21.48,-5881
21.49,-6182
21.5,-7047
21.51,-7893
21.52,-7026
21.53,-4716
21.54,-4368
21.55,-6126
21.56,-7329
21.57,-7601
21.58,-7458
21.59,-6416
21.6,-4936
21.61,-5541
21.62,-7601
21.63,-6701
21.64,-5005
21.65,-5125
21.66,-4104
21.67,-3037
21.68,-3873
21.69,-5109
21.7,-5069
21.71,-4332
21.72,-4287
21.73,-4946
21.74,-5011
21.75,-3590
21.76,-2561
21.77,-3166
21.78,-4960
21.79,-5541
21.8,-3745
21.81,-1918
21.82,-490
21.83,-258
21.84,-1383
21.85,-2346
21.86,-2923
21.87,-2890
21.88,-3179
21.89,-4247
21.9,-4562
21.91,-4296
21.92,-4246
21.93,-2717
21.94,-1382
21.95,-2553
21.96,-3789
21.97,-3359
21.98,-1713
21.99,-1103
22.0,-2303
22.01,-4361
22.02,-5361
22.03,-4073
22.04,-3245
22.05,-3649
22.06,-4762
22.07,-6456
22.08,-6308
22.09,-4295
22.1,-3312
22.11,-3262
22.12,-3664
22.13,-4663
22.14,-5033
22.15,-5549
22.16,-5645
22.17,-4879
22.18,-5193
22.19,-5460
22.2,-5143
22.21,-5936
22.22,-6938
22.23,-7645
22.24,-8047
22.25,-7651
22.26,-6645
22.27,-5427
22.28,-5960
22.29,-6825
22.3,-6421
22.31,-6474
22.32,-7424
22.33,-8024
22.34,-7500
22.35,-8523
22.36,-10189
22.37,-9887
22.38,-8958
22.39,-7984
22.4,-7459
22.41,-7723
22.42,-8266
22.43,-8292
22.44,-8341
22.45,-8162
22.46,-7784
22.47,-8324
22.48,-8560
22.49,-9035
22.5,-10310
22.51,-11281
22.52,-10630
22.53,-9145
22.54,-8110
22.55,-8019
22.56,-9808
22.57,-11103
22.58,-10182
22.59,-7557
22.6,-6036
22.61,-6588
22.62,-7421
22.63,-8309
22.64,-8462
22.65,-7956
22.66,-6902
22.67,-7247
22.68,-8186
22.69,-6683
22.7,-5774
22.71,-6688
22.72,-7327
22.73,-7310
22.74,-6754
22.75,-5819
22.76,-4943
22.77,-3890
22.78,-3649
22.79,-4839
22.8,-5242
22.81,-4623
22.82,-4659
22.83,-4979
22.84,-4415
22.85,-4010
22.86,-4214
22.87,-3941
22.88,-2748
22.89,-2596
22.9,-3406
22.91,-2494
22.92,-2039
22.93,-2843
22.94,-2920
22.95,-1863
22.96,-2247
22.97,-3904
22.98,-3423
22.99,-3446
23.0,-3536
23.01,-2167
23.02,-1774
23.03,-2766
23.04,-3224
23.05,-2238
23.06,-2442
23.07,-2889
23.08,-2746
23.09,-2643
23.1,-1740
23.11,-1333
23.12,-1992
23.13,-2955
23.14,-3383
23.15,-3638
23.16,-3307
23.17,-2383
23.18,-2298
23.19,-2785
23.2,-2435
23.21,-1567
23.22,-1560
23.23,-1739
23.24,-2209
23.25,-2647
23.26,-3143
23.27,-3583
23.28,-2404
23.29,-2372
23.3,-4693
23.31,-5471
23.32,-3649
23.33,-3052
23.34,-4158
23.35,-3394
23.36,-2449
23.37,-3626
23.38,-4152
23.39,-3464
23.4,-2800
23.41,-2077
23.42,-1597
23.43,-1499
23.44,-2382
23.45,-4116
23.46,-5758
23.47,-5636
23.48,-3121
23.49,-1370
23.5,-1917
23.51,-3508
23.52,-4397
23.53,-2981
23.54,-447
23.55,440
23.56,377
23.57,1094
23.58,642
23.59,-1072
23.6,-1619
23.61,-570
23.62,551
23.63,597
23.64,441
23.65,593
23.66,1039
23.67,1038
23.68,2148
23.69,4173
23.7,3591
23.71,3506
23.72,4398
23.73,3468
23.74,3430
23.75,4553
23.76,4526
23.77,4530
23.78,5031
23.79,4768
23.8,4162
23.81,3568
23.82,3839
23.83,5256
23.84,6841
23.85,7493
23.86,6947
23.87,6237
23.88,5414
23.89,5348
23.9,6511
23.91,6975
23.92,6308
23.93,5925
23.94,6024
23.95,5595
23.96,5152
23.97,5626
23.98,6235
23.99,6953
24.0,8054
24.01,8185
24.02,7239
24.03,7025
24.04,7922
24.05,7878
24.06,6579
24.07,5372
24.08,4586
24.09,5453
24.1,6798
24.11,7292
24.12,6538
24.13,4737
24.14,4727
24.15,5341
24.16,5516
24.17,6239
24.18,6724
24.19,5835
24.2,3467
24.21,2262
24.22,3600
24.23,5691
24.24,6596
24.25,5471
24.26,3573
24.27,2831
24.28,3616
24.29,5458
24.3,6973
24.31,6692
24.32,5670
24.33,6142
24.34,6827
24.35,5938
24.36,5522
24.37,5635
24.38,5152
24.39,5777
24.4,7014
24.41,7264
24.42,7359
24.43,7800
24.44,7627
24.45,7328
24.46,7123
24.47,7332
24.48,8688
24.49,8974
24.5,9159
24.51,9484
24.52,8620
24.53,8393
24.54,9381
24.55,10082
24.56,9276
24.57,8983
24.58,8617
24.59,7752
24.6,8450
24.61,9490
24.62,9719
24.63,10294
24.64,11342
24.65,10999
24.66,9840
24.67,9163
24.68,9063
24.69,8995
24.7,9085
24.71,9429
24.72,9570
24.73,10624
24.74,11650
24.75,11579
24.76,10528
24.77,9386
24.78,9349
24.79,9650
24.8,10145
24.81,10481
24.82,10701
24.83,10531
24.84,9351
24.85,9505
24.86,10196
24.87,9752
24.88,10224
24.89,10610
24.9,9606
24.91,8970
24.92,10201
24.93,11795
24.94,12114
24.95,12804
24.96,13778
24.97,14189
24.98,13735
24.99,12566
25.0,12264
25.01,13052
25.02,13001
25.03,12031
25.04,13361
25.05,15486
25.06,15426
25.07,14142
25.08,13748
25.09,13870
25.1,13002
25.11,13071
25.12,13384
25.13,12482
25.14,11308
25.15,10634
25.16,10859
25.17,11759
25.18,12851
25.19,12609
25.2,10894
25.21,9100
25.22,8442
25.23,8682
25.24,9082
25.25,10210
25.26,11023
25.27,10545
25.28,10603
25.29,11095
25.3,10636
25.31,9911
25.32,8583
25.33,6629
25.34,5766
25.35,6481
25.36,7583
25.37,7906
25.38,7150
25.39,6852
25.4,7267
25.41,6052
25.42,4713
25.43,4468
25.44,4064
25.45,3724
25.46,3325
25.47,2755
25.48,1863
25.49,801
25.5,104
25.51,783
25.52,988
25.53,-377
25.54,-369
25.55,-5
25.56,198
25.57,820
25.58,841
25.59,537
25.6,-400
25.61,-1106
25.62,-1647
25.63,-2598
25.64,-2614
25.65,-2240
25.66,-2555
25.67,-4256
25.68,-6657
25.69,-7066
25.7,-5995
25.71,-5081
25.72,-3512
25.73,-2292
25.74,-3160
25.75,-4722
25.76,-5134
25.77,-5581
25.78,-5875
25.79,-5004
25.8,-5401
25.81,-6483
25.82,-6981
25.83,-6741
25.84,-6147
25.85,-6832
25.86,-6982
25.87,-6476
25.88,-6679
25.89,-6722
25.9,-6387
25.91,-5940
25.92,-5779
25.93,-6153
25.94,-6496
25.95,-7122
25.96,-7257
25.97,-6515
25.98,-6596
25.99,-6873
26.0,-7472
26.01,-8563
26.02,-8524
26.03,-7955
26.04,-7883
26.05,-7455
26.06,-7468
26.07,-8695
26.08,-9604
26.09,-10370
26.1,-11171
26.11,-10878
26.12,-10013
26.13,-9714
26.14,-9430
26.15,-9761
26.16,-10743
26.17,-11268
26.18,-11222
26.19,-9589
26.2,-8753
26.21,-9804
26.22,-10737
26.23,-12135
26.24,-12910
26.25,-12630
26.26,-12411
26.27,-11744
26.28,-10536
26.29,-9777
26.3,-9934
26.31,-10647
26.32,-11706
26.33,-12397
26.34,-11553
26.35,-9290
26.36,-8077
26.37,-8582
26.38,-9504
26.39,-10282
26.4,-9892
26.41,-8516
26.42,-7452
26.43,-8514
26.44,-10851
26.45,-11166
26.46,-10299
26.47,-9239
26.48,-8701
26.49,-9631
26.5,-9436
26.51,-8048
26.52,-7077
26.53,-6873
26.54,-8016
26.55,-9645
26.56,-10363
26.57,-9992
26.58,-9291
26.59,-8827
26.6,-8638
26.61,-8454
26.62,-8207
26.63,-8090
26.64,-7662
26.65,-7090
26.66,-7283
26.67,-7541
26.68,-7723
26.69,-8292
26.7,-8284
26.71,-7061
26.72,-6111
26.73,-6604
26.74,-7271
26.75,-7740
26.76,-7807
26.77,-7369
26.78,-7358
26.79,-7672
26.8,-7721
26.81,-7862
26.82,-8012
26.83,-7400
26.84,-6175
26.85,-5695
26.86,-7032
26.87,-7703
26.88,-6815
26.89,-6431
26.9,-7155
26.91,-8605
26.92,-8996
26.93,-7956
26.94,-6386
26.95,-4975
26.96,-4545
26.97,-4390
26.98,-4121
26.99,-4559
27.0,-6135
27.01,-7453
27.02,-7412
27.03,-6605
27.04,-5317
27.05,-4812
27.06,-5563
27.07,-6480
27.08,-7074
27.09,-7113
27.1,-6253
27.11,-5307
27.12,-6077
27.13,-7111
27.14,-5942
27.15,-4764
27.16,-5180
27.17,-5601
27.18,-6474
27.19,-7583
27.2,-7983
27.21,-7450
27.22,-6463
27.23,-7031
27.24,-8502
27.25,-9173
27.26,-8482
27.27,-6860
27.28,-5509
27.29,-4976
27.3,-5387
27.31,-6284
27.32,-6295
27.33,-5376
27.34,-5152
27.35,-5999
27.36,-7774
27.37,-9157
27.38,-8424
27.39,-6020
27.4,-4644
27.41,-4684
27.42,-4521
27.43,-5559
27.44,-6016
27.45,-4408
27.46,-3831
27.47,-4615
27.48,-4857
27.49,-4403
27.5,-4214
27.51,-3431
27.52,-2958
27.53,-4329
27.54,-5331
27.55,-5312
27.56,-5128
27.57,-4276
27.58,-2809
27.59,-1719
27.6,-1901
27.61,-2067
27.62,-900
27.63,-392
27.64,-1126
27.65,-1319
27.66,-928
27.67,-479
27.68,-252
27.69,-492
27.7,-1244
27.71,-1261
27.72,-23
27.73,606
27.74,835
27.75,2249
27.76,3653
27.77,2833
27.78,1937
27.79,3169
27.8,4259
27.81,3718
27.82,3260
27.83,2897
27.84,2095
27.85,2492
27.86,2401
27.87,1339
27.88,1436
27.89,2958
27.9,3841
27.91,3773
27.92,3873
27.93,2637
27.94,1675
27.95,2237
27.96,3215
27.97,3309
27.98,2564
27.99,2475
28.0,2656
28.01,2538
28.02,2286
28.03,2514
28.04,2369
28.05,2545
28.06,3090
28.07,2516
28.08,1937
28.09,2241
28.1,2745
28.11,2046
28.12,823
28.13,240
28.14,889
28.15,1574
28.16,822
28.17,161
28.18,-103
28.19,-356
28.2,-1115
28.21,-1585
28.22,-1205
28.23,-1072
28.24,-622
28.25,-2
28.26,334
28.27,122
28.28,-249
28.29,-684
28.3,-855
28.31,48
28.32,521
28.33,424
28.34,572
28.35,814
28.36,882
28.37,801
28.38,929
28.39,1928
28.4,3216
28.41,3216
28.42,2368
28.43,2289
28.44,3122
28.45,3702
28.46,4200
28.47,4339
28.48,4455
28.49,4012
28.5,3546
28.51,5166
28.52,6453
28.53,6833
28.54,7046
28.55,7652
28.56,8977
28.57,9045
28.58,8443
28.59,8640
28.6,9265
28.61,9911
28.62,10616
28.63,10684
28.64,10582
28.65,11405
28.66,12010
28.67,12402
28.68,13712
28.69,14762
28.7,14818
28.71,14909
28.72,14662
28.73,14303
28.74,15117
28.75,16260
28.76,16780
28.77,16579
28.78,15863
28.79,15433
28.8,15435
28.81,15672
28.82,17252
28.83,19186
28.84,19627
28.85,20123
28.86,20142
28.87,19395
28.88,19606
28.89,19764
28.9,19609
28.91,19844
28.92,20387
28.93,20997
28.94,20717
28.95,19850
28.96,19472
28.97,19173
28.98,19373
28.99,19867
29.0,19917
29.01,21007
29.02,22737
29.03,22767
29.04,21349
29.05,20753
29.06,20431
29.07,19621
29.08,19688
29.09,20032
29.1,20276
29.11,20026
29.12,19536
29.13,19835
29.14,19359
29.15,18435
29.16,17821
29.17,17174
29.18,17413
29.19,18314
29.2,18608
29.21,17573
29.22,16133
29.23,15084
29.24,14731
29.25,14768
29.26,14409
29.27,14322
29.28,14165
29.29,13511
29.3,12764
29.31,11955
29.32,11501
29.33,10823
29.34,9472
29.35,8341
29.36,8221
29.37,7865
29.38,5832
29.39,3834
29.4,3073
29.41,3219
29.42,3480
29.43,3626
29.44,4355
29.45,3377
29.46,524
29.47,-1016
29.48,-1544
29.49,-1793
29.5,-1215
29.51,-513
29.52,-1815
29.53,-4140
29.54,-5174
29.55,-6333
29.56,-6838
29.57,-7246
29.58,-8221
29.59,-7989
29.6,-8083
29.61,-8338
29.62,-8898
29.63,-9468
29.64,-9441
29.65,-10036
29.66,-10646
29.67,-11489
29.68,-11563
29.69,-11168
29.7,-11982
29.71,-12922
29.72,-13265
29.73,-12320
29.74,-10746
29.75,-10240
29.76,-10288
29.77,-11162
29.78,-12505
29.79,-12677
29.8,-12621
29.81,-12353
29.82,-12202
29.83,-12708
29.84,-12540
29.85,-12673
29.86,-13342
29.87,-13102
29.88,-12141
29.89,-11459
29.9,-11734
29.91,-12284
29.92,-11364
29.93,-9861
29.94,-10135
29.95,-10514
29.96,-9620
29.97,-8466
29.98,-7039
29.99,-6583
30.0,-8507
30.01,-10890
30.02,-10916
30.03,-9714
30.04,-8758
30.05,-7257
30.06,-6492
30.07,-6858
30.08,-6842
30.09,-6611
30.1,-6183
30.11,-5255
30.12,-3839
30.13,-2412
30.14,-2001
30.15,-2343
30.16,-3797
30.17,-5610
30.18,-5402
30.19,-3987
30.2,-2480
30.21,-171
30.22,2219
30.23,2007
30.24,230
30.25,20
30.26,606
30.27,2039
30.28,3278
30.29,2451
30.3,1457
30.31,993
30.32,402
30.33,543
30.34,1304
30.35,1234
30.36,773
30.37,280
30.38,-411
30.39,-232
30.4,1184
30.41,1969
30.42,2132
30.43,2609
30.44,2002
30.45,1523
30.46,1243
30.47,391
30.48,-701
30.49,-1658
30.5,-1372
30.51,-1240
30.52,-1322
30.53,-1921
30.54,-3415
30.55,-3892
30.56,-3023
30.57,-1654
30.58,-271
30.59,608
30.6,-875
30.61,-3380
30.62,-4952
30.63,-5827
30.64,-5677
30.65,-4974
30.66,-4350
30.67,-5026
30.68,-6924
30.69,-8361
30.7,-7757
30.71,-6304
30.72,-5126
30.73,-3989
30.74,-4026
30.75,-4825
30.76,-5520
30.77,-5478
30.78,-6085
30.79,-7279
30.8,-7592
30.81,-7305
30.82,-6609
30.83,-6778
30.84,-7556
30.85,-8448
30.86,-8907
30.87,-8820
30.88,-9220
30.89,-9683
30.9,-8853
30.91,-7073
30.92,-6559
30.93,-6897
30.94,-7761
30.95,-9331
30.96,-10669
30.97,-10909
30.98,-10417
30.99,-10542
31.0,-11072
31.01,-11762
31.02,-11547
31.03,-10685
31.04,-9544
31.05,-7940
31.06,-7813
31.07,-9417
31.08,-11122
31.09,-11052
31.1,-9398
31.11,-8594
31.12,-9327
31.13,-9104
31.14,-8643
31.15,-9388
31.16,-9189
31.17,-9257
31.18,-10308
31.19,-10866
31.2,-10482
31.21,-9317
31.22,-8473
31.23,-8986
31.24,-10369
31.25,-11045
31.26,-11298
31.27,-10211
31.28,-7841
31.29,-6967
31.3,-7200
31.31,-7498
31.32,-7959
31.33,-7680
31.34,-5875
31.35,-4639
31.36,-5406
31.37,-6156
31.38,-6147
31.39,-5568
31.4,-4662
31.41,-4443
31.42,-4313
31.43,-4033
31.44,-3779
31.45,-2979
31.46,-3367
31.47,-3641
31.48,-1863
31.49,-286
31.5,421
31.51,-58
31.52,-474
31.53,339
31.54,695
31.55,195
31.56,40
31.57,466
31.58,700
31.59,1211
31.6,584
31.61,-949
31.62,-143
31.63,1623
31.64,1970
31.65,1718
31.66,1466
31.67,1031
31.68,1336
31.69,1814
31.7,1641
31.71,745
31.72,-159
31.73,417
31.74,893
31.75,1217
31.76,2041
31.77,2200
31.78,1656
31.79,842
31.8,440
31.81,1544
31.82,3632
31.83,4655
31.84,4602
31.85,3391
31.86,2793
31.87,3631
31.88,3903
31.89,3871
31.9,3124
31.91,2282
31.92,2071
31.93,2790
31.94,3482
31.95,2568
31.96,1682
31.97,1375
31.98,1704
31.99,2717
32.0,3563
32.01,3150
32.02,1908
32.03,1212
32.04,1642
32.05,3022
32.06,3765
32.07,3522
32.08,2553
32.09,2172
32.1,2524
32.11,2384
32.12,2115
32.13,1731
32.14,1673
32.15,1534
32.16,1203
32.17,1320
32.18,1481
32.19,747
32.2,-649
32.21,-1260
32.22,-1168
32.23,-293
32.24,243
32.25,-792
32.26,-1624
32.27,-510
32.28,1605
32.29,2077
32.3,1189
32.31,15
32.32,-1118
32.33,-1139
32.34,-334
32.35,65
32.36,-1014
32.37,-2907
32.38,-4068
32.39,-3971
32.4,-2787
32.41,-1183
32.42,-165
32.43,-188
32.44,-986
32.45,-1651
32.46,-474
32.47,1237
32.48,1100
32.49,488
32.5,771
32.51,1034
32.52,1068
32.53,1357
32.54,983
32.55,-149
32.56,-942
32.57,-850
32.58,-106
32.59,718
32.6,1202
32.61,1709
32.62,2307
32.63,2729
32.64,4282
32.65,5491
32.66,5179
32.67,4944
32.68,4586
32.69,4052
32.7,4449
32.71,6421
32.72,7542
32.73,7308
32.74,7389
32.75,7840
32.76,9447
32.77,10516
32.78,10895
32.79,11718
32.8,11330
32.81,9923
32.82,9555
32.83,10921
32.84,11814
32.85,11523
32.86,11221
32.87,11185
32.88,11494
32.89,11617
32.9,11537
32.91,12245
32.92,12995
32.93,12917
32.94,14114
32.95,16253
32.96,17831
32.97,18391
32.98,17253
32.99,15658
33.0,13753
33.01,12712
33.02,13015
33.03,13098
33.04,13655
33.05,14609
33.06,14869
33.07,14946
33.08,15614
33.09,15287
33.1,14410
33.11,14203
33.12,13860
33.13,14158
33.14,14895
33.15,15623
33.16,16617
33.17,15951
33.18,13662
33.19,12951
33.2,13433
33.21,13437
33.22,13510
33.23,13581
33.24,12603
33.25,11537
33.26,12785
33.27,13668
33.28,12119
33.29,10635
33.3,9948
33.31,10016
33.32,11094
33.33,12560
33.34,12140
33.35,9911
33.36,8231
33.37,7986
33.38,9337
33.39,11071
33.4,10950
33.41,8585
33.42,7289
33.43,7753
33.44,8252
33.45,8725
33.46,8931
33.47,8576
33.48,7205
33.49,5722
33.5,5989
33.51,7492
33.52,7896
33.53,7233
33.54,5653
33.55,4491
33.56,5504
33.57,6236
33.58,5729
33.59,4760
33.6,4399
33.61,3712
33.62,2942
33.63,3255
33.64,2882
33.65,2392
33.66,1985
33.67,2218
33.68,2481
33.69,2280
33.7,2537
33.71,2103
33.72,1015
33.73,276
33.74,177
33.75,165
33.76,836
33.77,323
33.78,-1318
33.79,-1357
33.8,-829
33.81,252
33.82,1140
33.83,445
33.84,-1514
33.85,-2898
33.86,-2063
33.87,342
33.88,1803
33.89,891
33.9,-122
33.91,-1297
33.92,-2556
33.93,-1842
33.94,-854
33.95,-1421
33.96,-2476
33.97,-3884
33.98,-5300
33.99,-4680
34.0,-2491
34.01,-1143
34.02,-2538
34.03,-4533
34.04,-5010
34.05,-4335
34.06,-2245
34.07,-577
34.08,-1339
34.09,-4053
34.1,-5337
34.11,-5531
34.12,-5318
34.13,-4537
34.14,-5964
34.15,-7042
34.16,-6582
34.17,-5665
34.18,-3803
34.19,-1894
34.2,-2448
34.21,-5566
34.22,-7761
34.23,-7516
34.24,-4916
34.25,-3673
34.26,-4783
34.27,-5831
34.28,-6449
34.29,-6116
34.3,-4758
34.31,-3159
34.32,-3438
34.33,-5114
34.34,-6812
34.35,-6592
34.36,-5169
34.37,-5270
34.38,-5307
34.39,-5557
34.4,-6166
34.41,-6416
34.42,-5725
34.43,-4470
34.44,-3948
34.45,-4333
34.46,-6177
34.47,-7223
34.48,-6273
34.49,-4770
34.5,-3241
34.51,-2474
34.52,-3462
34.53,-4695
34.54,-4429
34.55,-3129
34.56,-2086
34.57,-2833
34.58,-4053
34.59,-4088
34.6,-3760
34.61,-3225
34.62,-1904
34.63,-501
34.64,287
34.65,-328
34.66,-1346
34.67,-792
34.68,-927
34.69,-1977
34.7,-2420
34.71,-2165
34.72,-679
34.73,1047
34.74,1799
34.75,791
34.76,-346
34.77,-782
34.78,-1240
34.79,-16
34.8,2098
34.81,2484
34.82,1627
34.83,1066
34.84,1110
34.85,2094
34.86,2820
34.87,1560
34.88,13
34.89,468
34.9,1670
34.91,1654
34.92,1314
34.93,690
34.94,-412
34.95,-621
34.96,9
34.97,487
34.98,445
34.99,612
35.0,1135
35.01,2005
35.02,2738
35.03,2540
35.04,1548
35.05,479
35.06,567
35.07,261
35.08,-1015
35.09,-1507
35.1,-852
35.11,-344
35.12,-669
35.13,-967
35.14,-2050
35.15,-3018
35.16,-2699
35.17,-1435
35.18,-360
35.19,-768
35.2,-1340
35.21,-1514
35.22,-1729
35.23,-2337
35.24,-2853
35.25,-3216
35.26,-3065
35.27,-1978
35.28,-1751
35.29,-1413
35.3,-848
35.31,-2092
35.32,-3949
35.33,-5225
35.34,-5707
35.35,-4984
35.36,-3756
35.37,-3901
35.38,-5494
35.39,-6143
35.4,-5454
35.41,-4713
35.42,-3715
35.43,-3184
35.44,-3964
35.45,-4647
35.46,-5267
35.47,-6059
35.48,-6912
35.49,-7507
35.5,-7462
35.51,-8280
35.52,-9174
35.53,-9024
35.54,-8777
35.55,-8371
35.56,-7574
35.57,-8014
35.58,-9522
35.59,-10467
35.6,-11269
35.61,-10681
35.62,-9396
35.63,-9498
35.64,-9775
35.65,-9579
35.66,-9492
35.67,-9813
35.68,-10083
35.69,-10661
35.7,-11462
35.71,-11494
35.72,-10514
35.73,-9181
35.74,-8544
35.75,-8765
35.76,-9170
35.77,-9568
35.78,-10478
35.79,-11017
35.8,-11416
35.81,-11876
35.82,-11484
35.83,-10016
35.84,-8956
35.85,-9952
35.86,-10805
35.87,-10554
35.88,-9728
35.89,-8666
35.9,-7781
35.91,-8035
35.92,-9321
35.93,-9283
35.94,-9312
35.95,-10521
35.96,-11080
35.97,-10007
35.98,-9415
35.99,-9911
36.0,-9242
36.01,-8482
36.02,-7523
36.03,-6301
36.04,-6642
36.05,-8047
36.06,-8845
36.07,-8321
36.08,-7284
36.09,-6207
36.1,-5767
36.11,-6395
36.12,-7639
36.13,-8811
36.14,-9237
36.15,-8951
36.16,-9043
36.17,-9464
36.18,-9484
36.19,-10070
36.2,-8890
36.21,-5775
36.22,-4621
36.23,-5712
36.24,-7245
36.25,-7574
36.26,-7694
36.27,-7494
36.28,-7370
36.29,-8219
36.3,-8129
36.31,-8122
36.32,-8291
36.33,-8306
36.34,-8641
36.35,-8407
36.36,-7410
36.37,-6125
36.38,-5737
36.39,-5381
36.4,-4304
36.41,-3821
36.42,-4687
36.43,-5715
36.44,-6079
36.45,-6326
36.46,-6340
36.47,-6063
36.48,-6762
36.49,-8601
36.5,-8491
36.51,-7370
36.52,-6642
36.53,-5550
36.54,-5969
36.55,-7032
36.56,-6686
36.57,-5345
36.58,-4919
36.59,-5210
36.6,-5519
36.61,-5607
36.62,-5087
36.63,-4240
36.64,-2904
36.65,-3411
36.66,-4767
36.67,-4540
36.68,-3867
36.69,-3089
36.7,-1964
36.71,-1910
36.72,-3692
36.73,-4659
36.74,-4714
36.75,-4203
36.76,-2630
36.77,-1708
36.78,-1798
36.79,-1800
36.8,-1576
36.81,-1623
36.82,-1371
36.83,-994
36.84,-1000
36.85,-1326
36.86,-151
36.87,1740
36.88,1162
36.89,425
36.9,1573
36.91,2992
36.92,3132
36.93,3686
36.94,4597
36.95,3568
36.96,2589
36.97,2892
36.98,3999
36.99,4739
37.0,6005
37.01,8175
37.02,8206
37.03,6759
37.04,6357
37.05,7370
37.06,8515
37.07,8929
37.08,7446
37.09,5957
37.1,6090
37.11,5707
37.12,5868
37.13,6617
37.14,6729
37.15,6672
37.16,7991
37.17,9519
37.18,9832
37.19,10331
37.2,9718
37.21,8881
37.22,9862
37.23,11499
37.24,11739
37.25,10857
37.26,9905
37.27,9768
37.28,10790
37.29,11345
37.3,11609
37.31,11445
37.32,11652
37.33,12298
37.34,11922
37.35,10793
37.36,10237
37.37,11103
37.38,11847
37.39,11968
37.4,12209
37.41,13436
37.42,13748
37.43,13375
37.44,14285
37.45,13885
37.46,12563
37.47,12557
37.48,13981
37.49,14850
37.5,15031
37.51,15622
37.52,15706
37.53,15346
37.54,14753
37.55,15152
37.56,15352
37.57,14483
37.58,14808
37.59,15893
37.6,16212
37.61,16210
37.62,16772
37.63,16644
37.64,16124
37.65,16093
37.66,15887
37.67,15996
37.68,16485
37.69,17217
37.7,18183
37.71,18589
37.72,18209
37.73,17265
37.74,16424
37.75,17360
37.76,18528
37.77,17978
37.78,17561
37.79,18129
37.8,19278
37.81,19936
37.82,19107
37.83,17594
37.84,16882
37.85,16295
37.86,15409
37.87,15940
37.88,16183
37.89,15663
37.9,16311
37.91,17186
37.92,16914
37.93,16140
37.94,16398
37.95,16820
37.96,16464
37.97,15908
37.98,16309
37.99,17072
38.0,16401
38.01,15518
38.02,14881
38.03,14027
38.04,13735
38.05,14071
38.06,14060
38.07,13907
38.08,13920
38.09,13409
38.1,13674
38.11,14629
38.12,14960
38.13,14279
38.14,13152
38.15,12939
38.16,12957
38.17,12784
38.18,12557
38.19,11143
38.2,8443
38.21,6600
38.22,7127
38.23,9360
38.24,10952
38.25,10875
38.26,9966
38.27,8536
38.28,7522
38.29,7108
38.3,7595
38.31,7769
38.32,6774
38.33,5987
38.34,4926
38.35,4382
38.36,4133
38.37,3769
38.38,2981
38.39,1022
38.4,190
38.41,1066
38.42,1820
38.43,826
38.44,-52
38.45,-270
38.46,-1015
38.47,-506
38.48,-30
38.49,17
38.5,-62
38.51,-1314
38.52,-2817
38.53,-3889
38.54,-4345
38.55,-5072
38.56,-5531
38.57,-5237
38.58,-4242
38.59,-2051
38.6,-1098
38.61,-2842
38.62,-5039
38.63,-5583
38.64,-5140
38.65,-5605
38.66,-6093
38.67,-4750
38.68,-4404
38.69,-5565
38.7,-4784
38.71,-3179
38.72,-2957
38.73,-3923
38.74,-4339
38.75,-3754
38.76,-4004
38.77,-5484
38.78,-6051
38.79,-5084
38.8,-4826
38.81,-5279
38.82,-5368
38.83,-4793
38.84,-4376
38.85,-3794
38.86,-1147
38.87,697
38.88,-64
38.89,-440
38.9,146
38.91,114
38.92,440
38.93,4
38.94,-2194
38.95,-2452
38.96,-1024
38.97,197
38.98,76
38.99,-1196
39.0,-1721
39.01,-1480
39.02,-773
39.03,841
39.04,3142
39.05,2593
39.06,811
39.07,541
39.08,664
39.09,1508
39.1,1654
39.11,1652
39.12,808
39.13,-733
39.14,-262
39.15,1634
39.16,3571
39.17,3433
39.18,2381
39.19,2467
39.2,2976
39.21,3985
39.22,4555
39.23,3702
39.24,2814
39.25,1928
39.26,1338
39.27,1791
39.28,2032
39.29,1838
39.3,885
39.31,-660
39.32,-1038
39.33,-67
39.34,535
39.35,1195
39.36,1464
39.37,260
39.38,-289
39.39,-89
39.4,337
39.41,871
39.42,709
39.43,-1145
39.44,-3091
39.45,-3205
39.46,-3186
39.47,-2978
39.48,-2970
39.49,-3453
39.5,-3849
39.51,-4232
39.52,-4001
39.53,-4213
39.54,-5240
39.55,-6558
39.56,-7857
39.57,-7953
39.58,-6697
39.59,-6119
39.6,-7228
39.61,-8402
39.62,-8973
39.63,-9152
39.64,-8686
39.65,-8481
39.66,-9080
39.67,-8754
39.68,-7859
39.69,-8196
39.7,-8892
39.71,-9636
39.72,-10732
39.73,-12535
39.74,-14361
39.75,-14086
39.76,-12868
39.77,-13334
39.78,-14164
39.79,-14101
39.8,-14705
39.81,-14250
39.82,-12049
39.83,-10683
39.84,-10962
39.85,-11498
39.86,-11261
39.87,-11401
39.88,-11741
39.89,-12353
39.9,-13153
39.91,-13854
39.92,-14221
39.93,-13602
39.94,-12603
39.95,-11843
39.96,-12482
39.97,-13996
39.98,-14985
39.99,-14333
40.0,-12279
40.01,-9648
40.02,-8110
40.03,-8605
40.04,-9398
40.05,-10903
40.06,-11737
40.07,-11098
40.08,-10259
40.09,-10432
40.1,-11865
40.11,-12955
40.12,-13072
40.13,-11865
40.14,-11160
40.15,-10858
40.16,-10748
40.17,-10697
40.18,-9426
40.19,-8654
40.2,-8615
40.21,-8689
40.22,-8911
40.23,-9293
40.24,-8826
40.25,-8559
40.26,-8601
40.27,-7813
40.28,-8540
40.29,-9401
40.3,-9113
40.31,-8929
40.32,-8825
40.33,-8532
40.34,-8408
40.35,-8285
40.36,-7114
40.37,-6096
40.38,-5503
40.39,-5354
40.4,-5604
40.41,-5546
40.42,-5259
40.43,-3604
40.44,-1495
40.45,-795
40.46,-1424
40.47,-2378
40.48,-3199
40.49,-4235
40.5,-4897
40.51,-4522
40.52,-4530
40.53,-5244
40.54,-5175
40.55,-4340
40.56,-3470
40.57,-3082
40.58,-2709
40.59,-3424
40.6,-4120
40.61,-3007
40.62,-2010
40.63,-1435
40.64,-906
40.65,-394
40.66,-1395
40.67,-2006
40.68,-1079
40.69,-1776
40.7,-2275
40.71,-1773
40.72,-398
40.73,956
40.74,335
40.75,-357
40.76,-643
40.77,-1119
40.78,-1300
40.79,-948
40.8,-1248
40.81,-1801
40.82,-1894
40.83,-2198
40.84,-1568
40.85,-791
40.86,-1366
40.87,-2296
40.88,-2125
40.89,-1925
40.9,-2538
40.91,-2651
40.92,-1331
40.93,-128
40.94,-886
40.95,-1590
40.96,-1970
40.97,-2539
40.98,-2261
40.99,-1207
41.0,-536
41.01,-810
41.02,-1348
41.03,-2539
41.04,-3649
41.05,-4108
41.06,-3242
41.07,-1361
41.08,-452
41.09,238
41.1,546
41.11,-537
41.12,-2110
41.13,-2661
41.14,-3344
41.15,-4328
41.16,-2154
41.17,1169
41.18,1896
41.19,1138
41.2,24
41.21,-857
41.22,-1421
41.23,-2465
41.24,-2771
41.25,-1965
41.26,-844
41.27,-407
41.28,-1205
41.29,-1016
41.3,-728
41.31,-1553
41.32,-1428
41.33,-135
41.34,348
41.35,288
41.36,1626
41.37,3110
41.38,3821
41.39,3596
41.4,3256
41.41,3425
41.42,3281
41.43,3929
41.44,4803
41.45,4837
41.46,4938
41.47,5194
41.48,4813
41.49,5542
41.5,7071
41.51,6401
41.52,5476
41.53,6312
41.54,7954
41.55,8803
41.56,8000
41.57,5578
41.58,3060
41.59,3280
41.6,5765
41.61,8072
41.62,8445
41.63,7557
41.64,6516
41.65,5356
41.66,6226
41.67,8053
41.68,9080
41.69,10234
41.7,10508
41.71,10684
41.72,11000
41.73,10375
41.74,9066
41.75,8347
41.76,9041
41.77,9554
41.78,9408
41.79,8571
41.8,7726
41.81,7823
41.82,8492
41.83,8776
41.84,9561
41.85,10807
41.86,10549
41.87,10742
41.88,10922
41.89,9649
41.9,8421
41.91,7574
41.92,6657
41.93,6209
41.94,6526
41.95,5698
41.96,3909
41.97,3470
41.98,4069
41.99,3394
42.0,3058
42.01,4791
42.02,5978
42.03,5201
42.04,3710
42.05,3700
42.06,4668
42.07,5166
42.08,4913
42.09,3492
42.1,2111
42.11,1857
42.12,1998
42.13,2145
42.14,1841
42.15,937
42.16,471
42.17,-8
42.18,340
42.19,1189
42.2,684
42.21,-217
42.22,-1059
42.23,-690
42.24,-239
42.25,-560
42.26,-533
42.27,-968
42.28,-865
42.29,-473
42.3,-614
42.31,-1576
42.32,-2647
42.33,-2732
42.34,-2357
42.35,-933
42.36,158
42.37,347
42.38,592
42.39,367
42.4,167
42.41,363
42.42,252
42.43,360
42.44,1484
42.45,2412
42.46,2794
42.47,2699
42.48,2562
42.49,3642
42.5,4838
42.51,4680
42.52,3576
42.53,2287
42.54,1949
42.55,4025
42.56,5940
42.57,5493
42.58,4845
42.59,4418
42.6,4957
42.61,6760
42.62,7696
42.63,7011
42.64,5473
42.65,4061
42.66,3045
42.67,2961
42.68,4538
42.69,6622
42.7,6756
42.71,5872
42.72,5341
42.73,5258
42.74,5687
42.75,6082
42.76,6506
42.77,6357
42.78,7158
42.79,8349
42.8,7566
42.81,6269
42.82,6032
42.83,5476
42.84,4044
42.85,3738
42.86,4409
42.87,5018
42.88,4584
42.89,4316
42.9,4238
42.91,3816
42.92,4694
42.93,5656
42.94,6714
42.95,7409
42.96,7650
42.97,7486
42.98,6599
42.99,5574
43.0,3521
43.01,2135
43.02,1269
43.03,826
43.04,1791
43.05,2864
43.06,2809
43.07,1794
43.08,2111
43.09,2591
43.1,1798
43.11,1663
43.12,3534
43.13,4887
43.14,3932
43.15,3298
43.16,3240
43.17,2749
43.18,1597
43.19,614
43.2,-202
43.21,-1272
43.22,-601
43.23,1309
43.24,1858
43.25,616
43.26,-1036
43.27,-2776
43.28,-3515
43.29,-2476
43.3,-1466
43.31,-1158
43.32,-239
43.33,905
43.34,-99
43.35,-2871
43.36,-5159
43.37,-5585
43.38,-4561
43.39,-3072
43.4,-1489
43.41,-597
43.42,-1223
43.43,-2766
43.44,-3904
43.45,-4447
43.46,-4576
43.47,-4429
43.48,-3595
43.49,-2395
43.5,-1366
43.51,-907
43.52,-2017
43.53,-3688
43.54,-5256
43.55,-6167
43.56,-5729
43.57,-4676
43.58,-2818
43.59,-1533
43.6,-2596
43.61,-5017
43.62,-6788
43.63,-7465
43.64,-7297
43.65,-6036
43.66,-4464
43.67,-3956
43.68,-5056
43.69,-6660
43.7,-7602
43.71,-6750
43.72,-5348
43.73,-4769
43.74,-4210
43.75,-3646
43.76,-2659
43.77,-2646
43.78,-3936
43.79,-4955
43.8,-5939
43.81,-6690
43.82,-6540
43.83,-5531
43.84,-4256
43.85,-3897
43.86,-4496
43.87,-4136
43.88,-2594
43.89,-1491
43.9,-1549
43.91,-2544
43.92,-3648
43.93,-3543
43.94,-2285
43.95,-1272
43.96,-1840
43.97,-3474
43.98,-4069
43.99,-3929
44.0,-3964
44.01,-4087
44.02,-4497
44.03,-4788
44.04,-3751
44.05,-1834
44.06,419
44.07,2048
44.08,1114
44.09,-333
44.1,-1660
44.11,-3219
44.12,-3779
44.13,-3401
44.14,-1989
44.15,-1479
44.16,-2419
44.17,-3607
44.18,-4355
44.19,-3824
44.2,-2852
44.21,-1783
44.22,-943
44.23,-390
44.24,89
44.25,-216
44.26,-791
44.27,-949
44.28,-1569
44.29,-2454
44.3,-2005
44.31,-1567
44.32,-1605
44.33,-420
44.34,742
44.35,207
44.36,-1611
44.37,-3300
44.38,-3967
44.39,-4263
44.4,-3622
44.41,-1130
44.42,1604
44.43,3101
44.44,2552
44.45,423
44.46,-1455
44.47,-1704
44.48,-597
44.49,306
44.5,632
44.51,1379
44.52,2562
44.53,2074
44.54,141
44.55,-158
44.56,705
44.57,933
44.58,1439
44.59,1990
44.6,1856
44.61,1590
44.62,1487
44.63,801
44.64,-673
44.65,-1322
44.66,-963
44.67,-4
44.68,960
44.69,1042
44.7,440
44.71,-1947
44.72,-4728
44.73,-4945
44.74,-3633
44.75,-2307
44.76,-1090
44.77,154
44.78,1568
44.79,3125
44.8,3273
44.81,1329
44.82,-480
44.83,-917
44.84,-727
44.85,-604
44.86,-29
44.87,349
44.88,211
44.89,203
44.9,-551
44.91,-2268
44.92,-4415
44.93,-5495
44.94,-4869
44.95,-2787
44.96,-12
44.97,1343
44.98,1451
44.99,864
45.0,-1064
45.01,-2801
45.02,-3214
45.03,-2885
45.04,-1209
45.05,433
45.06,970
45.07,105
45.08,-1502
45.09,-2044
45.1,-3168
45.11,-2999
45.12,-730
45.13,1092
45.14,2174
45.15,1847
45.16,892
45.17,113
45.18,17
45.19,214
45.2,638
45.21,2177
45.22,3762
45.23,4214
45.24,3812
45.25,4097
45.26,4511
45.27,3260
45.28,1185
45.29,1058
45.3,3412
45.31,5711
45.32,6566
45.33,6367
45.34,5749
45.35,4583
45.36,2506
45.37,783
45.38,1691
45.39,5195
45.4,8006
45.41,7909
45.42,6402
45.43,5614
45.44,5402
45.45,5402
45.46,5682
45.47,6296
45.48,7379
45.49,7666
45.5,6645
45.51,4889
45.52,3475
45.53,3992
45.54,6054
45.55,7396
45.56,7382
45.57,7838
45.58,9105
45.59,9500
45.6,9459
45.61,10702
45.62,11194
45.63,9775
45.64,7642
45.65,5679
45.66,5243
45.67,5667
45.68,6150
45.69,5398
45.7,3734
45.71,3586
45.72,3840
45.73,3561
45.74,3343
45.75,2813
45.76,3390
45.77,4717
45.78,4924
45.79,4970
45.8,4709
45.81,5262
45.82,5718
45.83,5208
45.84,5204
45.85,3583
45.86,1339
45.87,26
45.88,-741
45.89,-2098
45.9,-2984
45.91,-2063
45.92,-2374
45.93,-2155
45.94,-1303
45.95,-1483
45.96,-1300
45.97,-1730
45.98,-2205
45.99,-3175
46.0,-4581
46.01,-4684
46.02,-4807
46.03,-5323
46.04,-5605
46.05,-6398
46.06,-6892
46.07,-7102
46.08,-7796
46.09,-7432
46.1,-6944
46.11,-7609
46.12,-7677
46.13,-6601
46.14,-6977
46.15,-8364
46.16,-8531
46.17,-8630
46.18,-8275
46.19,-8167
46.2,-9390
46.21,-10488
46.22,-10968
46.23,-10164
46.24,-9275
46.25,-10133
46.26,-10973
46.27,-10081
46.28,-8962
46.29,-8687
46.3,-8292
46.31,-8499
46.32,-9353
46.33,-8901
46.34,-7753
46.35,-8116
46.36,-10096
46.37,-12103
46.38,-12753
46.39,-12417
46.4,-11495
46.41,-10304
46.42,-10383
46.43,-11093
46.44,-11117
46.45,-10230
46.46,-9117
46.47,-7789
46.48,-5980
46.49,-5052
46.5,-6670
46.51,-9940
46.52,-11184
46.53,-10509
46.54,-8567
46.55,-6668
46.56,-6114
46.57,-6167
46.58,-6931
46.59,-6887
46.6,-7482
46.61,-7728
46.62,-6545
46.63,-6962
46.64,-6867
46.65,-6272
46.66,-6337
46.67,-4993
46.68,-3215
46.69,-2089
46.7,-2434
46.71,-3749
46.72,-3369
46.73,-1994
46.74,-1074
46.75,-1159
46.76,-1510
46.77,-566
46.78,142
46.79,-816
46.8,-1490
46.81,-486
46.82,-208
46.83,-1166
46.84,-1701
46.85,-1639
46.86,-1200
46.87,-1694
46.88,-2162
46.89,-1130
46.9,-532
46.91,-1388
46.92,-1093
46.93,1674
46.94,3048
46.95,2455
46.96,2670
46.97,2408
46.98,939
46.99,-82
47.0,2036
47.01,5995
47.02,5935
47.03,3780
47.04,3366
47.05,2550
47.06,1444
47.07,2489
47.08,4258
47.09,2968
47.1,532
47.11,416
47.12,1450
47.13,1285
47.14,1552
47.15,4355
47.16,5085
47.17,2706
47.18,2043
47.19,4384
47.2,5994
47.21,5691
47.22,6428
47.23,6076
47.24,3610
47.25,1553
47.26,662
47.27,1126
47.28,1919
47.29,2270
47.3,2572
47.31,2581
47.32,2259
47.33,2622
47.34,3035
47.35,3408
47.36,3937
47.37,4057
47.38,4571
47.39,4715
47.4,4331
47.41,3340
47.42,1680
47.43,1597
47.44,2615
47.45,3327
47.46,3678
47.47,3867
47.48,3913
47.49,3851
47.5,4256
47.51,4101
47.52,3761
47.53,4416
47.54,4913
47.55,5191
47.56,5445
47.57,4880
47.58,4188
47.59,4593
47.6,4968
47.61,4425
47.62,5081
47.63,6427
47.64,6645
47.65,6701
47.66,7094
47.67,7944
47.68,9317
47.69,10264
47.7,9339
47.71,8028
47.72,7952
47.73,8337
47.74,10088
47.75,11875
47.76,11838
47.77,11116
47.78,11024
47.79,12276
47.8,13083
47.81,12553
47.82,12020
47.83,11231
47.84,10478
47.85,11792
47.86,13386
47.87,11771
47.88,9794
47.89,10522
47.9,11979
47.91,11865
47.92,11471
47.93,12644
47.94,12598
47.95,11257
47.96,12154
47.97,14577
47.98,15846
47.99,15899
48.0,16511
48.01,16208
48.02,13898
48.03,13785
48.04,15926
48.05,15548
48.06,12938
48.07,10992
48.08,10760
48.09,11780
48.1,13123
48.11,14846
48.12,15600
48.13,14940
48.14,15550
48.15,16653
48.16,14686
48.17,11623
48.18,10464
48.19,10726
48.2,11893
48.21,12938
48.22,12929
48.23,10886
48.24,9518
48.25,10689
48.26,11075
48.27,9861
48.28,8147
48.29,7342
48.3,7606
48.31,8980
48.32,11047
48.33,10506
48.34,9076
48.35,8825
48.36,6466
48.37,4664
48.38,5917
48.39,7281
48.4,8303
48.41,7698
48.42,6105
48.43,5546
48.44,5472
48.45,6126
48.46,5143
48.47,2202
48.48,1723
48.49,3136
48.5,3232
48.51,3656
48.52,5355
48.53,4739
48.54,3004
48.55,3320
48.56,2080
48.57,-1441
48.58,-1307
48.59,1345
48.6,831
48.61,-505
48.62,-1623
48.63,-3433
48.64,-3616
48.65,-2881
48.66,-2544
48.67,-2631
48.68,-2145
48.69,-1617
48.7,-2112
48.71,-1137
48.72,578
48.73,24
48.74,-1333
48.75,-2200
48.76,-3020
48.77,-2936
48.78,-1563
48.79,-859
48.8,-2163
48.81,-2729
48.82,-2259
48.83,-3557
48.84,-5089
48.85,-4545
48.86,-3345
48.87,-3511
48.88,-3939
48.89,-3303
48.9,-2924
48.91,-3118
48.92,-2306
48.93,-1528
48.94,-1795
48.95,-2344
48.96,-3583
48.97,-4118
48.98,-4234
48.99,-4411
49.0,-3854
49.01,-4269
49.02,-4410
49.03,-3646
49.04,-3201
49.05,-2502
49.06,-2363
49.07,-2006
49.08,-1946
49.09,-4331
49.1,-5634
49.11,-4544
49.12,-3914
49.13,-4010
49.14,-3495
49.15,-2513
49.16,-3688
49.17,-6222
49.18,-7525
49.19,-7332
49.2,-5259
49.21,-3422
49.22,-3894
49.23,-4944
49.24,-6233
49.25,-7806
49.26,-6936
49.27,-5274
49.28,-5601
49.29,-5774
49.3,-6287
49.31,-7344
49.32,-8506
49.33,-10486
49.34,-10218
49.35,-8942
49.36,-8788
49.37,-8628
49.38,-8466
49.39,-7287
49.4,-7777
49.41,-9249
49.42,-8539
49.43,-8585
49.44,-9038
49.45,-8679
49.46,-9093
49.47,-10368
49.48,-11654
49.49,-11701
49.5,-10135
49.51,-8279
49.52,-7304
49.53,-8504
49.54,-10341
49.55,-9711
49.56,-9411
49.57,-11041
49.58,-12073
49.59,-11836
49.6,-10630
49.61,-9356
49.62,-8004
49.63,-6846
49.64,-8260
49.65,-10471
49.66,-9573
49.67,-7665
49.68,-7613
49.69,-8676
49.7,-9687
49.71,-9890
49.72,-9733
49.73,-9890
49.74,-9869
49.75,-9573
49.76,-10388
49.77,-10968
49.78,-8897
49.79,-7416
49.8,-7790
49.81,-7498
49.82,-7624
49.83,-8514
49.84,-7606
49.85,-5267
49.86,-5805
49.87,-8291
49.88,-9006
49.89,-9588
49.9,-10519
49.91,-9975
49.92,-8648
49.93,-8553
49.94,-8752
49.95,-7569
49.96,-6262
49.97,-6211
49.98,-6794
49.99,-7758
50.0,-7781
50.01,-6242
50.02,-5696
50.03,-5879
50.04,-6550
50.05,-7460
50.06,-7673
50.07,-7902
50.08,-8338
50.09,-8599
50.1,-9241
50.11,-10377
50.12,-9270
50.13,-8278
50.14,-8900
50.15,-8009
50.16,-6862
50.17,-5495
50.18,-3946
50.19,-4114
50.2,-6143
50.21,-7993
50.22,-8127
50.23,-8477
50.24,-8850
50.25,-7819
50.26,-6516
50.27,-6612
50.28,-8200
50.29,-9275
50.3,-8290
50.31,-6544
50.32,-6372
50.33,-6539
50.34,-5513
50.35,-5207
50.36,-6039
50.37,-6848
50.38,-6881
50.39,-6266
50.4,-6941
50.41,-6317
50.42,-4156
50.43,-3888
50.44,-3657
50.45,-3675
50.46,-4065
50.47,-5088
50.48,-5554
50.49,-4616
50.5,-4662
50.51,-3269
50.52,-1418
50.53,-625
50.54,-738
50.55,-2562
50.56,-4738
50.57,-5524
50.58,-3913
50.59,-995
50.6,2206
50.61,3423
50.62,3142
50.63,2584
50.64,2043
50.65,1940
50.66,1288
50.67,1327
50.68,1129
50.69,1745
50.7,3210
50.71,3198
50.72,3416
50.73,4085
50.74,4352
50.75,4637
50.76,4874
50.77,4216
50.78,4664
50.79,5228
50.8,4082
50.81,4117
50.82,4784
50.83,5263
50.84,7103
50.85,9209
50.86,8782
50.87,6131
50.88,4101
50.89,4204
50.9,4803
50.91,6167
50.92,8678
50.93,9010
50.94,8066
50.95,8017
50.96,8523
50.97,8040
50.98,6291
50.99,4854
51.0,4682
51.01,5748
51.02,6223
51.03,6336
51.04,6671
51.05,6878
51.06,7591
51.07,8798
51.08,9287
51.09,8389
51.1,7736
51.11,7462
51.12,7960
51.13,9125
51.14,8346
51.15,6504
51.16,5918
51.17,7273
51.18,9034
51.19,9450
51.2,8363
51.21,5736
51.22,4498
51.23,6108
51.24,8380
51.25,10467
51.26,11360
51.27,10095
51.28,8946
51.29,9694
51.3,9269
51.31,8240
51.32,8849
51.33,8616
51.34,8526
51.35,9387
51.36,8983
51.37,7932
51.38,8128
51.39,9088
51.4,9169
51.41,9266
51.42,9782
51.43,9889
51.44,9821
51.45,9460
51.46,9324
51.47,9400
51.48,9571
51.49,10365
51.5,10801
51.51,11078
51.52,10897
51.53,9660
51.54,9487
51.55,10679
51.56,11546
51.57,12059
51.58,12831
51.59,12620
51.6,11919
51.61,11736
51.62,10870
51.63,10411
51.64,10723
51.65,9741
51.66,8878
51.67,9886
51.68,10879
51.69,11877
51.7,12340
51.71,11738
51.72,10930
51.73,9426
51.74,9500
51.75,10822
51.76,10634
51.77,9533
51.78,8695
51.79,8224
51.8,7705
51.81,7776
51.82,8199
51.83,7800
51.84,7498
51.85,7862
51.86,8105
51.87,8885
51.88,9793
51.89,9826
51.9,9865
51.91,9515
51.92,9071
51.93,8931
51.94,7843
51.95,6688
51.96,6499
51.97,6492
51.98,6820
51.99,7533
52.0,7727
52.01,7158
52.02,6444
52.03,7252
52.04,7515
52.05,5364
52.06,4254
52.07,4142
52.08,3468
52.09,3443
52.1,4167
52.11,3932
52.12,2185
52.13,1774
52.14,2802
52.15,3133
52.16,2822
52.17,2410
52.18,2023
52.19,1029
52.2,994
52.21,2085
52.22,2193
52.23,1869
52.24,1702
52.25,1649
52.26,1937
52.27,2665
52.28,3100
52.29,2101
52.3,555
52.31,-344
52.32,-1043
52.33,-1335
52.34,-767
52.35,338
52.36,1511
52.37,2057
52.38,1437
52.39,-447
52.4,-1617
52.41,-1173
52.42,-990
52.43,-1824
52.44,-2840
52.45,-2086
52.46,-560
52.47,-288
52.48,-1038
52.49,-1741
52.5,-961
52.51,201
52.52,615
52.53,-109
52.54,-1991
52.55,-4210
52.56,-4908
52.57,-3737
52.58,-2673
52.59,-2058
52.6,-2614
52.61,-2616
52.62,-1458
52.63,-1369
52.64,-2045
52.65,-3292
52.66,-4061
52.67,-3822
52.68,-3067
52.69,-2342
52.7,-2243
52.71,-2251
52.72,-2525
52.73,-2917
52.74,-3852
52.75,-5253
52.76,-5268
52.77,-4554
52.78,-3674
52.79,-1926
52.8,-1915
52.81,-4149
52.82,-5980
52.83,-5907
52.84,-3095
52.85,-1157
52.86,-2306
52.87,-4583
52.88,-6671
52.89,-7498
52.9,-7671
52.91,-7946
52.92,-7589
52.93,-6278
52.94,-5196
52.95,-3845
52.96,-3149
52.97,-3748
52.98,-5185
52.99,-6987
53.0,-6589
53.01,-6572
53.02,-6692
53.03,-5583
53.04,-5374
53.05,-6169
53.06,-7134
53.07,-7234
53.08,-7314
53.09,-6722
53.1,-6539
53.11,-7332
53.12,-7737
53.13,-6823
53.14,-6524
53.15,-8320
53.16,-8049
53.17,-6752
53.18,-6049
53.19,-6510
53.2,-7866
53.21,-8199
53.22,-7714
53.23,-5977
53.24,-5259
53.25,-5649
53.26,-5934
53.27,-6109
53.28,-5985
53.29,-5988
53.3,-6165
53.31,-6159
53.32,-4642
53.33,-3997
53.34,-5121
53.35,-6107
53.36,-6358
53.37,-6086
53.38,-5371
53.39,-4914
53.4,-6344
53.41,-6519
53.42,-6260
53.43,-6553
53.44,-5708
53.45,-5835
53.46,-4766
53.47,-2566
53.48,-2029
53.49,-2439
53.5,-2665
53.51,-3099
53.52,-3959
53.53,-3719
53.54,-2506
53.55,-2480
53.56,-3650
53.57,-3554
53.58,-3119
53.59,-3003
53.6,-2586
53.61,-2275
53.62,-1051
53.63,347
53.64,859
53.65,854
53.66,942
53.67,808
53.68,134
53.69,-212
53.7,-360
53.71,-994
53.72,-1205
53.73,-601
53.74,891
53.75,3965
53.76,4496
53.77,2042
53.78,319
53.79,-594
53.8,382
53.81,1578
53.82,1660
53.83,1196
53.84,658
53.85,1073
53.86,1595
53.87,2332
53.88,2321
53.89,2048
53.9,3181
53.91,3892
53.92,2874
53.93,615
53.94,-1031
53.95,-151
53.96,600
53.97,-469
53.98,219
53.99,2277
54.0,2192
54.01,-396
54.02,-1781
54.03,-1414
54.04,-2389
54.05,-2227
54.06,257
54.07,1191
54.08,180
54.09,-334
54.1,-1237
54.11,-2179
54.12,-1759
54.13,-1405
54.14,-1809
54.15,-2216
54.16,-2481
54.17,-3413
54.18,-2978
54.19,-2602
54.2,-4625
54.21,-4709
54.22,-2877
54.23,-2152
54.24,-2612
54.25,-3319
54.26,-3757
54.27,-4300
54.28,-4659
54.29,-4726
54.3,-5130
54.31,-6197
54.32,-6232
54.33,-4909
54.34,-3520
54.35,-3087
54.36,-3966
54.37,-4393
54.38,-3717
54.39,-3230
54.4,-4093
54.41,-6215
54.42,-8460
54.43,-7806
54.44,-4338
54.45,-2486
54.46,-2555
54.47,-3326
54.48,-4216
54.49,-4335
54.5,-3606
54.51,-2806
54.52,-2715
54.53,-3628
54.54,-5640
54.55,-5315
54.56,-3056
54.57,-1199
54.58,274
54.59,-805
54.6,-2929
54.61,-4223
54.62,-4599
54.63,-3880
54.64,-2304
54.65,-807
54.66,-765
54.67,-1255
54.68,-1394
54.69,-280
54.7,1385
54.71,1807
54.72,1215
54.73,929
54.74,1224
54.75,1536
54.76,2182
54.77,2217
54.78,1023
54.79,-836
54.8,-903
54.81,1210
54.82,2335
54.83,2661
54.84,3500
54.85,4109
54.86,3558
54.87,3158
54.88,3895
54.89,4500
54.9,3452
54.91,2651
54.92,4416
54.93,4949
54.94,3359
54.95,3323
54.96,4917
54.97,6680
54.98,7536
54.99,7465
55.0,7639
55.01,6937
55.02,5587
55.03,5945
55.04,6444
55.05,6832
55.06,7864
55.07,7470
55.08,6212
55.09,6240
55.1,7555
55.11,8130
55.12,7745
55.13,7304
55.14,6570
55.15,6741
55.16,8363
55.17,9580
55.18,8827
55.19,6791
55.2,4833
55.21,4992
55.22,6611
55.23,6959
55.24,6493
55.25,5857
55.26,6061
55.27,6121
55.28,5466
55.29,5585
55.3,5544
55.31,5295
55.32,4985
55.33,5802
55.34,7667
55.35,7086
55.36,3978
55.37,2434
55.38,3098
55.39,3393
55.4,4130
55.41,5047
55.42,5091
55.43,5082
55.44,4365
55.45,2531
55.46,863
55.47,349
55.48,1538
55.49,3529
55.5,3733
55.51,2489
55.52,760
55.53,-195
55.54,-147
55.55,-56
55.56,797
55.57,621
55.58,-656
55.59,-1448
55.6,-1162
55.61,-562
55.62,268
55.63,1650
55.64,1597
55.65,684
55.66,-299
55.67,-1490
55.68,-3371
55.69,-4278
55.7,-3432
55.71,-2171
55.72,-520
55.73,-130
55.74,-645
55.75,-1454
55.76,-1995
55.77,-2736
55.78,-3228
55.79,-2226
55.8,-2558
55.81,-2955
55.82,-2067
55.83,-1590
55.84,-1699
55.85,-2040
55.86,-2821
55.87,-3992
55.88,-4784
55.89,-5329
55.9,-5314
55.91,-4060
55.92,-1316
55.93,463
55.94,-272
55.95,-1834
55.96,-2306
55.97,-1854
55.98,-1890
55.99,-1674
56.0,-1921
56.01,-2292
56.02,-2486
56.03,-2936
56.04,-2966
56.05,-3277
56.06,-3150
56.07,-2320
56.08,-1064
56.09,-666
56.1,-1311
56.11,-1573
56.12,-1438
56.13,-426
56.14,572
56.15,663
56.16,-1402
56.17,-4197
56.18,-3576
56.19,-912
56.2,237
56.21,-77
56.22,-526
56.23,-1249
56.24,-1155
56.25,-431
56.26,-23
56.27,264
56.28,-404
56.29,-2062
56.3,-3510
56.31,-2948
56.32,-1945
56.33,-1647
56.34,-1816
56.35,-2204
56.36,-1410
56.37,-944
56.38,-1415
56.39,-2335
56.4,-2468
56.41,-735
56.42,607
56.43,-716
56.44,-3141
56.45,-3822
56.46,-2960
56.47,-1941
56.48,-1539
56.49,-832
56.5,-448
56.51,-1145
56.52,-1118
56.53,83
56.54,9
56.55,-1404
56.56,-964
56.57,-136
56.58,816
56.59,2216
56.6,1645
56.61,227
56.62,-612
56.63,-1555
56.64,-2317
56.65,-1673
56.66,-1529
56.67,-2115
56.68,-1324
56.69,467
56.7,1486
56.71,-125
56.72,-1287
56.73,221
56.74,157
56.75,-734
56.76,883
56.77,1785
56.78,387
56.79,-1050
56.8,-1499
56.81,-2011
56.82,-2172
56.83,-696
56.84,-355
56.85,-1551
56.86,-2752
56.87,-3527
56.88,-3349
56.89,-2630
56.9,-234
56.91,1513
56.92,688
56.93,-773
56.94,-2134
56.95,-1610
56.96,-600
56.97,-1704
56.98,-2608
56.99,-2199
57.0,-2345
57.01,-2854
57.02,-2704
57.03,-683
57.04,1525
57.05,752
57.06,-733
57.07,-1334
57.08,-2477
57.09,-3507
57.1,-2043
57.11,-272
57.12,-792
57.13,-1944
57.14,-2880
57.15,-2446
57.16,-191
57.17,2270
57.18,2611
57.19,941
57.2,-240
57.21,106
57.22,1151
57.23,944
57.24,-233
57.25,-70
57.26,2671
57.27,5112
57.28,4455
57.29,3248
57.3,1512
57.31,-550
57.32,522
57.33,3106
57.34,4664
57.35,5476
57.36,5235
57.37,4036
57.38,3075
57.39,2833
57.4,2953
57.41,2882
57.42,2898
57.43,3814
57.44,4292
57.45,4719
57.46,6586
57.47,7661
57.48,7087
57.49,6307
57.5,5961
57.51,5970
57.52,5941
57.53,5356
57.54,4436
57.55,5141
57.56,7081
57.57,7283
57.58,6018
57.59,4771
57.6,4217
57.61,4721
57.62,5478
57.63,7093
57.64,8479
57.65,7711
57.66,6721
57.67,6774
57.68,6942
57.69,6092
57.7,3882
57.71,2418
57.72,4140
57.73,7673
57.74,8974
57.75,7143
57.76,4304
57.77,1906
57.78,1135
57.79,2168
57.8,3497
57.81,4217
57.82,4407
57.83,5228
57.84,7363
57.85,8473
57.86,7789
57.87,6126
57.88,3969
57.89,2067
57.9,1898
57.91,4487
57.92,6092
57.93,5472
57.94,4630
57.95,3180
57.96,1658
57.97,1527
57.98,2584
57.99,4422
58.0,6139
58.01,5576
58.02,4406
58.03,3707
58.04,3190
58.05,3109
58.06,2154
58.07,2301
58.08,3731
58.09,4447
58.1,3974
58.11,3732
58.12,4420
58.13,4200
58.14,3908
58.15,3960
58.16,4210
58.17,3738
58.18,3480
58.19,4117
58.2,3223
58.21,1904
58.22,1725
58.23,3020
58.24,4040
58.25,4485
58.26,4366
58.27,2837
58.28,2143
58.29,2948
58.3,4193
58.31,5070
58.32,5515
58.33,4788
58.34,2964
58.35,1473
58.36,1395
58.37,2116
58.38,2687
58.39,3961
58.4,4647
58.41,4529
58.42,5336
58.43,6091
58.44,4382
58.45,1351
58.46,979
58.47,3087
58.48,5244
58.49,6592
58.5,6547
58.51,5201
58.52,3742
58.53,3320
58.54,2847
58.55,512
58.56,-617
58.57,1811
58.58,5022
58.59,7730
58.6,7899
58.61,5005
58.62,2261
58.63,1088
58.64,1537
58.65,3186
58.66,4486
58.67,3510
58.68,2717
58.69,3153
58.7,3658
58.71,4798
58.72,4302
58.73,2426
58.74,1185
58.75,1917
58.76,3805
58.77,4554
58.78,4198
58.79,3373
58.8,3786
58.81,3796
58.82,2621
58.83,1250
58.84,-701
58.85,-1481
58.86,-1064
58.87,550
58.88,3458
58.89,4713
58.9,2339
58.91,-519
58.92,-862
58.93,-136
58.94,-102
58.95,447
58.96,1751
58.97,1309
58.98,1140
58.99,1616
59.0,969
59.01,-44
59.02,-1917
59.03,-2980
59.04,-1947
59.05,-834
59.06,-1537
59.07,-1885
59.08,-1535
59.09,-2123
59.1,-1946
59.11,-2796
59.12,-5719
59.13,-7419
59.14,-5436
59.15,-2048
59.16,-936
59.17,-2181
59.18,-4735
59.19,-7388
59.2,-8524
59.21,-7445
59.22,-6246
59.23,-4987
59.24,-3309
59.25,-2584
59.26,-3281
59.27,-4685
59.28,-6042
59.29,-8234
59.3,-9735
59.31,-10267
59.32,-9465
59.33,-7556
59.34,-7907
59.35,-9108
59.36,-8653
59.37,-7242
59.38,-5767
59.39,-5563
59.4,-7961
59.41,-10486
59.42,-11745
59.43,-11793
59.44,-10426
59.45,-9708
59.46,-9178
59.47,-8796
59.48,-9121
59.49,-10049
59.5,-10703
59.51,-10053
59.52,-10100
59.53,-10009
59.54,-8666
59.55,-8598
59.56,-9551
59.57,-9442
59.58,-9357
59.59,-10215
59.6,-11753
59.61,-12184
59.62,-10952
59.63,-10608
59.64,-10219
59.65,-8662
59.66,-7823
59.67,-9296
59.68,-10969
59.69,-11697
59.7,-11500
59.71,-9197
59.72,-7561
59.73,-6292
59.74,-6059
59.75,-9161
59.76,-11310
59.77,-10522
59.78,-9023
59.79,-8904
59.8,-9194
59.81,-9665
59.82,-11205
59.83,-10883
59.84,-9710
59.85,-9527
59.86,-7853
59.87,-6626
59.88,-7975
59.89,-8415
59.9,-7297
59.91,-6669
59.92,-6830
59.93,-6531
59.94,-5610
59.95,-5768
59.96,-6013
59.97,-6135
59.98,-6959
59.99,-7508
60.0,-7645
60.01,-7904
60.02,-7658
60.03,-6916
60.04,-6118
60.05,-4916
60.06,-4704
60.07,-5149
60.08,-5841
60.09,-6523
60.1,-5992
60.11,-5542
60.12,-4700
60.13,-2910
60.14,-1982
60.15,-2116
60.16,-2041
60.17,-2051
60.18,-1817
60.19,-689
60.2,217
60.21,623
60.22,-312
60.23,-2371
60.24,-3496
60.25,-3601
60.26,-3351
60.27,-2355
60.28,-1109
60.29,-1097
60.3,-1416
60.31,-1217
60.32,-1072
60.33,-347
60.34,1071
60.35,2187
60.36,1559
60.37,-95
60.38,-1479
60.39,-1877
60.4,-449
60.41,-176
60.42,-1664
60.43,-1991
60.44,-1537
60.45,-371
60.46,1625
60.47,1536
60.48,-268
60.49,-2068
60.5,-3618
60.51,-2706
60.52,434
60.53,3369
60.54,3531
60.55,1488
60.56,-588
60.57,-1752
60.58,-1014
60.59,25
60.6,1075
60.61,2458
60.62,3675
60.63,4036
60.64,3750
60.65,3719
60.66,3147
60.67,2488
60.68,1418
60.69,678
60.7,506
60.71,94
60.72,1314
60.73,3296
60.74,3495
60.75,3342
60.76,4537
60.77,3980
60.78,1868
60.79,1003
60.8,1121
60.81,2841
60.82,6170
60.83,8553
60.84,7810
60.85,5625
60.86,3476
60.87,1751
60.88,1195
60.89,2310
60.9,5025
60.91,5920
60.92,5185
60.93,5220
60.94,3662
60.95,1146
60.96,1399
60.97,3680
60.98,4812
60.99,5768
61.0,7023
61.01,5073
61.02,2471
61.03,3417
61.04,5657
61.05,7526
61.06,9555
61.07,9329
61.08,6065
61.09,4152
61.1,4384
61.11,3625
61.12,3578
61.13,6012
61.14,6896
61.15,6434
61.16,7715
61.17,7587
61.18,4060
61.19,1947
61.2,2536
61.21,2847
61.22,4057
61.23,6692
61.24,7740
61.25,6921
61.26,7690
61.27,8221
61.28,6038
61.29,4977
61.3,6104
61.31,6831
61.32,6838
61.33,7521
61.34,7541
61.35,6862
61.36,7573
61.37,8118
61.38,7297
61.39,5997
61.4,5011
61.41,4669
61.42,5617
61.43,7464
61.44,8670
61.45,9729
61.46,9485
61.47,7565
61.48,7532
61.49,8339
61.5,6918
61.51,6292
61.52,7377
61.53,7502
61.54,7929
61.55,8791
61.56,9013
61.57,8610
61.58,8273
61.59,9314
61.6,10309
61.61,10501
61.62,9879
61.63,7638
61.64,5766
61.65,6138
61.66,6993
61.67,7767
61.68,8963
61.69,8972
61.7,6244
61.71,2887
61.72,3902
61.73,7696
61.74,9116
61.75,8630
61.76,8235
61.77,7232
61.78,5127
61.79,4653
61.8,5909
61.81,6549
61.82,6873
61.83,6693
61.84,6598
61.85,7709
61.86,7982
61.87,6434
61.88,4429
61.89,3083
61.9,4192
61.91,5590
61.92,4374
61.93,3410
61.94,5201
61.95,7671
61.96,7751
61.97,6035
61.98,3676
61.99,1618
62.0,1544
62.01,2670
62.02,3361
62.03,5094
62.04,6663
62.05,4955
62.06,3802
62.07,4065
62.08,3874
62.09,4024
62.1,3406
62.11,1487
62.12,-129
62.13,110
62.14,79
62.15,1133
62.16,3265
62.17,2214
62.18,1541
62.19,1870
62.2,930
62.21,5
62.22,-1002
62.23,-970
62.24,468
62.25,1729
62.26,2077
62.27,1897
62.28,1226
62.29,-505
62.3,-1861
62.31,-2022
62.32,-2556
62.33,-2085
62.34,-828
62.35,-1747
62.36,-2808
62.37,-1640
62.38,-661
62.39,-878
62.4,373
62.41,754
62.42,-1506
62.43,-3158
62.44,-4790
62.45,-6933
62.46,-7149
62.47,-4980
62.48,-3455
62.49,-2769
62.5,-1450
62.51,-1111
62.52,-1720
62.53,-3169
62.54,-4031
62.55,-3975
62.56,-4902
62.57,-4688
62.58,-3772
62.59,-3569
62.6,-3330
62.61,-3560
62.62,-3557
62.63,-3605
62.64,-4149
62.65,-4789
62.66,-6286
62.67,-6164
62.68,-3641
62.69,-2372
62.7,-1824
62.71,-2438
62.72,-5001
62.73,-5524
62.74,-3306
62.75,-2765
62.76,-5128
62.77,-6557
62.78,-7549
62.79,-7999
62.8,-4615
62.81,-1174
62.82,-1724
62.83,-2610
62.84,-2774
62.85,-4485
62.86,-3997
62.87,-1915
62.88,-1429
62.89,-1042
62.9,-1849
62.91,-3884
62.92,-4928
62.93,-3323
62.94,-1441
62.95,-1652
62.96,-2547
62.97,-4489
62.98,-5548
62.99,-4420
63.0,-3111
63.01,-3028
63.02,-4469
63.03,-5960
63.04,-6596
63.05,-4780
63.06,-1507
63.07,-1051
63.08,-3620
63.09,-6783
63.1,-8083
63.11,-6688
63.12,-3895
63.13,-1625
63.14,-1142
63.15,-2293
63.16,-4480
63.17,-4966
63.18,-4164
63.19,-3520
63.2,-1822
63.21,-1845
63.22,-2762
63.23,-3604
63.24,-6194
63.25,-7221
63.26,-6176
63.27,-5937
63.28,-6609
63.29,-5042
63.3,-1853
63.31,-392
63.32,-458
63.33,-2273
63.34,-4167
63.35,-4638
63.36,-3158
63.37,-587
63.38,-994
63.39,-2484
63.4,-1230
63.41,178
63.42,-760
63.43,-1988
63.44,-2039
63.45,-1529
63.46,-1796
63.47,-1661
63.48,198
63.49,947
63.5,186
63.51,-959
63.52,-3145
63.53,-4555
63.54,-1924
63.55,1104
63.56,660
63.57,83
63.58,1018
63.59,2743
63.6,3369
63.61,1568
63.62,-836
63.63,-910
63.64,1305
63.65,2380
63.66,2483
63.67,2521
63.68,2457
63.69,2241
63.7,1675
63.71,1888
63.72,1730
63.73,1115
63.74,1686
63.75,3147
63.76,3792
63.77,4276
63.78,4615
63.79,2987
63.8,2798
63.81,5425
63.82,6846
63.83,5236
63.84,3691
63.85,3661
63.86,2786
63.87,2352
63.88,4082
63.89,6106
63.9,7276
63.91,8312
63.92,8721
63.93,7861
63.94,6713
63.95,5880
63.96,4140
63.97,2169
63.98,3624
63.99,7523
64.0,9403
64.01,8640
64.02,7404
64.03,6731
64.04,5582
64.05,4672
64.06,6497
64.07,8926
64.08,9197
64.09,8304
64.1,7195
64.11,7085
64.12,7719
64.13,7688
64.14,6189
64.15,3338
64.16,2645
64.17,4849
64.18,6112
64.19,6006
64.2,6691
64.21,6717
64.22,5748
64.23,5887
64.24,5912
64.25,6165
64.26,6393
64.27,5314
64.28,5694
64.29,6798
64.3,5769
64.31,3952
64.32,2836
64.33,2586
64.34,3226
64.35,3715
64.36,3246
64.37,2306
64.38,1983
64.39,2691
64.4,3594
64.41,4068
64.42,3720
64.43,2043
64.44,142
64.45,298
64.46,1303
64.47,673
64.48,604
64.49,1742
64.5,1827
64.51,1128
64.52,775
64.53,1077
64.54,1097
64.55,1936
64.56,3448
64.57,2734
64.58,875
64.59,-724
64.6,-1353
64.61,-748
64.62,-393
64.63,-370
64.64,-1247
64.65,-1933
64.66,153
64.67,2007
64.68,887
64.69,-363
64.7,-1027
64.71,-1068
64.72,37
64.73,936
64.74,1862
64.75,1544
64.76,-341
64.77,-2655
64.78,-4331
64.79,-2898
64.8,-257
64.81,615
64.82,82
64.83,-1104
64.84,-1738
64.85,-1251
64.86,-1620
64.87,-3228
64.88,-3629
64.89,-3051
64.9,-3660
64.91,-3411
64.92,-1234
64.93,-668
64.94,-1848
64.95,-3117
64.96,-3257
64.97,-2057
64.98,-1314
64.99,-900
65.0,-279
65.01,-292
65.02,-170
65.03,80
65.04,-1992
65.05,-3705
65.06,-1933
65.07,-412
65.08,-1620
65.09,-2282
65.1,-1119
65.11,-1492
65.12,-4410
65.13,-7244
65.14,-7009
65.15,-5124
65.16,-3244
65.17,-426
65.18,505
65.19,-1355
65.2,-2510
65.21,-1302
65.22,-294
65.23,-993
65.24,-1279
65.25,-1026
65.26,-742
65.27,-561
65.28,362
65.29,209
65.3,-2321
65.31,-2885
65.32,-1895
65.33,-2499
65.34,-3967
65.35,-3370
65.36,-1614
65.37,-402
65.38,1346
65.39,1688
65.4,-342
65.41,-2614
65.42,-2697
65.43,-910
65.44,83
65.45,734
65.46,2405
65.47,2338
65.48,551
65.49,207
65.5,-231
65.51,-1884
65.52,-2639
65.53,-913
65.54,1513
65.55,1470
65.56,379
65.57,654
65.58,-137
65.59,-2184
65.6,-2071
65.61,-163
65.62,1636
65.63,2504
65.64,1798
65.65,-27
65.66,-193
65.67,1627
65.68,3661
65.69,4684
65.7,2682
65.71,113
65.72,-619
65.73,-1088
65.74,-1625
65.75,-522
65.76,967
65.77,1122
65.78,2489
65.79,3428
65.8,1806
65.81,166
65.82,-1224
65.83,-2256
65.84,-22
65.85,2824
65.86,2298
65.87,872
65.88,-370
65.89,-487
65.9,358
65.91,633
65.92,1437
65.93,2167
65.94,1365
65.95,-697
65.96,-1986
65.97,-1165
65.98,788
65.99,1865
66.0,1450
66.01,-592
66.02,-2943
66.03,-2826
66.04,-1975
66.05,-1826
66.06,-1498
66.07,-1438
66.08,-2159
66.09,-2769
66.1,-1048
66.11,1405
66.12,1042
66.13,-1054
66.14,-1168
66.15,-178
66.16,-931
66.17,-1713
66.18,-2315
66.19,-3605
66.2,-3230
66.21,-2467
66.22,-4120
66.23,-6182
66.24,-7005
66.25,-6554
66.26,-5850
66.27,-4825
66.28,-2211
66.29,94
66.3,1746
66.31,1924
66.32,-1463
66.33,-5529
66.34,-6267
66.35,-4996
66.36,-3381
66.37,-780
66.38,-462
66.39,-3456
66.4,-5487
66.41,-5736
66.42,-6485
66.43,-7545
66.44,-7665
66.45,-6204
66.46,-4327
66.47,-3339
66.48,-3788
66.49,-5962
66.5,-5892
66.51,-4876
66.52,-5057
66.53,-2874
66.54,-1490
66.55,-2851
66.56,-3494
66.57,-3328
66.58,-4385
66.59,-3947
66.6,-2310
66.61,-2866
66.62,-2792
66.63,-3854
66.64,-5204
66.65,-4191
66.66,-5286
66.67,-7578
66.68,-7460
66.69,-6102
66.7,-5638
66.71,-3903
66.72,-1695
66.73,-2446
66.74,-3429
66.75,-3165
66.76,-2161
66.77,-1094
66.78,-1798
66.79,-1904
66.8,-1364
66.81,-2407
66.82,-3714
66.83,-5079
66.84,-5315
66.85,-4222
66.86,-3019
66.87,-1773
66.88,-1389
66.89,-1630
66.9,-1577
66.91,-1736
66.92,-2591
66.93,-2693
66.94,-2359
66.95,-2942
66.96,-3083
66.97,-2705
66.98,-2384
66.99,-1057
67.0,-561
67.01,-2019
67.02,-3763
67.03,-4893
67.04,-4044
67.05,-2095
67.06,-1404
67.07,-1570
67.08,-537
67.09,635
67.1,-147
67.11,-15
67.12,446
67.13,-1331
67.14,-2239
67.15,-2143
67.16,-1966
67.17,-1623
67.18,-1837
67.19,-2051
67.2,-2045
67.21,-686
67.22,433
67.23,-699
67.24,-1848
67.25,-2479
67.26,-2722
67.27,-1060
67.28,1473
67.29,2401
67.3,1065
67.31,33
67.32,-373
67.33,-835
67.34,972
67.35,2212
67.36,2013
67.37,2026
67.38,1295
67.39,977
67.4,576
67.41,545
67.42,1347
67.43,1268
67.44,651
67.45,490
67.46,524
67.47,229
67.48,502
67.49,1709
67.5,2434
67.51,2227
67.52,2387
67.53,3401
67.54,4066
67.55,2091
67.56,-638
67.57,270
67.58,1917
67.59,1658
67.6,970
67.61,-117
67.62,-287
67.63,1352
67.64,2217
67.65,1137
67.66,443
67.67,839
67.68,2095
67.69,4201
67.7,5547
67.71,4572
67.72,2407
67.73,1637
67.74,1813
67.75,903
67.76,-49
67.77,164
67.78,-456
67.79,-1201
67.8,-272
67.81,-145
67.82,-1236
67.83,-41
67.84,2289
67.85,2694
67.86,2394
67.87,1892
67.88,1686
67.89,1325
67.9,-357
67.91,-321
67.92,1552
67.93,1651
67.94,797
67.95,1260
67.96,531
67.97,-1691
67.98,-1366
67.99,-1402
68.0,-3275
68.01,-3910
68.02,-4068
68.03,-2479
68.04,-1109
68.05,-1655
68.06,-2021
68.07,-2893
68.08,-2887
68.09,-1886
68.1,-1113
68.11,-1777
68.12,-2420
68.13,-656
68.14,-463
68.15,-957
68.16,254
68.17,826
68.18,246
68.19,-603
68.2,-1120
68.21,-2738
68.22,-3822
68.23,-2896
68.24,-1543
68.25,-538
68.26,-816
68.27,-1476
68.28,-2877
68.29,-4342
68.3,-2730
68.31,-46
68.32,1482
68.33,1952
68.34,570
68.35,-687
68.36,-421
68.37,-268
68.38,226
68.39,1331
68.4,1564
68.41,2537
68.42,3612
68.43,2400
68.44,2030
68.45,3439
68.46,3748
68.47,2225
68.48,1147
68.49,2262
68.5,3317
68.51,3599
68.52,4340
68.53,4674
68.54,3895
68.55,2450
68.56,2410
68.57,3382
68.58,2931
68.59,2955
68.6,4240
68.61,5054
68.62,5949
68.63,6657
68.64,6529
68.65,7663
68.66,9058
68.67,7664
68.68,6167
68.69,6682
68.7,6444
68.71,5352
68.72,6575
68.73,8271
68.74,8218
68.75,8600
68.76,7714
68.77,6515
68.78,7208
68.79,6807
68.8,6788
68.81,7325
68.82,6876
68.83,7462
68.84,8506
68.85,9125
68.86,9233
68.87,8472
68.88,6576
68.89,4224
68.9,3948
68.91,5618
68.92,7098
68.93,7600
68.94,7342
68.95,6239
68.96,4264
68.97,3899
68.98,5556
68.99,5717
69.0,4402
69.01,4611
69.02,5428
69.03,4685
69.04,4342
69.05,4868
69.06,4662
69.07,4999
69.08,6033
69.09,6856
69.1,7241
69.11,6738
69.12,5629
69.13,3540
69.14,1514
69.15,2504
69.16,4453
69.17,4325
69.18,3307
69.19,1876
69.2,1535
69.21,2510
69.22,1833
69.23,576
69.24,626
69.25,218
69.26,545
69.27,3520
69.28,5721
69.29,4320
69.3,1515
69.31,373
69.32,1138
69.33,3450
69.34,4547
69.35,3103
69.36,2605
69.37,2744
69.38,2199
69.39,2706
69.4,4235
69.41,5721
69.42,6217
69.43,3252
69.44,-498
69.45,24
69.46,1879
69.47,1999
69.48,1893
69.49,1201
69.5,-736
69.51,-1399
69.52,-989
69.53,384
69.54,3406
69.55,3627
69.56,2259
69.57,2851
69.58,3111
69.59,1602
69.6,1068
69.61,3114
69.62,4233
69.63,4403
69.64,4745
69.65,3719
69.66,2401
69.67,2988
69.68,3900
69.69,2772
69.7,1772
69.71,2182
69.72,2149
69.73,1549
69.74,2450
69.75,3900
69.76,4397
69.77,4084
69.78,3389
69.79,2663
69.8,501
69.81,-213
69.82,2632
69.83,4481
69.84,3052
69.85,1337
69.86,1339
69.87,2097
69.88,3147
69.89,3541
69.9,3538
69.91,3655
69.92,3310
69.93,1949
69.94,402
69.95,1269
69.96,2654
69.97,3256
69.98,4159
69.99,4195
70.0,2740
70.01,1545
70.02,2406
70.03,3973
70.04,4745
70.05,4522
70.06,3891
70.07,2225
70.08,665
70.09,783
70.1,1664
70.11,2376
70.12,1496
70.13,1477
70.14,2217
70.15,1752
70.16,1719
70.17,1601
70.18,539
70.19,-133
70.2,697
70.21,1875
70.22,2845
70.23,1827
70.24,-1013
70.25,-1563
70.26,-203
70.27,792
70.28,213
70.29,-1271
70.3,-2020
70.31,-1493
70.32,179
70.33,1283
70.34,911
70.35,-498
70.36,-1554
70.37,-1934
70.38,-2327
70.39,-1665
70.4,-742
70.41,-2395
70.42,-4335
70.43,-4037
70.44,-3810
70.45,-3300
70.46,-1727
70.47,-852
70.48,-1670
70.49,-2656
70.5,-2695
70.51,-2437
70.52,-2178
70.53,-2589
70.54,-2104
70.55,-892
70.56,-1379
70.57,-2526
70.58,-3160
70.59,-3838
70.6,-4107
70.61,-3526
70.62,-3628
70.63,-4784
70.64,-5160
70.65,-4021
70.66,-3318
70.67,-2798
70.68,-2049
70.69,-2849
70.7,-4158
70.71,-3728
70.72,-1814
70.73,-1625
70.74,-1788
70.75,-951
70.76,-1868
70.77,-3539
70.78,-4430
70.79,-3911
70.8,-2834
70.81,-3075
70.82,-3517
70.83,-2819
70.84,-2439
70.85,-2841
70.86,-3078
70.87,-3690
70.88,-4648
70.89,-4834
70.9,-4160
70.91,-4068
70.92,-4804
70.93,-4409
70.94,-3003
70.95,-1997
70.96,-609
70.97,-387
70.98,-2467
70.99,-3604
71.0,-2473
71.01,-1349
71.02,-2772
71.03,-5193
71.04,-5779
71.05,-4807
71.06,-3617
71.07,-2517
71.08,-1548
71.09,-2649
71.1,-5194
71.11,-5967
71.12,-4076
71.13,-979
71.14,263
71.15,-598
71.16,-854
71.17,-833
71.18,-731
71.19,724
71.2,732
71.21,-1758
71.22,-2792
71.23,-1679
71.24,-1336
71.25,-2344
71.26,-3287
71.27,-2408
71.28,-833
71.29,-465
71.3,199
71.31,319
71.32,-747
71.33,-1630
71.34,-1789
71.35,-1609
71.36,-1765
71.37,-1219
71.38,-925
71.39,-1982
71.4,-2434
71.41,-1291
71.42,-205
71.43,986
71.44,2424
71.45,2313
71.46,1091
71.47,-258
71.48,-813
71.49,-704
71.5,-67
71.51,-220
71.52,-1203
71.53,-140
71.54,1240
71.55,1395
71.56,915
71.57,788
71.58,1486
71.59,1262
71.6,488
71.61,472
71.62,-140
71.63,-1907
71.64,-1435
71.65,741
71.66,1487
71.67,1854
71.68,2093
71.69,-162
71.7,-4543
71.71,-6066
71.72,-4446
71.73,-2644
71.74,-721
71.75,281
71.76,-731
71.77,-1457
71.78,-1008
71.79,-2666
71.8,-4675
71.81,-4794
71.82,-4322
71.83,-3220
71.84,-2225
71.85,-2317
71.86,-2450
71.87,-1645
71.88,-1794
71.89,-2473
71.9,-2781
71.91,-3645
71.92,-4789
71.93,-5375
71.94,-4028
71.95,-2388
71.96,-3369
71.97,-4669
71.98,-3282
71.99,-3645
72.0,-6741
72.01,-6722
72.02,-5492
72.03,-6469
72.04,-6159
72.05,-3526
72.06,-2723
72.07,-3353
72.08,-2617
72.09,-3920
72.1,-7052
72.11,-7389
72.12,-5993
72.13,-4927
72.14,-4278
72.15,-4651
72.16,-5340
72.17,-5839
72.18,-7084
72.19,-7109
72.2,-5736
72.21,-6016
72.22,-7953
72.23,-8329
72.24,-5724
72.25,-3288
72.26,-3015
72.27,-4546
72.28,-6269
72.29,-7598
72.3,-7988
72.31,-6223
72.32,-3789
72.33,-3114
72.34,-3490
72.35,-2435
72.36,-2823
72.37,-4859
72.38,-4620
72.39,-3520
72.4,-4876
72.41,-5034
72.42,-2166
72.43,-2554
72.44,-3690
72.45,-1862
72.46,-1586
72.47,-4268
72.48,-5496
72.49,-4421
72.5,-4519
72.51,-4477
72.52,-2077
72.53,1694
72.54,2810
72.55,1108
72.56,480
72.57,-39
72.58,-1494
72.59,-1313
72.6,-94
72.61,-310
72.62,803
72.63,2055
72.64,458
72.65,-941
72.66,-922
72.67,-353
72.68,-134
72.69,572
72.7,1310
72.71,672
72.72,424
72.73,750
72.74,110
72.75,-619
72.76,-20
72.77,1572
72.78,4453
72.79,5282
72.8,2518
72.81,1198
72.82,1637
72.83,971
72.84,84
72.85,840
72.86,2474
72.87,3710
72.88,4391
72.89,4676
72.9,4172
72.91,4516
72.92,5606
72.93,4127
72.94,1390
72.95,-971
72.96,-336
72.97,3062
72.98,4134
72.99,4588
73.0,6279
73.01,6610
73.02,4940
73.03,3931
73.04,3745
73.05,2266
73.06,1826
73.07,2773
73.08,2476
73.09,1531
73.1,1032
73.11,1950
73.12,4009
73.13,4151
73.14,2640
73.15,1336
73.16,784
73.17,2549
73.18,3693
73.19,1901
73.2,966
73.21,2160
73.22,3970
73.23,5443
73.24,5491
73.25,4678
73.26,3955
73.27,2221
73.28,671
73.29,948
73.3,2584
73.31,5119
73.32,6776
73.33,6874
73.34,4874
73.35,1927
73.36,1254
73.37,2302
73.38,3966
73.39,4692
73.4,3633
73.41,2581
73.42,1368
73.43,768
73.44,1802
73.45,2608
73.46,3059
73.47,4206
73.48,4983
73.49,4220
73.5,3750
73.51,4352
73.52,2561
73.53,-625
73.54,-801
73.55,1322
73.56,2643
73.57,2590
73.58,1982
73.59,1228
73.6,1536
73.61,2513
73.62,2994
73.63,2257
73.64,456
73.65,-642
73.66,-1314
73.67,13
73.68,3029
73.69,3542
73.7,1721
73.71,-314
73.72,-320
73.73,1122
73.74,1573
73.75,792
73.76,-939
73.77,-1310
73.78,445
73.79,1424
73.8,1542
73.81,1705
73.82,1098
73.83,443
73.84,-178
73.85,-27
73.86,1649
73.87,2733
73.88,2258
73.89,1822
73.9,1641
73.91,483
73.92,-263
73.93,1020
73.94,4114
73.95,5826
73.96,4874
73.97,3445
73.98,2478
73.99,1963
74.0,-189
74.01,-1769
74.02,-300
74.03,2003
74.04,4417
74.05,5031
74.06,3127
74.07,1967
74.08,2478
74.09,2382
74.1,2511
74.11,3968
74.12,4718
74.13,4761
74.14,5388
74.15,5468
74.16,3671
74.17,3053
74.18,4064
74.19,4014
74.2,3643
74.21,2977
74.22,3150
74.23,3688
74.24,3374
74.25,4114
74.26,4561
74.27,3827
74.28,3513
74.29,3925
74.3,4223
74.31,4105
74.32,4451
74.33,4276
74.34,2303
74.35,1392
74.36,1580
74.37,1052
74.38,3256
74.39,6212
74.4,5623
74.41,4021
74.42,3125
74.43,2663
74.44,2542
74.45,2765
74.46,2696
74.47,2361
74.48,2510
74.49,2201
74.5,1415
74.51,1277
74.52,1677
74.53,1875
74.54,2368
74.55,2981
74.56,4007
74.57,4478
74.58,2310
74.59,324
74.6,809
74.61,2076
74.62,2497
74.63,2774
74.64,2143
74.65,652
74.66,492
74.67,1437
74.68,3189
74.69,3370
74.7,1336
74.71,221
74.72,1377
74.73,2571
74.74,1028
74.75,54
74.76,2395
74.77,3335
74.78,389
74.79,-550
74.8,1158
74.81,693
74.82,81
74.83,-48
74.84,-1416
74.85,-1234
74.86,1027
74.87,1736
74.88,2529
74.89,4720
74.9,3902
74.91,1414
74.92,466
74.93,584
74.94,1898
74.95,3592
74.96,3244
74.97,1751
74.98,1003
74.99,-158
75.0,-236
75.01,1901
75.02,2285
75.03,135
75.04,319
75.05,1605
75.06,935
75.07,1095
75.08,1998
75.09,2103
75.1,1520
75.11,1562
75.12,2096
75.13,2583
75.14,3372
75.15,2640
75.16,446
75.17,-1147
75.18,-1204
75.19,-330
75.2,1748
75.21,2387
75.22,1059
75.23,1244
75.24,1609
75.25,1643
75.26,932
75.27,599
75.28,612
75.29,-843
75.3,-346
75.31,1302
75.32,1144
75.33,212
75.34,-53
75.35,1144
75.36,2973
75.37,3055
75.38,2484
75.39,1988
75.4,-780
75.41,-2703
75.42,-2220
75.43,-1977
75.44,-1975
75.45,-2166
75.46,-2658
75.47,-1280
75.48,1388
75.49,1111
75.5,-991
75.51,-1551
75.52,-1845
75.53,-2680
75.54,-2423
75.55,-2262
75.56,-1837
75.57,-75
75.58,-74
75.59,-2154
75.6,-3449
75.61,-3118
75.62,-3748
75.63,-3466
75.64,-262
75.65,1500
75.66,783
75.67,-494
75.68,-1938
75.69,-3892
75.7,-4066
75.71,-3165
75.72,-3051
75.73,-2405
75.74,-2918
75.75,-3716
75.76,-3724
75.77,-3231
75.78,-2505
75.79,-2650
75.8,-3148
75.81,-3277
75.82,-1829
75.83,-558
75.84,-782
75.85,-1577
75.86,-2647
75.87,-3199
75.88,-2559
75.89,-2335
75.9,-1504
75.91,726
75.92,-579
75.93,-2971
75.94,-3703
75.95,-4009
75.96,-3330
75.97,-2280
75.98,-1415
75.99,-1213
76.0,-929
76.01,-2227
76.02,-2957
76.03,-2313
76.04,-4074
76.05,-5223
76.06,-4272
76.07,-3578
76.08,-3021
76.09,-1487
76.1,-960
76.11,-1211
76.12,-786
76.13,-1218
76.14,-1233
76.15,-725
76.16,-1840
76.17,-2949
76.18,-1628
76.19,-355
76.2,-1289
76.21,-2429
76.22,-1392
76.23,549
76.24,1551
76.25,2245
76.26,742
76.27,-1604
76.28,-1444
76.29,-3
76.3,1528
76.31,2418
76.32,2269
76.33,1462
76.34,528
76.35,-1076
76.36,-1656
76.37,-970
76.38,-1835
76.39,-1830
76.4,-988
76.41,-737
76.42,-345
76.43,-351
76.44,-528
76.45,-1005
76.46,-866
76.47,237
76.48,2152
76.49,4199
76.5,3591
76.51,-177
76.52,-2083
76.53,133
76.54,2121
76.55,2040
76.56,2179
76.57,3922
76.58,3966
76.59,2965
76.6,3013
76.61,1259
76.62,-77
76.63,1055
76.64,1927
76.65,1371
76.66,2438
76.67,3959
76.68,2113
76.69,131
76.7,85
76.71,298
76.72,-549
76.73,-439
76.74,1860
76.75,2474
76.76,1330
76.77,1731
76.78,2841
76.79,1943
76.8,410
76.81,1623
76.82,3082
76.83,2727
76.84,3412
76.85,3323
76.86,775
76.87,-808
76.88,351
76.89,2444
76.9,3351
76.91,4039
76.92,5061
76.93,4554
76.94,2180
76.95,54
76.96,-766
76.97,-656
76.98,1425
76.99,4264
77.0,5423
77.01,5624
77.02,5106
77.03,2762
77.04,382
77.05,2014
77.06,6339
77.07,8583
77.08,9314
77.09,9226
77.1,5536
77.11,500
77.12,-640
77.13,1278
77.14,3955
77.15,7502
77.16,9691
77.17,8008
77.18,5819
77.19,6739
77.2,6619
77.21,5322
77.22,7025
77.23,7698
77.24,5213
77.25,6562
77.26,11444
77.27,10616
77.28,7417
77.29,6929
77.3,5948
77.31,7271
77.32,10434
77.33,10009
77.34,7779
77.35,7068
77.36,4957
77.37,2835
77.38,5343
77.39,8854
77.4,10242
77.41,10427
77.42,9921
77.43,7704
77.44,6020
77.45,7899
77.46,8021
77.47,5311
77.48,5507
77.49,7700
77.5,8595
77.51,8066
77.52,7602
77.53,6945
77.54,5420
77.55,5235
77.56,5198
77.57,4154
77.58,3383
77.59,4502
77.6,7687
77.61,7382
77.62,4249
77.63,3396
77.64,2273
77.65,-521
77.66,-150
77.67,2409
77.68,2997
77.69,3662
77.7,4787
77.71,5117
77.72,3547
77.73,2624
77.74,1924
77.75,-1960
77.76,-3338
77.77,-2331
77.78,-965
77.79,48
77.8,-131
77.81,688
77.82,-543
77.83,-2016
77.84,-1127
77.85,-1053
77.86,-2935
77.87,-3054
77.88,-593
77.89,-196
77.9,-1925
77.91,-2557
77.92,-2407
77.93,-3998
77.94,-5275
77.95,-5793
77.96,-5907
77.97,-5045
77.98,-5813
77.99,-5358
78.0,-2201
78.01,-1618
78.02,-3990
78.03,-4808
78.04,-5336
78.05,-7001
78.06,-6410
78.07,-4371
78.08,-3840
78.09,-4608
78.1,-4587
78.11,-4873
78.12,-6891
78.13,-9011
78.14,-9209
78.15,-7173
78.16,-5209
78.17,-4026
78.18,-4359
78.19,-4902
78.2,-5189
78.21,-6247
78.22,-6796
78.23,-7582
78.24,-6879
78.25,-4943
78.26,-4682
78.27,-4947
78.28,-4304
78.29,-4462
78.3,-6108
78.31,-7605
78.32,-8335
78.33,-6790
78.34,-4073
78.35,-2252
78.36,-3065
78.37,-6118
78.38,-7994
78.39,-8582
78.4,-7045
78.41,-4986
78.42,-4215
78.43,-2739
78.44,-1867
78.45,-3808
78.46,-6311
78.47,-5954
78.48,-5187
78.49,-6226
78.5,-6528
78.51,-4757
78.52,-2996
78.53,-2123
78.54,-1690
78.55,-3020
78.56,-5883
78.57,-8021
78.58,-7150
78.59,-4917
78.6,-3959
78.61,-3612
78.62,-2564
78.63,-1963
78.64,-3513
78.65,-4768
78.66,-3866
78.67,-2137
78.68,-1760
78.69,-2311
78.7,-3112
78.71,-3373
78.72,-2711
78.73,-3929
78.74,-4737
78.75,-3953
78.76,-2997
78.77,-2040
78.78,-1570
78.79,-1174
78.8,-1977
78.81,-2681
78.82,-2740
78.83,-2534
78.84,-1724
78.85,-1710
78.86,-1997
78.87,-2573
78.88,-4268
78.89,-4183
78.9,-1126
78.91,184
78.92,-277
78.93,-1096
78.94,-1868
78.95,99
78.96,1305
78.97,-221
78.98,-2151
78.99,-2309
79.0,-742
79.01,634
79.02,1678
79.03,686
79.04,-1760
79.05,-3519
79.06,-4274
79.07,-2847
79.08,735
79.09,2398
79.1,1795
79.11,1009
79.12,-1126
79.13,-2133
79.14,-1776
79.15,-2085
79.16,-1455
79.17,1142
79.18,2953
79.19,1416
79.2,-960
79.21,-3282
79.22,-3567
79.23,-661
79.24,1317
79.25,592
79.26,-2550
79.27,-3893
79.28,-1121
79.29,2114
79.3,2974
79.31,540
79.32,-2176
79.33,-2831
79.34,-3168
79.35,-2500
79.36,175
79.37,1250
79.38,-647
79.39,-1862
79.4,-1388
79.41,-1764
79.42,-2520
79.43,-1426
79.44,330
79.45,1078
79.46,329
79.47,-748
79.48,-1438
79.49,-2110
79.5,-1325
79.51,-1287
79.52,-2672
79.53,-1624
79.54,1341
79.55,2167
79.56,536
79.57,-567
79.58,-1542
79.59,-2803
79.6,-2486
79.61,-1480
79.62,-1846
79.63,-1790
79.64,371
79.65,1520
79.66,-26
79.67,-1004
79.68,-540
79.69,-757
79.7,-2402
79.71,-3850
79.72,-2363
79.73,-1020
79.74,-519
79.75,2517
79.76,4393
79.77,2822
79.78,991
79.79,1043
79.8,420
79.81,-1256
79.82,-409
79.83,1001
79.84,1231
79.85,824
79.86,-801
79.87,-2580
79.88,-1428
79.89,1501
79.9,1908
79.91,824
79.92,249
79.93,-245
79.94,-1422
79.95,-1195
79.96,559
79.97,996
79.98,551
79.99,209
80.0,199
80.01,904
80.02,2980
80.03,3226
80.04,1408
80.05,1694
80.06,2515
80.07,2440
80.08,1385
80.09,-54
80.1,-108
80.11,401
80.12,627
80.13,991
80.14,1184
80.15,451
80.16,381
80.17,2053
80.18,3745
80.19,2868
80.2,702
80.21,2074
80.22,3979
80.23,3136
80.24,3398
80.25,4503
80.26,3839
80.27,2098
80.28,1568
80.29,2892
80.3,3145
80.31,684
80.32,-800
80.33,-656
80.34,-869
80.35,858
80.36,4237
80.37,7547
80.38,9177
80.39,6834
80.4,2573
80.41,-134
80.42,-510
80.43,-673
80.44,-59
80.45,3784
80.46,7312
80.47,7504
80.48,6243
80.49,4263
80.5,1595
80.51,490
80.52,1133
80.53,460
80.54,-62
80.55,1592
80.56,4064
80.57,5286
80.58,4880
80.59,5198
80.6,3162
80.61,91
80.62,379
80.63,788
80.64,2016
80.65,3619
80.66,2949
80.67,2484
80.68,3244
80.69,3475
80.7,3574
80.71,4110
80.72,4267
80.73,4877
80.74,4464
80.75,3271
80.76,2654
80.77,1575
80.78,907
80.79,701
80.8,1420
80.81,2353
80.82,2682
80.83,3187
80.84,3399
80.85,2984
80.86,2109
80.87,1207
80.88,594
80.89,745
80.9,1506
80.91,1790
80.92,687
80.93,373
80.94,2172
80.95,3360
80.96,3756
80.97,3844
80.98,2812
80.99,2412
81.0,2995
81.01,2275
81.02,2043
81.03,2071
81.04,1380
81.05,2935
81.06,4026
81.07,4841
81.08,5181
81.09,2006
81.1,26
81.11,1185
81.12,2958
81.13,5145
81.14,7183
81.15,5943
81.16,3864
81.17,3478
81.18,3765
81.19,3906
81.2,1919
81.21,1154
81.22,1952
81.23,2285
81.24,3304
81.25,3501
81.26,1795
81.27,1430
81.28,3117
81.29,3704
81.3,2955
81.31,1406
81.32,2337
81.33,4311
81.34,4115
81.35,3911
81.36,3466
81.37,3029
81.38,1877
81.39,1423
81.4,2126
81.41,1207
81.42,-24
81.43,736
81.44,2956
81.45,3491
81.46,2805
81.47,2159
81.48,1040
81.49,-163
81.5,-219
81.51,-101
81.52,-1803
81.53,-944
81.54,1554
81.55,1243
81.56,1267
81.57,2106
81.58,2143
81.59,745
81.6,-1915
81.61,-3228
81.62,-2990
81.63,-2176
81.64,-1773
81.65,-2221
81.66,-1585
81.67,-609
81.68,-933
81.69,-3171
81.7,-5201
81.71,-5306
81.72,-6777
81.73,-7001
81.74,-3589
81.75,-1026
81.76,-1117
81.77,-1269
81.78,-916
81.79,-1415
81.8,-3358
81.81,-6938
81.82,-8054
81.83,-6281
81.84,-4159
81.85,-2456
81.86,-2653
81.87,-3781
81.88,-3610
81.89,-2811
81.9,-3999
81.91,-5568
81.92,-6871
81.93,-7746
81.94,-8069
81.95,-8259
81.96,-5862
81.97,-2947
81.98,-2150
81.99,-3908
82.0,-5786
82.01,-5980
82.02,-7151
82.03,-9036
82.04,-9278
82.05,-6539
82.06,-3646
82.07,-2637
82.08,-2403
82.09,-2878
82.1,-5091
82.11,-7484
82.12,-6843
82.13,-6154
82.14,-5605
82.15,-4180
82.16,-4986
82.17,-5581
82.18,-3598
82.19,-3087
82.2,-5025
82.21,-5143
82.22,-3220
82.23,-2220
82.24,-3270
82.25,-3132
82.26,-1462
82.27,-2023
82.28,-3938
82.29,-6306
82.3,-7025
82.31,-3756
82.32,-308
82.33,305
82.34,-108
82.35,-1888
82.36,-3718
82.37,-3599
82.38,-4333
82.39,-3180
82.4,318
82.41,2001
82.42,3098
82.43,4603
82.44,4319
82.45,1981
82.46,-485
82.47,-3142
82.48,-4341
82.49,-2534
82.5,1865
82.51,5771
82.52,5228
82.53,2174
82.54,233
82.55,-532
82.56,-2156
82.57,-2093
82.58,1331
82.59,4055
82.6,3616
82.61,2965
82.62,5191
82.63,6996
82.64,6268
82.65,3130
82.66,577
82.67,2250
82.68,3639
82.69,4007
82.7,6370
82.71,7294
82.72,6030
82.73,5320
82.74,4576
82.75,3745
82.76,5505
82.77,7517
82.78,5416
82.79,3268
82.8,3838
82.81,5353
82.82,7131
82.83,7725
82.84,6950
82.85,6400
82.86,5100
82.87,2312
82.88,2703
82.89,6329
82.9,7667
82.91,5679
82.92,4871
82.93,6092
82.94,4587
82.95,2319
82.96,3406
82.97,5364
82.98,5740
82.99,5396
83.0,5001
83.01,4648
83.02,4706
83.03,5166
83.04,5374
83.05,5627
83.06,5784
83.07,5201
83.08,4452
83.09,4251
83.1,4834
83.11,4337
83.12,3329
83.13,2885
83.14,2756
83.15,3570
83.16,4123
83.17,3607
83.18,1532
83.19,-78
83.2,637
83.21,1723
83.22,2978
83.23,4750
83.24,4612
83.25,1983
83.26,-1014
83.27,-3048
83.28,-1452
83.29,1992
83.3,3425
83.31,3996
83.32,2881
83.33,2222
83.34,2451
83.35,-657
83.36,-3007
83.37,-2586
83.38,-1463
83.39,947
83.4,2383
83.41,2522
83.42,1743
83.43,-1110
83.44,-2363
83.45,-1708
83.46,-1149
83.47,-77
83.48,-681
83.49,-430
83.5,1303
83.51,325
83.52,-1493
83.53,-2182
83.54,-1794
83.55,-1222
83.56,-975
83.57,-768
83.58,-454
83.59,191
83.6,-849
83.61,-2604
83.62,-3111
83.63,-3347
83.64,-2360
83.65,-550
83.66,-361
83.67,-2438
83.68,-4864
83.69,-5094
83.7,-4193
83.71,-3582
83.72,-2885
83.73,-2500
83.74,-2959
83.75,-2758
83.76,-1367
83.77,-2037
83.78,-3744
83.79,-3620
83.8,-3215
83.81,-2912
83.82,-2428
83.83,-1791
83.84,-2132
83.85,-4105
83.86,-5442
83.87,-5630
83.88,-4872
83.89,-5264
83.9,-6911
83.91,-6402
83.92,-5142
83.93,-4125
83.94,-3048
83.95,-3028
83.96,-3469
83.97,-4494
83.98,-6395
83.99,-6923
84.0,-4813
84.01,-2688
84.02,-3192
84.03,-4362
84.04,-4732
84.05,-5258
84.06,-6030
84.07,-6923
84.08,-7147
84.09,-7292
84.1,-7328
84.11,-6467
84.12,-3909
84.13,-2122
84.14,-5123
84.15,-8554
84.16,-9629
84.17,-9363
84.18,-8141
84.19,-7673
84.2,-8059
84.21,-8453
84.22,-7700
84.23,-6788
84.24,-5966
84.25,-6377
84.26,-8776
84.27,-8972
84.28,-6736
84.29,-5249
84.3,-5368
84.31,-6846
84.32,-8298
84.33,-7270
84.34,-6860
84.35,-9046
84.36,-9960
84.37,-9654
84.38,-9741
84.39,-9953
84.4,-8865
84.41,-7100
84.42,-5864
84.43,-5639
84.44,-6886
84.45,-8019
84.46,-8977
84.47,-8568
84.48,-8269
84.49,-9922
84.5,-9559
84.51,-7452
84.52,-6237
84.53,-6728
84.54,-7084
84.55,-5921
84.56,-5770
84.57,-6323
84.58,-5970
84.59,-5500
84.6,-6134
84.61,-6616
84.62,-5820
84.63,-5498
84.64,-6356
84.65,-7159
84.66,-6728
84.67,-5329
84.68,-5148
84.69,-6207
84.7,-5408
84.71,-4476
84.72,-4273
84.73,-3016
84.74,-2161
84.75,-2576
84.76,-3758
84.77,-3709
84.78,-4233
84.79,-4055
84.8,-406
84.81,1439
84.82,327
84.83,-1452
84.84,-3574
84.85,-4043
84.86,-1289
84.87,1195
84.88,1029
84.89,113
84.9,-536
84.91,14
84.92,1706
84.93,2318
84.94,391
84.95,-1447
84.96,-765
84.97,725
84.98,1265
84.99,2471
85.0,3228
85.01,1138
85.02,121
85.03,422
85.04,627
85.05,2440
85.06,4378
85.07,4928
85.08,5065
85.09,5000
85.1,3957
85.11,3279
85.12,3207
85.13,4383
85.14,5627
85.15,4493
85.16,3853
85.17,4002
85.18,4336
85.19,6087
85.2,7727
85.21,8324
85.22,8449
85.23,8088
85.24,7117
85.25,5944
85.26,5589
85.27,6810
85.28,8575
85.29,9041
85.3,8314
85.31,8067
85.32,8331
85.33,8331
85.34,8102
85.35,7510
85.36,7586
85.37,9117
85.38,10266
85.39,10336
85.4,10427
85.41,9527
85.42,7443
85.43,7011
85.44,8412
85.45,9902
85.46,11143
85.47,11128
85.48,9962
85.49,10130
85.5,11800
85.51,13087
85.52,13182
85.53,12404
85.54,10752
85.55,9435
85.56,10774
85.57,11543
85.58,10291
85.59,9013
85.6,7350
85.61,7370
85.62,9561
85.63,11912
85.64,13234
85.65,13553
85.66,12649
85.67,10426
85.68,9124
85.69,8954
85.7,9806
85.71,11806
85.72,12463
85.73,11000
85.74,9735
85.75,9980
85.76,9842
85.77,9167
85.78,9935
85.79,10967
85.8,11142
85.81,11604
85.82,12292
85.83,12236
85.84,11598
85.85,10992
85.86,10599
85.87,9927
85.88,8751
85.89,8419
85.9,10024
85.91,11229
85.92,9515
85.93,8373
85.94,9805
85.95,10115
85.96,9476
85.97,9520
85.98,9368
85.99,8660
86.0,8526
86.01,9489
86.02,9624
86.03,10047
86.04,11275
86.05,11262
86.06,9534
86.07,6844
86.08,5472
86.09,5428
86.1,6968
86.11,9784
86.12,10750
86.13,9282
86.14,6874
86.15,5860
86.16,7433
86.17,7892
86.18,5854
86.19,5562
86.2,6668
86.21,7365
86.22,7486
86.23,5962
86.24,4960
86.25,5727
86.26,7321
86.27,8799
86.28,8095
86.29,6621
86.3,6231
86.31,6359
86.32,6651
86.33,6426
86.34,6721
86.35,5919
86.36,3417
86.37,2945
86.38,4301
86.39,5244
86.4,4885
86.41,3670
86.42,2773
86.43,3435
86.44,4980
86.45,5250
86.46,5076
86.47,5952
86.48,5833
86.49,3296
86.5,2253
86.51,3833
86.52,4035
86.53,2632
86.54,1065
86.55,-347
86.56,-97
86.57,2044
86.58,3326
86.59,2984
86.6,2276
86.61,864
86.62,-1099
86.63,-1633
86.64,-296
86.65,784
86.66,1385
86.67,165
86.68,-1707
86.69,-1017
86.7,610
86.71,1487
86.72,242
86.73,-1002
86.74,-814
86.75,81
86.76,1724
86.77,1744
86.78,980
86.79,260
86.8,-1348
86.81,-2408
86.82,-2102
86.83,-1416
86.84,-581
86.85,-719
86.86,-3548
86.87,-5610
86.88,-5452
86.89,-5100
86.9,-3226
86.91,-877
86.92,-893
86.93,-2480
86.94,-3003
86.95,-2424
86.96,-3500
86.97,-5258
86.98,-5022
86.99,-3872
87.0,-2453
87.01,-931
87.02,-1094
87.03,-2295
87.04,-3689
87.05,-4747
87.06,-4556
87.07,-3640
87.08,-2114
87.09,-1493
87.1,-2237
87.11,-3578
87.12,-4999
87.13,-5365
87.14,-4358
87.15,-2912
87.16,-2696
87.17,-3440
87.18,-3615
87.19,-3104
87.2,-3709
87.21,-4214
87.22,-3896
87.23,-4175
87.24,-3419
87.25,-2419
87.26,-3293
87.27,-5081
87.28,-4990
87.29,-3055
87.3,-2314
87.31,-2469
87.32,-2341
87.33,-2323
87.34,-2104
87.35,-2578
87.36,-3724
87.37,-3529
87.38,-2187
87.39,-889
87.4,329
87.41,1153
87.42,185
87.43,-2118
87.44,-3748
87.45,-3265
87.46,-1950
87.47,-3110
87.48,-4816
87.49,-4043
87.5,-2272
87.51,-636
87.52,361
87.53,-66
87.54,-1029
87.55,-1182
87.56,-1303
87.57,-1875
87.58,-1989
87.59,-2031
87.6,-2222
87.61,-2463
87.62,-2512
87.63,-2491
87.64,-2820
87.65,-2530
87.66,-1827
87.67,-1877
87.68,-2317
87.69,-2980
87.7,-3887
87.71,-3974
87.72,-3795
87.73,-4041
87.74,-4412
87.75,-3965
87.76,-3117
87.77,-3714
87.78,-4344
87.79,-4314
87.8,-4929
87.81,-5861
87.82,-4915
87.83,-3621
87.84,-3548
87.85,-3211
87.86,-3905
87.87,-4263
87.88,-3873
87.89,-4321
87.9,-5382
87.91,-7167
87.92,-8776
87.93,-9676
87.94,-8512
87.95,-6072
87.96,-5069
87.97,-5349
87.98,-6435
87.99,-7310
88.0,-7623
88.01,-8244
88.02,-8125
88.03,-7003
88.04,-6458
88.05,-6712
88.06,-6885
88.07,-6460
88.08,-6220
88.09,-6516
88.1,-6508
88.11,-7350
88.12,-9202
88.13,-9595
88.14,-7482
88.15,-5483
88.16,-6045
88.17,-7989
88.18,-9401
88.19,-8444
88.2,-6296
88.21,-5933
88.22,-7514
88.23,-9683
88.24,-10532
88.25,-9304
88.26,-7791
88.27,-7382
88.28,-8126
88.29,-9872
88.3,-10259
88.31,-9006
88.32,-7586
88.33,-5951
88.34,-5576
88.35,-6256
88.36,-8331
88.37,-10402
88.38,-8871
88.39,-7348
88.4,-7985
88.41,-7628
88.42,-6780
88.43,-7261
88.44,-8115
88.45,-8131
88.46,-8364
88.47,-9297
88.48,-9116
88.49,-7864
88.5,-7073
88.51,-7119
88.52,-6636
88.53,-6570
88.54,-8554
88.55,-9319
88.56,-8082
88.57,-6212
88.58,-4729
88.59,-5616
88.6,-7240
88.61,-7219
88.62,-5023
88.63,-2108
88.64,-2365
88.65,-4906
88.66,-6008
88.67,-5543
88.68,-4840
88.69,-5264
88.7,-5493
88.71,-4652
88.72,-4226
88.73,-4825
88.74,-5507
88.75,-5164
88.76,-4229
88.77,-2848
88.78,-2155
88.79,-3648
88.8,-6032
88.81,-6890
88.82,-5596
88.83,-3548
88.84,-2084
88.85,-1696
88.86,-1964
88.87,-2684
88.88,-4334
88.89,-5947
88.9,-6033
88.91,-3702
88.92,-1240
88.93,-1260
88.94,-2298
88.95,-3279
88.96,-3350
88.97,-2732
88.98,-2242
88.99,-2040
89.0,-3539
89.01,-5370
89.02,-4631
89.03,-2707
89.04,-2318
89.05,-2284
89.06,-1789
89.07,-2248
89.08,-2431
89.09,-2322
89.1,-2501
89.11,-814
89.12,1191
89.13,1184
89.14,-405
89.15,-1951
89.16,-1698
89.17,-444
89.18,59
89.19,-533
89.2,-813
89.21,-245
89.22,530
89.23,1067
89.24,996
89.25,-91
89.26,-592
89.27,2131
89.28,3711
89.29,2102
89.3,1635
89.31,1472
89.32,1819
89.33,3293
89.34,2960
89.35,913
89.36,-411
89.37,71
89.38,1041
89.39,1807
89.4,3206
89.41,4680
89.42,4545
89.43,3529
89.44,3052
89.45,2184
89.46,1744
89.47,2628
89.48,3211
89.49,4030
89.5,4453
89.51,3088
89.52,2571
89.53,3513
89.54,4582
89.55,4755
89.56,4403
89.57,4445
89.58,3665
89.59,3592
89.6,5003
89.61,6116
89.62,5528
89.63,3295
89.64,2069
89.65,2722
89.66,4242
89.67,5117
89.68,4642
89.69,4031
89.7,4226
89.71,4487
89.72,3922
89.73,2848
89.74,3188
89.75,5781
89.76,8447
89.77,9078
89.78,6449
89.79,2886
89.8,1539
89.81,2411
89.82,4123
89.83,5406
89.84,5890
89.85,5550
89.86,5327
89.87,4722
89.88,4204
89.89,4623
89.9,4095
89.91,3709
89.92,5232
89.93,6843
89.94,6039
89.95,3743
89.96,2477
89.97,2970
89.98,5679
89.99,8161
90.0,7837
90.01,5509
90.02,3126
90.03,2549
90.04,2965
90.05,3665
90.06,4755
90.07,5826
90.08,6272
90.09,5784
90.1,4442
90.11,2713
90.12,2641
90.13,3349
90.14,3175
90.15,2311
90.16,1616
90.17,2767
90.18,3617
90.19,3052
90.2,2330
90.21,445
90.22,-1789
90.23,-2446
90.24,-1553
90.25,-1230
90.26,-2074
90.27,-2942
90.28,-4987
90.29,-7716
90.3,-8693
90.31,-9089
90.32,-9580
90.33,-8693
90.34,-9086
90.35,-12203
90.36,-15131
90.37,-16231
90.38,-16734
90.39,-17864
90.4,-18597
90.41,-19835
90.42,-22716
90.43,-26598
90.44,-30048
90.45,-32367
90.46,-33842
90.47,-34122
90.48,-36004
90.49,-39914
90.5,-42756
90.51,-43874
90.52,-44066
90.53,-44715
90.54,-45721
90.55,-46334
90.56,-46043
90.57,-44343
90.58,-42369
90.59,-42924
90.6,-45857
90.61,-46946
90.62,-44936
90.63,-41933
90.64,-40182
90.65,-40937
90.66,-42590
90.67,-44074
90.68,-46080
90.69,-48035
90.7,-50752
90.71,-54713
90.72,-57776
90.73,-59107
90.74,-59439
90.75,-59814
90.76,-59990
90.77,-59443
90.78,-58416
90.79,-56338
90.8,-54213
90.81,-53455
90.82,-52071
90.83,-49867
90.84,-48906
90.85,-47317
90.86,-45318
90.87,-44302
90.88,-43521
90.89,-45162
90.9,-47738
90.91,-47939
90.92,-47180
90.93,-47506
90.94,-46753
90.95,-43735
90.96,-41440
90.97,-38098
90.98,-32740
90.99,-28156
91.0,-24906
91.01,-22825
91.02,-20947
91.03,-18063
91.04,-13846
91.05,-9170
91.06,-4621
91.07,531
91.08,4726
91.09,5784
91.1,6094
91.11,7574
91.12,8325
91.13,6787
91.14,2901
91.15,-2295
91.16,-7829
91.17,-12826
91.18,-15945
91.19,-17324
91.2,-18920
91.21,-19205
91.22,-16259
91.23,-11767
91.24,-7166
91.25,-6837
91.26,-11363
91.27,-16262
91.28,-20828
91.29,-24281
91.3,-26761
91.31,-31429
91.32,-38956
91.33,-46461
91.34,-53088
91.35,-57435
91.36,-58094
91.37,-59247
91.38,-63985
91.39,-71355
91.4,-77840
91.41,-80100
91.42,-80184
91.43,-81037
91.44,-82539
91.45,-83958
91.46,-84289
91.47,-82635
91.48,-79547
91.49,-76412
91.5,-74626
91.51,-75596
91.52,-78283
91.53,-81954
91.54,-88721
91.55,-99226
91.56,-110541
91.57,-120173
91.58,-127863
91.59,-133796
91.6,-137559
91.61,-138408
91.62,-138819
91.63,-139684
91.64,-139742
91.65,-139855
91.66,-141787
91.67,-145045
91.68,-147327
91.69,-147229
91.7,-143457
91.71,-138285
91.72,-134001
91.73,-130398
91.74,-128194
91.75,-127834
91.76,-127877
91.77,-127378
91.78,-127218
91.79,-128740
91.8,-130935
91.81,-130919
91.82,-130265
91.83,-129313
91.84,-126946
91.85,-125649
91.86,-127973
91.87,-133361
91.88,-136088
91.89,-133533
91.9,-127550
91.91,-119265
91.92,-111750
91.93,-106043
91.94,-99255
91.95,-92316
91.96,-87237
91.97,-83724
91.98,-84030
91.99,-86380
92.0,-86558
92.01,-85709
92.02,-85637
92.03,-85682
92.04,-84340
92.05,-82717
92.06,-82337
92.07,-83384
92.08,-84734
92.09,-86572
92.1,-90251
92.11,-92636
92.12,-90899
92.13,-85692
92.14,-79690
92.15,-74555
92.16,-69070
92.17,-61489
92.18,-51658
92.19,-40847
92.2,-28312
92.21,-15284
92.22,-5033
92.23,2361
92.24,7975
92.25,12069
92.26,14767
92.27,17543
92.28,20592
92.29,21923
92.3,19971
92.31,14261
92.32,6593
92.33,-6
92.34,-5739
92.35,-12365
92.36,-19484
92.37,-26637
92.38,-31504
92.39,-32606
92.4,-31981
92.41,-31161
92.42,-30061
92.43,-29510
92.44,-30645
92.45,-32319
92.46,-36452
92.47,-44098
92.48,-53539
92.49,-64040
92.5,-75027
92.51,-85755
92.52,-93162
92.53,-98598
92.54,-104210
92.55,-106981
92.56,-106856
92.57,-106370
92.58,-105752
92.59,-106314
92.6,-111388
92.61,-121168
92.62,-133144
92.63,-144476
92.64,-154080
92.65,-162076
92.66,-168918
92.67,-176284
92.68,-184609
92.69,-193262
92.7,-201439
92.71,-208529
92.72,-214085
92.73,-217396
92.74,-218426
92.75,-218229
92.76,-218618
92.77,-219604
92.78,-220310
92.79,-220936
92.8,-221556
92.81,-221465
92.82,-219643
92.83,-216295
92.84,-211827
92.85,-207982
92.86,-205566
92.87,-203181
92.88,-200667
92.89,-196171
92.9,-189877
92.91,-184106
92.92,-176147
92.93,-164171
92.94,-150510
92.95,-136817
92.96,-126487
92.97,-122474
92.98,-124544
92.99,-132272
93.0,-142660
93.01,-151859
93.02,-159970
93.03,-167616
93.04,-172202
93.05,-173221
93.06,-173116
93.07,-172345
93.08,-169183
93.09,-165647
93.1,-168235
93.11,-179767
93.12,-199374
93.13,-225102
93.14,-253577
93.15,-279560
93.16,-300687
93.17,-320708
93.18,-342717
93.19,-367213
93.2,-390389
93.21,-408666
93.22,-423409
93.23,-434751
93.24,-441914
93.25,-444160
93.26,-440986
93.27,-431784
93.28,-417976
93.29,-403460
93.3,-389758
93.31,-376160
93.32,-361887
93.33,-350477
93.34,-343820
93.35,-341520
93.36,-344314
93.37,-351089
93.38,-363470
93.39,-379560
93.4,-394678
93.41,-407240
93.42,-417960
93.43,-427167
93.44,-431607
93.45,-431409
93.46,-427318
93.47,-420855
93.48,-416657
93.49,-416172
93.5,-419226
93.51,-425804
93.52,-433349
93.53,-438237
93.54,-438816
93.55,-433782
93.56,-423326
93.57,-410782
93.58,-399780
93.59,-389727
93.6,-378456
93.61,-366257
93.62,-353018
93.63,-336544
93.64,-313793
93.65,-285668
93.66,-256089
93.67,-229582
93.68,-211086
93.69,-199841
93.7,-190546
93.71,-181321
93.72,-174195
93.73,-167921
93.74,-156293
93.75,-137423
93.76,-116453
93.77,-98405
93.78,-83679
93.79,-70790
93.8,-60183
93.81,-50540
93.82,-40214
93.83,-31392
93.84,-24089
93.85,-16515
93.86,-9643
93.87,-5849
93.88,-7426
93.89,-14250
93.9,-26938
93.91,-46505
93.92,-70912
93.93,-96388
93.94,-118035
93.95,-134401
93.96,-146585
93.97,-158534
93.98,-175784
93.99,-198774
94.0,-221875
94.01,-237481
94.02,-243085
94.03,-238680
94.04,-224503
94.05,-202250
94.06,-175781
94.07,-149747
94.08,-126153
94.09,-102358
94.1,-72760
94.11,-39436
94.12,-9254
94.13,13589
94.14,26999
94.15,35304
94.16,47413
94.17,66754
94.18,90842
94.19,117065
94.2,141103
94.21,158818
94.22,164681
94.23,153157
94.24,126461
94.25,89002
94.26,44432
94.27,-2220
94.28,-44455
94.29,-78788
94.3,-105931
94.31,-125049
94.32,-135376
94.33,-137800
94.34,-132906
94.35,-121692
94.36,-109605
94.37,-103568
94.38,-106791
94.39,-120994
94.4,-147174
94.41,-183150
94.42,-226235
94.43,-277271
94.44,-337496
94.45,-409560
94.46,-493761
94.47,-584918
94.48,-676702
94.49,-764253
94.5,-844896
94.51,-917974
94.52,-984777
94.53,-1041639
94.54,-1087096
94.55,-1123615
94.56,-1150998
94.57,-1171702
94.58,-1187859
94.59,-1199472
94.6,-1207817
94.61,-1215466
94.62,-1221457
94.63,-1225465
94.64,-1228961
94.65,-1229340
94.66,-1222638
94.67,-1205875
94.68,-1180984
94.69,-1152084
94.7,-1124641
94.71,-1104095
94.72,-1090880
94.73,-1083125
94.74,-1078030
94.75,-1073251
94.76,-1065785
94.77,-1053479
94.78,-1035243
94.79,-1009505
94.8,-976555
94.81,-941699
94.82,-913988
94.83,-897610
94.84,-891044
94.85,-888094
94.86,-884954
94.87,-885965
94.88,-895375
94.89,-909579
94.9,-919959
94.91,-924063
94.92,-925920
94.93,-933417
94.94,-950306
94.95,-971845
94.96,-994525
94.97,-1021124
94.98,-1058126
94.99,-1109070
95.0,-1172417
95.01,-1239422
95.02,-1302215
95.03,-1359128
95.04,-1409131
95.05,-1452023
95.06,-1485665
95.07,-1507079
95.08,-1513141
95.09,-1498308
95.1,-1457600
95.11,-1392858
95.12,-1312132
95.13,-1222998
95.14,-1129851
95.15,-1034021
95.16,-937054
95.17,-842468
95.18,-757911
95.19,-691974
95.2,-647003
95.21,-620396
95.22,-606620
95.23,-597303
95.24,-585664
95.25,-567543
95.26,-537730
95.27,-492494
95.28,-432359
95.29,-364739
95.3,-299421
95.31,-239457
95.32,-181467
95.33,-120390
95.34,-56669
95.35,3441
95.36,46715
95.37,58453
95.38,36507
95.39,-10220
95.4,-68632
95.41,-129093
95.42,-188086
95.43,-241822
95.44,-287005
95.45,-328966
95.46,-376148
95.47,-432105
95.48,-498061
95.49,-568679
95.5,-632549
95.51,-680652
95.52,-708300
95.53,-713663
95.54,-700102
95.55,-675731
95.56,-647704
95.57,-615916
95.58,-575046
95.59,-526150
95.6,-478040
95.61,-442632
95.62,-431616
95.63,-450661
95.64,-496622
95.65,-562256
95.66,-637530
95.67,-707281
95.68,-759012
95.69,-788304
95.7,-798591
95.71,-798917
95.72,-797474
95.73,-795865
95.74,-789414
95.75,-776838
95.76,-758580
95.77,-728794
95.78,-679168
95.79,-604825
95.8,-514364
95.81,-430564
95.82,-372416
95.83,-341091
95.84,-328096
95.85,-327855
95.86,-336152
95.87,-349126
95.88,-365849
95.89,-390394
95.9,-429959
95.91,-488728
95.92,-561656
95.93,-634972
95.94,-692028
95.95,-719978
95.96,-719352
95.97,-700970
95.98,-674008
95.99,-642293
96.0,-612114
96.01,-593506
96.02,-588291
96.03,-586478
96.04,-578345
96.05,-567808
96.06,-563595
96.07,-571266
96.08,-596710
96.09,-643131
96.1,-716030
96.11,-826665
96.12,-974260
96.13,-1135395
96.14,-1282429
96.15,-1401709
96.16,-1496717
96.17,-1577459
96.18,-1643774
96.19,-1687512
96.2,-1705708
96.21,-1698244
96.22,-1663476
96.23,-1599466
96.24,-1497016
96.25,-1349119
96.26,-1167330
96.27,-977401
96.28,-807298
96.29,-674538
96.3,-583517
96.31,-530890
96.32,-507094
96.33,-496302
96.34,-483270
96.35,-457122
96.36,-407733
96.37,-330063
96.38,-223338
96.39,-85813
96.4,84647
96.41,286940
96.42,514335
96.43,756033
96.44,994036
96.45,1207671
96.46,1384690
96.47,1522820
96.48,1629797
96.49,1721967
96.5,1810931
96.51,1892097
96.52,1954525
96.53,1993431
96.54,2001875
96.55,1962498
96.56,1862224
96.57,1711405
96.58,1540973
96.59,1377778
96.6,1234201
96.61,1118142
96.62,1032969
96.63,973312
96.64,927318
96.65,886855
96.66,855056
96.67,842996
96.68,861541
96.69,911223
96.7,980552
96.71,1051682
96.72,1111801
96.73,1155098
96.74,1175292
96.75,1168443
96.76,1139528
96.77,1102216
96.78,1065496
96.79,1026882
96.8,979417
96.81,922131
96.82,865972
96.83,824139
96.84,800562
96.85,789583
96.86,786722
96.87,788909
96.88,788271
96.89,779608
96.9,761980
96.91,732982
96.92,693285
96.93,653490
96.94,625250
96.95,610944
96.96,603664
96.97,594013
96.98,574934
96.99,539396
97.0,481375
97.01,395458
97.02,281542
97.03,147133
97.04,261
97.05,-153067
97.06,-305619
97.07,-445231
97.08,-554303
97.09,-612483
97.1,-611886
97.11,-560742
97.12,-476022
97.13,-384195
97.14,-308611
97.15,-254817
97.16,-215502
97.17,-184919
97.18,-161458
97.19,-143293
97.2,-123968
97.21,-93983
97.22,-49062
97.23,10504
97.24,79456
97.25,145975
97.26,196085
97.27,219384
97.28,209587
97.29,165766
97.3,97897
97.31,28036
97.32,-19638
97.33,-35010
97.34,-23027
97.35,2577
97.36,27214
97.37,41766
97.38,39216
97.39,14900
97.4,-28653
97.41,-84024
97.42,-147160
97.43,-217359
97.44,-290966
97.45,-352803
97.46,-384847
97.47,-385767
97.48,-371969
97.49,-362520
97.5,-356409
97.51,-332945
97.52,-273985
97.53,-182089
97.54,-76109
97.55,29802
97.56,132954
97.57,234882
97.58,328994
97.59,398172
97.6,428397
97.61,427070
97.62,417215
97.63,414732
97.64,425044
97.65,450680
97.66,493766
97.67,547284
97.68,594827
97.69,618376
97.7,604988
97.71,555043
97.72,481121
97.73,403314
97.74,338867
97.75,300116
97.76,295908
97.77,325594
97.78,380604
97.79,448421
97.8,513485
97.81,555230
97.82,560445
97.83,530991
97.84,471698
97.85,384242
97.86,268987
97.87,127671
97.88,-37075
97.89,-215189
97.9,-383793
97.91,-512840
97.92,-576547
97.93,-563562
97.94,-472859
97.95,-309405
97.96,-89682
97.97,164483
97.98,442683
97.99,743483
98.0,1063824
98.01,1395226
98.02,1727172
98.03,2045881
98.04,2327790
98.05,2550759
98.06,2698933
98.07,2765392
98.08,2754377
98.09,2676977
98.1,2552101
98.11,2400284
98.12,2237995
98.13,2072592
98.14,1905267
98.15,1735198
98.16,1557428
98.17,1367842
98.18,1171102
98.19,979886
98.2,806885
98.21,662035
98.22,546998
98.23,454652
98.24,378082
98.25,313829
98.26,257891
98.27,205653
98.28,157797
98.29,124733
98.3,117613
98.31,131837
98.32,153691
98.33,172941
98.34,182788
98.35,178561
98.36,158089
98.37,120335
98.38,62150
98.39,-16845
98.4,-108428
98.41,-197492
98.42,-273877
98.43,-330833
98.44,-352681
98.45,-332745
98.46,-290818
98.47,-255545
98.48,-238805
98.49,-232074
98.5,-217542
98.51,-183730
98.52,-137054
98.53,-95391
98.54,-78973
98.55,-105105
98.56,-179139
98.57,-285864
98.58,-395974
98.59,-481572
98.6,-525981
98.61,-527551
98.62,-499317
98.63,-465555
98.64,-444489
98.65,-435117
98.66,-419041
98.67,-372388
98.68,-283120
98.69,-153090
98.7,5459
98.71,174051
98.72,332973
98.73,467221
98.74,571710
98.75,648928
98.76,708728
98.77,761512
98.78,810195
98.79,848314
98.8,866064
98.81,859216
98.82,825757
98.83,769796
98.84,704479
98.85,642379
98.86,591150
98.87,557605
98.88,544903
98.89,538082
98.9,507213
98.91,433227
98.92,320989
98.93,182888
98.94,25113
98.95,-151253
98.96,-348757
98.97,-574119
98.98,-836083
98.99,-1135924
99.0,-1456537
99.01,-1763668
99.02,-2028420
99.03,-2233969
99.04,-2368485
99.05,-2432068
99.06,-2443130
99.07,-2432222
99.08,-2422867
99.09,-2418725
99.1,-2403366
99.11,-2356797
99.12,-2269580
99.13,-2142510
99.14,-1986765
99.15,-1814492
99.16,-1632866
99.17,-1447042
99.18,-1265716
99.19,-1101511
99.2,-958388
99.21,-824859
99.22,-678582
99.23,-501386
99.24,-297884
99.25,-99598
99.26,56973
99.27,157769
99.28,211035
99.29,227701
99.3,206915
99.31,142365
99.32,41855
99.33,-70151
99.34,-169383
99.35,-249865
99.36,-328336
99.37,-424044
99.38,-538407
99.39,-658979
99.4,-783768
99.41,-929533
99.42,-1101215
99.43,-1272943
99.44,-1407035
99.45,-1481001
99.46,-1493635
99.47,-1452953
99.48,-1369934
99.49,-1257968
99.5,-1131166
99.51,-1003365
99.52,-890506
99.53,-800852
99.54,-719310
99.55,-615004
99.56,-462658
99.57,-263608
99.58,-49252
99.59,139860
99.6,277511
99.61,360509
99.62,404041
99.63,427375
99.64,435056
99.65,418747
99.66,371272
99.67,282934
99.68,133194
99.69,-94996
99.7,-392990
99.71,-724997
99.72,-1051677
99.73,-1354418
99.74,-1638029
99.75,-1916048
99.76,-2181020
99.77,-2403045
99.78,-2558143
99.79,-2641323
99.8,-2659756
99.81,-2611605
99.82,-2486026
99.83,-2280744
99.84,-2007557
99.85,-1680926
99.86,-1304266
99.87,-867555
99.88,-365988
99.89,170940
99.9,683195
99.91,1107101
99.92,1407639
99.93,1580066
99.94,1635390
99.95,1602309
99.96,1505098
99.97,1361904
99.98,1198737
99.99,1041009
100.0,905572
100.01,791653
100.02,688214
100.03,578636
100.04,452997
100.05,326501
100.06,226283
100.07,167561
100.08,130419
100.09,73956
100.1,-23133
100.11,-159853
100.12,-334343
100.13,-546864
100.14,-792024
100.15,-1052580
100.16,-1300745
100.17,-1512486
100.18,-1678089
100.19,-1792905
100.2,-1834572
100.21,-1766821
100.22,-1571357
100.23,-1267808
100.24,-895484
100.25,-480819
100.26,-36872
100.27,415758
100.28,840858
100.29,1205045
100.3,1490180
100.31,1689816
100.32,1817895
100.33,1894589
100.34,1935782
100.35,1966561
100.36,2001359
100.37,2032948
100.38,2035471
100.39,1979849
100.4,1859710
100.41,1677241
100.42,1423231
100.43,1077382
100.44,636473
100.45,136769
100.46,-361318
100.47,-807366
100.48,-1188110
100.49,-1506677
100.5,-1745668
100.51,-1886800
100.52,-1943651
100.53,-1948174
100.54,-1929952
100.55,-1887708
100.56,-1793970
100.57,-1642831
100.58,-1467483
100.59,-1322234
100.6,-1240191
100.61,-1217761
100.62,-1228613
100.63,-1233298
100.64,-1188367
100.65,-1057039
100.66,-821730
100.67,-493182
100.68,-120137
100.69,238024
100.7,559904
100.71,862433
100.72,1160828
100.73,1445607
100.74,1717052
100.75,2009874
100.76,2361786
100.77,2778008
100.78,3216631
100.79,3612912
100.8,3908631
100.81,4066705
100.82,4080320
100.83,3966598
100.84,3770599
100.85,3560389
100.86,3401008
100.87,3317481
100.88,3280634
100.89,3232605
100.9,3121405
100.91,2924896
100.92,2649162
100.93,2321747
100.94,1983370
100.95,1685029
100.96,1481901
100.97,1410996
100.98,1476727
100.99,1655447
101.0,1913265
101.01,2220765
101.02,2553986
101.03,2879971
101.04,3163780
101.05,3385584
101.06,3541015
101.07,3647547
101.08,3732831
101.09,3802231
101.1,3842183
101.11,3854926
101.12,3864353
101.13,3892034
101.14,3934018
101.15,3966973
101.16,3978322
101.17,3983278
101.18,4010924
101.19,4070360
101.2,4141149
101.21,4187290
101.22,4172371
101.23,4071932
101.24,3879584
101.25,3606191
101.26,3272323
101.27,2906207
101.28,2544324
101.29,2225076
101.3,1974772
101.31,1801036
101.32,1704055
101.33,1683648
101.34,1733061
101.35,1834359
101.36,1962098
101.37,2084477
101.38,2169240
101.39,2205792
101.4,2220116
101.41,2257349
101.42,2337967
101.43,2441460
101.44,2536526
101.45,2612940
101.46,2682101
101.47,2755788
101.48,2839158
101.49,2934980
101.5,3039615
101.51,3142121
101.52,3232174
101.53,3302876
101.54,3351991
101.55,3384271
101.56,3404325
101.57,3413364
101.58,3417878
101.59,3428076
101.6,3445765
101.61,3461708
101.62,3460999
101.63,3430948
101.64,3366925
101.65,3274116
101.66,3167823
101.67,3075369
101.68,3028958
101.69,3052919
101.7,3159106
101.71,3335645
101.72,3540412
101.73,3717113
101.74,3828532
101.75,3879656
101.76,3899108
101.77,3900438
101.78,3862805
101.79,3758880
101.8,3591806
101.81,3388384
101.82,3179521
101.83,2983949
101.84,2804874
101.85,2641661
101.86,2485547
101.87,2305813
101.88,2061402
101.89,1743546
101.9,1393525
101.91,1072723
101.92,815009
101.93,613594
101.94,458366
101.95,367699
101.96,384201
101.97,538773
101.98,826989
101.99,1221217
102.0,1693123
102.01,2228920
102.02,2819551
102.03,3436984
102.04,4026682
102.05,4525747
102.06,4884315
102.07,5077577
102.08,5100501
102.09,4967906
102.1,4737277
102.11,4481266
102.12,4245807
102.13,4035700
102.14,3815087
102.15,3546803
102.16,3211574
102.17,2821455
102.18,2432872
102.19,2125149
102.2,1966971
102.21,1983473
102.22,2149246
102.23,2402807
102.24,2678376
102.25,2927066
102.26,3120544
102.27,3257952
102.28,3358581
102.29,3442012
102.3,3516513
102.31,3581462
102.32,3631822
102.33,3659402
102.34,3652704
102.35,3603362
102.36,3521252
102.37,3442700
102.38,3415783
102.39,3478914
102.4,3648011
102.41,3913039
102.42,4249399
102.43,4625513
102.44,4998673
102.45,5324124
102.46,5576636
102.47,5745043
102.48,5813724
102.49,5772626
102.5,5626243
102.51,5384417
102.52,5062344
102.53,4669569
102.54,4214543
102.55,3734198
102.56,3272819
102.57,2861836
102.58,2520079
102.59,2249562
102.6,2039992
102.61,1875000
102.62,1752768
102.63,1683214
102.64,1663385
102.65,1660369
102.66,1625564
102.67,1529546
102.68,1371133
102.69,1162956
102.7,920064
102.71,661819
102.72,407759
102.73,167813
102.74,-65441
102.75,-304212
102.76,-553920
102.77,-821576
102.78,-1105224
102.79,-1376549
102.8,-1586843
102.81,-1688640
102.82,-1655495
102.83,-1491333
102.84,-1228876
102.85,-915162
102.86,-593204
102.87,-296262
102.88,-45675
102.89,155458
102.9,318188
102.91,456294
102.92,573190
102.93,659619
102.94,709787
102.95,725177
102.96,705182
102.97,644459
102.98,538638
102.99,390581
103.0,209371
103.01,4423
103.02,-217330
103.03,-437452
103.04,-619905
103.05,-731423
103.06,-762258
103.07,-727933
103.08,-645771
103.09,-510997
103.1,-303587
103.11,-13389
103.12,349359
103.13,762215
103.14,1194745
103.15,1607418
103.16,1964356
103.17,2246363
103.18,2441558
103.19,2532265
103.2,2502790
103.21,2364085
103.22,2150656
103.23,1893330
103.24,1619486
103.25,1350736
103.26,1083329
103.27,788438
103.28,443909
103.29,64304
103.3,-315325
103.31,-663852
103.32,-952769
103.33,-1155641
103.34,-1264497
103.35,-1304202
103.36,-1313800
103.37,-1316190
103.38,-1315284
103.39,-1305419
103.4,-1276568
103.41,-1217930
103.42,-1122006
103.43,-993943
103.44,-851792
103.45,-727871
103.46,-661086
103.47,-668778
103.48,-734975
103.49,-823327
103.5,-897291
103.51,-934040
103.52,-932266
103.53,-901028
103.54,-846585
103.55,-781218
103.56,-723534
103.57,-681993
103.58,-646015
103.59,-588763
103.6,-484144
103.61,-335412
103.62,-176604
103.63,-45676
103.64,31281
103.65,35037
103.66,-44169
103.67,-192065
103.68,-374795
103.69,-552337
103.7,-691040
103.71,-777321
103.72,-818975
103.73,-831700
103.74,-827290
103.75,-822532
103.76,-843300
103.77,-898012
103.78,-964462
103.79,-1018968
103.8,-1054026
103.81,-1074086
103.82,-1098350
103.83,-1153380
103.84,-1254938
103.85,-1393022
103.86,-1536315
103.87,-1654258
103.88,-1731163
103.89,-1767755
103.9,-1784666
103.91,-1823325
103.92,-1917545
103.93,-2061088
103.94,-2218240
103.95,-2361113
103.96,-2477596
103.97,-2551986
103.98,-2565402
103.99,-2513289
104.0,-2413485
104.01,-2297415
104.02,-2196703
104.03,-2129423
104.04,-2093726
104.05,-2080050
104.06,-2080563
104.07,-2086601
104.08,-2091232
104.09,-2097819
104.1,-2124010
104.11,-2194469
104.12,-2318479
104.13,-2479289
104.14,-2646361
104.15,-2793642
104.16,-2915452
104.17,-3021525
104.18,-3127258
104.19,-3250858
104.2,-3396429
104.21,-3545737
104.22,-3676207
104.23,-3773675
104.24,-3834454
104.25,-3862492
104.26,-3858984
104.27,-3819845
104.28,-3740293
104.29,-3622698
104.3,-3477763
104.31,-3310916
104.32,-3116793
104.33,-2893296
104.34,-2655892
104.35,-2432510
104.36,-2243624
104.37,-2091319
104.38,-1970752
104.39,-1882731
104.4,-1827339
104.41,-1799473
104.42,-1798741
104.43,-1830636
104.44,-1896782
104.45,-1993066
104.46,-2112889
104.47,-2245751
104.48,-2372340
104.49,-2466551
104.5,-2509898
104.51,-2503628
104.52,-2468341
104.53,-2428684
104.54,-2397652
104.55,-2377591
104.56,-2363622
104.57,-2343326
104.58,-2304318
104.59,-2248334
104.6,-2194153
104.61,-2160988
104.62,-2147062
104.63,-2131885
104.64,-2105996
104.65,-2078754
104.66,-2042328
104.67,-1960198
104.68,-1803748
104.69,-1575581
104.7,-1307204
104.71,-1047253
104.72,-842326
104.73,-716375
104.74,-667717
104.75,-683535
104.76,-741743
104.77,-815454
104.78,-884792
104.79,-946531
104.8,-1017993
104.81,-1112298
104.82,-1219389
104.83,-1315841
104.84,-1384953
104.85,-1425351
104.86,-1448355
104.87,-1473551
104.88,-1511412
104.89,-1561107
104.9,-1621278
104.91,-1692151
104.92,-1770734
104.93,-1841977
104.94,-1878138
104.95,-1855090
104.96,-1779402
104.97,-1687403
104.98,-1613264
104.99,-1564694
105.0,-1525808
105.01,-1481043
105.02,-1437493
105.03,-1420940
105.04,-1448794
105.05,-1509849
105.06,-1568732
105.07,-1597869
105.08,-1598197
105.09,-1582785
105.1,-1555162
105.11,-1507947
105.12,-1441890
105.13,-1374574
105.14,-1330153
105.15,-1331351
105.16,-1389832
105.17,-1493262
105.18,-1606980
105.19,-1703699
105.2,-1792182
105.21,-1907131
105.22,-2076798
105.23,-2302116
105.24,-2556588
105.25,-2795529
105.26,-2970473
105.27,-3047821
105.28,-3021539
105.29,-2920927
105.3,-2806044
105.31,-2739306
105.32,-2755130
105.33,-2850504
105.34,-2983793
105.35,-3084213
105.36,-3099870
105.37,-3042598
105.38,-2962448
105.39,-2901869
105.4,-2881235
105.41,-2883863
105.42,-2862700
105.43,-2773128
105.44,-2581665
105.45,-2268044
105.46,-1844469
105.47,-1368763
105.48,-921929
105.49,-564817
105.5,-316246
105.51,-160690
105.52,-69465
105.53,-19048
105.54,-4244
105.55,-37478
105.56,-124253
105.57,-248249
105.58,-385021
105.59,-506161
105.6,-578172
105.61,-585100
105.62,-553506
105.63,-543535
105.64,-604536
105.65,-743428
105.66,-932532
105.67,-1131610
105.68,-1295747
105.69,-1383313
105.7,-1373025
105.71,-1272806
105.72,-1110052
105.73,-909093
105.74,-683037
105.75,-432015
105.76,-139289
105.77,214250
105.78,619508
105.79,1038544
105.8,1426356
105.81,1735194
105.82,1929333
105.83,1996800
105.84,1949023
105.85,1821536
105.86,1655438
105.87,1473380
105.88,1272718
105.89,1042702
105.9,778476
105.91,485080
105.92,186604
105.93,-84559
105.94,-305906
105.95,-463828
105.96,-540829
105.97,-514445
105.98,-383568
105.99,-187263
106.0,20666
106.01,206973
106.02,362454
106.03,486710
106.04,577408
106.05,637061
106.06,672366
106.07,681527
106.08,664629
106.09,637607
106.1,622524
106.11,634653
106.12,692142
106.13,819780
106.14,1016382
106.15,1239004
106.16,1436119
106.17,1577540
106.18,1654693
106.19,1672422
106.2,1640003
106.21,1560448
106.22,1429394
106.23,1249057
106.24,1035671
106.25,807421
106.26,580619
106.27,387184
106.28,276051
106.29,277275
106.3,368860
106.31,486411
106.32,562408
106.33,568222
106.34,533773
106.35,517288
106.36,554940
106.37,634266
106.38,705347
106.39,723514
106.4,683307
106.41,616387
106.42,567456
106.43,574961
106.44,654374
106.45,784893
106.46,912202
106.47,976069
106.48,943822
106.49,821481
106.5,647084
106.51,467378
106.52,320734
106.53,225543
106.54,173173
106.55,135688
106.56,69483
106.57,-65942
106.58,-278801
106.59,-535368
106.6,-782787
106.61,-979936
106.62,-1109256
106.63,-1188688
106.64,-1262610
106.65,-1366694
106.66,-1504171
106.67,-1655664
106.68,-1802201
106.69,-1923662
106.7,-2003657
106.71,-2045574
106.72,-2067447
106.73,-2083530
106.74,-2094134
106.75,-2094180
106.76,-2081064
106.77,-2047543
106.78,-1981667
106.79,-1889538
106.8,-1803481
106.81,-1754091
106.82,-1744381
106.83,-1754402
106.84,-1757895
106.85,-1731527
106.86,-1658225
106.87,-1534684
106.88,-1382390
106.89,-1232808
106.9,-1100297
106.91,-985873
106.92,-896996
106.93,-844989
106.94,-840103
106.95,-890403
106.96,-989808
106.97,-1125853
106.98,-1291172
106.99,-1485632
107.0,-1715029
107.01,-1970861
107.02,-2210354
107.03,-2371299
107.04,-2412027
107.05,-2321572
107.06,-2105498
107.07,-1790153
107.08,-1426986
107.09,-1072933
107.1,-764864
107.11,-508360
107.12,-292377
107.13,-103475
107.14,74198
107.15,239169
107.16,365086
107.17,429544
107.18,428955
107.19,365229
107.2,241719
107.21,74129
107.22,-108047
107.23,-273278
107.24,-401527
107.25,-484191
107.26,-512768
107.27,-476175
107.28,-370664
107.29,-202668
107.3,17107
107.31,272987
107.32,536446
107.33,778925
107.34,991568
107.35,1170639
107.36,1307870
107.37,1394957
107.38,1417232
107.39,1358398
107.4,1222461
107.41,1039766
107.42,835214
107.43,602214
107.44,323654
107.45,15961
107.46,-265180
107.47,-475533
107.48,-614561
107.49,-701587
107.5,-753845
107.51,-786531
107.52,-808742
107.53,-823955
107.54,-836425
107.55,-846324
107.56,-848144
107.57,-842543
107.58,-847778
107.59,-886760
107.6,-960220
107.61,-1052111
107.62,-1150940
107.63,-1249129
107.64,-1330954
107.65,-1371071
107.66,-1352454
107.67,-1285243
107.68,-1193412
107.69,-1092616
107.7,-986947
107.71,-871696
107.72,-744855
107.73,-616745
107.74,-509855
107.75,-446584
107.76,-433023
107.77,-464685
107.78,-537544
107.79,-645792
107.8,-781026
107.81,-930227
107.82,-1068209
107.83,-1171453
107.84,-1241256
107.85,-1296602
107.86,-1353166
107.87,-1417308
107.88,-1491770
107.89,-1578647
107.9,-1670093
107.91,-1733507
107.92,-1716357
107.93,-1582362
107.94,-1336694
107.95,-1017684
107.96,-682141
107.97,-381784
107.98,-139720
107.99,51412
108.0,222953
108.01,407711
108.02,604011
108.03,780088
108.04,905917
108.05,962177
108.06,943967
108.07,870541
108.08,785308
108.09,736474
108.1,747863
108.11,811323
108.12,898462
108.13,974992
108.14,1016887
108.15,1017179
108.16,983832
108.17,932433
108.18,879406
108.19,839299
108.2,815927
108.21,799153
108.22,775812
108.23,742129
108.24,698719
108.25,637706
108.26,549286
108.27,430937
108.28,293469
108.29,171355
108.3,114039
108.31,164301
108.32,345602
108.33,654024
108.34,1059018
108.35,1522835
108.36,2012336
108.37,2498932
108.38,2964561
108.39,3403909
108.4,3818973
108.41,4207715
108.42,4558386
108.43,4850981
108.44,5074386
108.45,5238647
108.46,5359114
108.47,5439983
108.48,5467032
108.49,5428005
108.5,5334872
108.51,5221187
108.52,5119033
108.53,5031675
108.54,4948828
108.55,4878240
108.56,4840176
108.57,4839866
108.58,4855589
108.59,4840403
108.6,4746316
108.61,4560563
108.62,4304406
108.63,4004048
108.64,3675549
108.65,3339730
108.66,3039493
108.67,2829604
108.68,2751824
108.69,2815929
108.7,2990286
108.71,3211240
108.72,3409528
108.73,3531658
108.74,3554109
108.75,3485425
108.76,3357300
108.77,3214709
108.78,3100564
108.79,3037614
108.8,3022708
108.81,3035344
108.82,3038254
108.83,2983157
108.84,2835486
108.85,2594778
108.86,2292453
108.87,1976719
108.88,1699785
108.89,1491208
108.9,1340514
108.91,1224946
108.92,1136501
108.93,1075695
108.94,1041920
108.95,1025830
108.96,1008067
108.97,970302
108.98,908333
108.99,835911
109.0,769882
109.01,725747
109.02,725182
109.03,787283
109.04,901988
109.05,1025048
109.06,1116517
109.07,1167821
109.08,1194700
109.09,1218367
109.1,1249764
109.11,1294693
109.12,1362463
109.13,1453206
109.14,1548643
109.15,1614612
109.16,1616982
109.17,1560930
109.18,1498373
109.19,1478832
109.2,1510875
109.21,1574677
109.22,1651418
109.23,1734535
109.24,1825325
109.25,1925653
109.26,2044800
109.27,2210505
109.28,2454348
109.29,2772722
109.3,3100505
109.31,3338659
109.32,3418426
109.33,3340403
109.34,3155342
109.35,2922912
109.36,2697838
109.37,2530772
109.38,2455557
109.39,2472415
109.4,2547060
109.41,2623445
109.42,2656500
109.43,2641352
109.44,2608985
109.45,2616361
109.46,2727847
109.47,2977935
109.48,3348028
109.49,3777556
109.5,4202763
109.51,4589802
109.52,4925801
109.53,5209381
109.54,5456872
109.55,5682075
109.56,5892361
109.57,6088652
109.58,6258072
109.59,6389031
109.6,6471650
109.61,6493236
109.62,6431826
109.63,6263630
109.64,5976212
109.65,5566505
109.66,5051968
109.67,4472704
109.68,3882251
109.69,3334111
109.7,2858619
109.71,2451844
109.72,2095780
109.73,1778184
109.74,1496407
109.75,1259977
109.76,1080927
109.77,966075
109.78,910909
109.79,896182
109.8,900303
109.81,912583
109.82,945191
109.83,1030714
109.84,1188458
109.85,1402828
109.86,1639774
109.87,1862117
109.88,2045328
109.89,2203475
109.9,2380953
109.91,2609299
109.92,2889947
109.93,3208475
109.94,3534129
109.95,3816928
109.96,4001709
109.97,4052272
109.98,3974849
109.99,3811861
110.0,3612550
110.01,3401349
110.02,3167114
110.03,2886400
110.04,2552931
110.05,2193769
110.06,1855341
110.07,1567190
110.08,1327339
110.09,1121738
110.1,957858
110.11,866873
110.12,868431
110.13,948836
110.14,1075328
110.15,1226386
110.16,1392984
110.17,1557720
110.18,1690206
110.19,1764626
110.2,1784829
110.21,1784193
110.22,1791393
110.23,1800967
110.24,1790311
110.25,1759750
110.26,1736065
110.27,1733779
110.28,1736894
110.29,1728519
110.3,1713905
110.31,1707984
110.32,1708295
110.33,1674524
110.34,1540450
110.35,1271422
110.36,906796
110.37,527714
110.38,196928
110.39,-71930
110.4,-287959
110.41,-451782
110.42,-571086
110.43,-658027
110.44,-720424
110.45,-749529
110.46,-716008
110.47,-605335
110.48,-428905
110.49,-224772
110.5,-35672
110.51,119947
110.52,243059
110.53,337647
110.54,396745
110.55,417778
110.56,406013
110.57,361660
110.58,277852
110.59,152249
110.6,4036
110.61,-134047
110.62,-241884
110.63,-339347
110.64,-480613
110.65,-698126
110.66,-957527
110.67,-1188659
110.68,-1348909
110.69,-1433341
110.7,-1456858
110.71,-1439074
110.72,-1382583
110.73,-1293750
110.74,-1199789
110.75,-1113359
110.76,-1012520
110.77,-851116
110.78,-598456
110.79,-278377
110.8,51595
110.81,355320
110.82,627446
110.83,854221
110.84,995110
110.85,1010968
110.86,900887
110.87,704057
110.88,470457
110.89,228646
110.9,-16413
110.91,-264739
110.92,-510210
110.93,-744847
110.94,-965651
110.95,-1163823
110.96,-1319410
110.97,-1412254
110.98,-1438371
110.99,-1418423
111.0,-1388102
111.01,-1376405
111.02,-1391154
111.03,-1424108
111.04,-1454795
111.05,-1446323
111.06,-1357412
111.07,-1179122
111.08,-950928
111.09,-731399
111.1,-567526
111.11,-479721
111.12,-455727
111.13,-458124
111.14,-445550
111.15,-401211
111.16,-334465
111.17,-260527
111.18,-202155
111.19,-192752
111.2,-256169
111.21,-383010
111.22,-534207
111.23,-674066
111.24,-788317
111.25,-885162
111.26,-991236
111.27,-1127099
111.28,-1293731
111.29,-1488270
111.3,-1714923
111.31,-1978042
111.32,-2268105
111.33,-2550892
111.34,-2784072
111.35,-2943771
111.36,-3021266
111.37,-3019495
111.38,-2951377
111.39,-2827971
111.4,-2659694
111.41,-2456408
111.42,-2229362
111.43,-1994801
111.44,-1763748
111.45,-1534241
111.46,-1304254
111.47,-1087136
111.48,-902405
111.49,-764168
111.5,-671050
111.51,-606899
111.52,-567641
111.53,-566849
111.54,-613534
111.55,-704127
111.56,-838530
111.57,-1029437
111.58,-1277986
111.59,-1558808
111.6,-1841123
111.61,-2104317
111.62,-2341479
111.63,-2555791
111.64,-2748763
111.65,-2915999
111.66,-3048114
111.67,-3136145
111.68,-3179702
111.69,-3185746
111.7,-3159073
111.71,-3097437
111.72,-2995215
111.73,-2846871
111.74,-2649667
111.75,-2412043
111.76,-2160284
111.77,-1927915
111.78,-1736764
111.79,-1591478
111.8,-1487031
111.81,-1425672
111.82,-1420392
111.83,-1470983
111.84,-1555747
111.85,-1650805
111.86,-1743995
111.87,-1835190
111.88,-1930562
111.89,-2030446
111.9,-2126503
111.91,-2209536
111.92,-2270139
111.93,-2302320
111.94,-2311275
111.95,-2307784
111.96,-2301531
111.97,-2304989
111.98,-2323320
111.99,-2344772
112.0,-2344945
112.01,-2295574
112.02,-2185462
112.03,-2025409
112.04,-1828858
112.05,-1598837
112.06,-1333094
112.07,-1037035
112.08,-725338
112.09,-411199
112.1,-102594
112.11,187079
112.12,422355
112.13,549940
112.14,533319
112.15,376312
112.16,119076
112.17,-187631
112.18,-507681
112.19,-818113
112.2,-1097930
112.21,-1321448
112.22,-1467550
112.23,-1533314
112.24,-1533685
112.25,-1491269
112.26,-1421773
112.27,-1340532
112.28,-1271725
112.29,-1234590
112.3,-1234930
112.31,-1269428
112.32,-1332521
112.33,-1417339
112.34,-1510361
112.35,-1590889
112.36,-1640378
112.37,-1651794
112.38,-1629087
112.39,-1585827
112.4,-1539001
112.41,-1504781
112.42,-1503569
112.43,-1550983
112.44,-1645490
112.45,-1764443
112.46,-1867506
112.47,-1920612
112.48,-1911278
112.49,-1838929
112.5,-1709108
112.51,-1531236
112.52,-1314531
112.53,-1077411
112.54,-852609
112.55,-665510
112.56,-519377
112.57,-409473
112.58,-335992
112.59,-300594
112.6,-301253
112.61,-333674
112.62,-394413
112.63,-481383
112.64,-586385
112.65,-690207
112.66,-773891
112.67,-833917
112.68,-889438
112.69,-969050
112.7,-1086386
112.71,-1228948
112.72,-1367795
112.73,-1476850
112.74,-1538272
112.75,-1542520
112.76,-1496769
112.77,-1427230
112.78,-1359237
112.79,-1295691
112.8,-1221930
112.81,-1123561
112.82,-997405
112.83,-849434
112.84,-691225
112.85,-543222
112.86,-425497
112.87,-341324
112.88,-282371
112.89,-238461
112.9,-189327
112.91,-108726
112.92,12755
112.93,163342
112.94,323684
112.95,479654
112.96,628488
112.97,774607
112.98,921503
112.99,1069724
113.0,1220701
113.01,1373381
113.02,1519357
113.03,1651074
113.04,1768356
113.05,1873405
113.06,1966770
113.07,2044770
113.08,2098024
113.09,2119607
113.1,2111427
113.11,2075471
113.12,2004230
113.13,1891404
113.14,1746211
113.15,1587122
113.16,1427666
113.17,1267760
113.18,1097043
113.19,905765
113.2,685166
113.21,422001
113.22,111421
113.23,-227860
113.24,-568480
113.25,-891045
113.26,-1182126
113.27,-1428285
113.28,-1608341
113.29,-1692146
113.3,-1659435
113.31,-1526425
113.32,-1344167
113.33,-1166837
113.34,-1017378
113.35,-878444
113.36,-716332
113.37,-507128
113.38,-251115
113.39,23487
113.4,273002
113.41,459074
113.42,564344
113.43,594061
113.44,565330
113.45,500310
113.46,421716
113.47,340956
113.48,254300
113.49,156413
113.5,55552
113.51,-26924
113.52,-62934
113.53,-31029
113.54,70251
113.55,223811
113.56,405050
113.57,597807
113.58,788912
113.59,963282
113.6,1113297
113.61,1236775
113.62,1335991
113.63,1415795
113.64,1471310
113.65,1479108
113.66,1422338
113.67,1316243
113.68,1188409
113.69,1055921
113.7,926787
113.71,815159
113.72,741598
113.73,710825
113.74,702734
113.75,686799
113.76,641708
113.77,562220
113.78,459483
113.79,359274
113.8,285400
113.81,245866
113.82,235643
113.83,238530
113.84,235131
113.85,221927
113.86,215584
113.87,231726
113.88,266535
113.89,302092
113.9,316309
113.91,294281
113.92,233899
113.93,140279
113.94,24565
113.95,-89747
113.96,-168913
113.97,-191989
113.98,-163506
113.99,-102581
114.0,-25831
114.01,59497
114.02,154962
114.03,271546
114.04,418849
114.05,592747
114.06,778920
114.07,966319
114.08,1146516
114.09,1305032
114.1,1423342
114.11,1489741
114.12,1508580
114.13,1491613
114.14,1446660
114.15,1376608
114.16,1284542
114.17,1178088
114.18,1070750
114.19,984862
114.2,940811
114.21,938338
114.22,960588
114.23,987401
114.24,997130
114.25,974064
114.26,920047
114.27,859446
114.28,826892
114.29,840779
114.3,895560
114.31,972665
114.32,1050654
114.33,1105768
114.34,1117561
114.35,1085936
114.36,1030896
114.37,977675
114.38,941064
114.39,916664
114.4,882531
114.41,812179
114.42,696017
114.43,546657
114.44,388031
114.45,240337
114.46,113942
114.47,12745
114.48,-66544
114.49,-130064
114.5,-177140
114.51,-200808
114.52,-197072
114.53,-167578
114.54,-118251
114.55,-58517
114.56,92
114.57,44171
114.58,61562
114.59,47411
114.6,7151
114.61,-46664
114.62,-92552
114.63,-101183
114.64,-55508
114.65,35790
114.66,145417
114.67,238634
114.68,285026
114.69,268716
114.7,189469
114.71,58896
114.72,-108254
114.73,-301432
114.74,-504273
114.75,-692095
114.76,-849530
114.77,-979432
114.78,-1090524
114.79,-1178654
114.8,-1229156
114.81,-1229002
114.82,-1169120
114.83,-1049633
114.84,-884336
114.85,-696244
114.86,-509450
114.87,-342843
114.88,-212411
114.89,-132037
114.9,-105729
114.91,-123850
114.92,-159522
114.93,-174314
114.94,-141586
114.95,-58940
114.96,56945
114.97,189687
114.98,334676
114.99,480588
115.0,602803
115.01,677148
115.02,692508
115.03,659540
115.04,597559
115.05,517164
115.06,418934
115.07,297390
115.08,149060
115.09,-20608
115.1,-197040
115.11,-364363
115.12,-514388
115.13,-644042
115.14,-750011
115.15,-834458
115.16,-912149
115.17,-1001403
115.18,-1109289
115.19,-1229473
115.2,-1349678
115.21,-1456850
115.22,-1539093
115.23,-1590722
115.24,-1613173
115.25,-1611344
115.26,-1594536
115.27,-1576942
115.28,-1566340
115.29,-1556253
115.3,-1536331
115.31,-1504767
115.32,-1468497
115.33,-1435210
115.34,-1410493
115.35,-1391803
115.36,-1366591
115.37,-1329012
115.38,-1289023
115.39,-1259821
115.4,-1243517
115.41,-1236859
115.42,-1239918
115.43,-1254987
115.44,-1284576
115.45,-1318984
115.46,-1325978
115.47,-1269412
115.48,-1136618
115.49,-942583
115.5,-717631
115.51,-489123
115.52,-272429
115.53,-77226
115.54,87231
115.55,222265
115.56,348732
115.57,487011
115.58,636771
115.59,772899
115.6,859157
115.61,875306
115.62,825738
115.63,726782
115.64,590593
115.65,426884
115.66,249594
115.67,71696
115.68,-106390
115.69,-294344
115.7,-487013
115.71,-658010
115.72,-771879
115.73,-800637
115.74,-739385
115.75,-605426
115.76,-429464
115.77,-238646
115.78,-49472
115.79,121825
115.8,258131
115.81,349443
115.82,401839
115.83,440411
115.84,492452
115.85,567128
115.86,658535
115.87,759393
115.88,859867
115.89,940377
115.9,981672
115.91,978006
115.92,939218
115.93,887350
115.94,842089
115.95,804126
115.96,758412
115.97,693146
115.98,608128
115.99,515697
116.0,438157
116.01,393696
116.02,389157
116.03,425241
116.04,501580
116.05,613081
116.06,746697
116.07,882939
116.08,997953
116.09,1074583
116.1,1109340
116.11,1102851
116.12,1051640
116.13,953311
116.14,810935
116.15,633125
116.16,436194
116.17,240401
116.18,63453
116.19,-83415
116.2,-195483
116.21,-273294
116.22,-321811
116.23,-348729
116.24,-364210
116.25,-372373
116.26,-366701
116.27,-341298
116.28,-297480
116.29,-239879
116.3,-174614
116.31,-106301
116.32,-34843
116.33,38252
116.34,103205
116.35,144615
116.36,151853
116.37,126802
116.38,82958
116.39,31926
116.4,-26619
116.41,-99704
116.42,-194039
116.43,-305099
116.44,-419662
116.45,-532793
116.46,-644197
116.47,-741365
116.48,-803299
116.49,-818356
116.5,-789328
116.51,-731884
116.52,-670070
116.53,-617650
116.54,-567246
116.55,-507844
116.56,-443173
116.57,-384513
116.58,-337764
116.59,-309141
116.6,-309808
116.61,-345440
116.62,-406964
116.63,-473947
116.64,-527446
116.65,-558553
116.66,-573490
116.67,-585953
116.68,-598065
116.69,-597686
116.7,-572179
116.71,-520284
116.72,-454319
116.73,-396599
116.74,-359980
116.75,-328846
116.76,-269749
116.77,-155258
116.78,17925
116.79,229251
116.8,448129
116.81,640063
116.82,769143
116.83,812388
116.84,778324
116.85,704816
116.86,634278
116.87,590579
116.88,572278
116.89,561023
116.9,539450
116.91,500634
116.92,446767
116.93,389161
116.94,349056
116.95,352655
116.96,410283
116.97,501356
116.98,585244
116.99,626888
117.0,618069
117.01,578318
117.02,538591
117.03,519069
117.04,522042
117.05,536643
117.06,544611
117.07,527881
117.08,472582
117.09,378624
117.1,264410
117.11,156846
117.12,79634
117.13,43812
117.14,46210
117.15,70509
117.16,93531
117.17,105144
117.18,113291
117.19,126759
117.2,141408
117.21,141760
117.22,114162
117.23,53461
117.24,-40990
117.25,-163985
117.26,-301791
117.27,-439583
117.28,-564826
117.29,-663049
117.3,-727591
117.31,-771442
117.32,-809161
117.33,-837385
117.34,-843184
117.35,-819983
117.36,-770493
117.37,-691646
117.38,-571706
117.39,-405768
117.4,-200521
117.41,31208
117.42,273783
117.43,510030
117.44,725598
117.45,914570
117.46,1083053
117.47,1246596
117.48,1416848
117.49,1586964
117.5,1729491
117.51,1816830
117.52,1846012
117.53,1832943
117.54,1797092
117.55,1754710
117.56,1715985
117.57,1686137
117.58,1659238
117.59,1620379
117.6,1553085
117.61,1447625
117.62,1309602
117.63,1148011
117.64,965558
117.65,756985
117.66,511467
117.67,227785
117.68,-80233
117.69,-386240
117.7,-659078
117.71,-879159
117.72,-1042232
117.73,-1152710
117.74,-1217519
117.75,-1242034
117.76,-1230900
117.77,-1190338
117.78,-1132974
117.79,-1073413
117.8,-1014665
117.81,-954100
117.82,-898824
117.83,-865784
117.84,-868881
117.85,-906899
117.86,-967937
117.87,-1043375
117.88,-1127875
117.89,-1210063
117.9,-1278849
117.91,-1335420
117.92,-1394591
117.93,-1476910
117.94,-1595543
117.95,-1749417
117.96,-1923240
117.97,-2093172
117.98,-2240643
117.99,-2363234
118.0,-2464544
118.01,-2544002
118.02,-2606025
118.03,-2654472
118.04,-2681591
118.05,-2677739
118.06,-2644934
118.07,-2595918
118.08,-2540507
118.09,-2484914
118.1,-2440429
118.11,-2417165
118.12,-2416432
118.13,-2439577
118.14,-2491508
118.15,-2572704
118.16,-2674756
118.17,-2779381
118.18,-2864225
118.19,-2910737
118.2,-2910649
118.21,-2865393
118.22,-2780165
118.23,-2665188
118.24,-2537272
118.25,-2416748
118.26,-2314482
118.27,-2223651
118.28,-2138860
118.29,-2075451
118.3,-2058438
118.31,-2101625
118.32,-2204390
118.33,-2361351
118.34,-2565510
118.35,-2797455
118.36,-3024717
118.37,-3219519
118.38,-3373981
118.39,-3500088
118.4,-3618885
118.41,-3744151
118.42,-3865494
118.43,-3961582
118.44,-4023672
118.45,-4055922
118.46,-4070948
118.47,-4078466
118.48,-4083846
118.49,-4098066
118.5,-4131295
118.51,-4182014
118.52,-4236871
118.53,-4276015
118.54,-4277775
118.55,-4229538
118.56,-4131685
118.57,-3990458
118.58,-3815415
118.59,-3622250
118.6,-3435719
118.61,-3280887
118.62,-3171553
118.63,-3113009
118.64,-3107775
118.65,-3154971
118.66,-3243138
118.67,-3352235
118.68,-3463764
118.69,-3559431
118.7,-3627323
118.71,-3669637
118.72,-3698219
118.73,-3722942
118.74,-3741828
118.75,-3745922
118.76,-3729161
118.77,-3690254
118.78,-3627982
118.79,-3547680
118.8,-3466392
118.81,-3404708
118.82,-3375413
118.83,-3375615
118.84,-3392437
118.85,-3416799
118.86,-3451640
118.87,-3499625
118.88,-3553053
118.89,-3602174
118.9,-3640648
118.91,-3665037
118.92,-3672047
118.93,-3657968
118.94,-3621549
118.95,-3567504
118.96,-3506290
118.97,-3451258
118.98,-3407778
118.99,-3362496
119.0,-3293275
119.01,-3190421
119.02,-3063275
119.03,-2926036
119.04,-2790042
119.05,-2658849
119.06,-2522611
119.07,-2363812
119.08,-2167870
119.09,-1932723
119.1,-1669420
119.11,-1401062
119.12,-1151799
119.13,-933693
119.14,-745034
119.15,-574632
119.16,-415317
119.17,-266831
119.18,-127696
119.19,12057
119.2,166824
119.21,342014
119.22,529169
119.23,708052
119.24,855245
119.25,953328
119.26,996718
119.27,992981
119.28,960571
119.29,924847
119.3,909129
119.31,921712
119.32,952009
119.33,978661
119.34,980376
119.35,947973
119.36,880671
119.37,777473
119.38,639178
119.39,472454
119.4,287270
119.41,88010
119.42,-124298
119.43,-344918
119.44,-564101
119.45,-773769
119.46,-972104
119.47,-1155477
119.48,-1311401
119.49,-1421897
119.5,-1476611
119.51,-1480921
119.52,-1451997
119.53,-1409923
119.54,-1368400
119.55,-1333018
119.56,-1303687
119.57,-1275929
119.58,-1241781
119.59,-1196079
119.6,-1142297
119.61,-1089349
119.62,-1047274
119.63,-1020325
119.64,-1005583
119.65,-998797
119.66,-1000093
119.67,-1013786
119.68,-1042413
119.69,-1086151
119.7,-1143114
119.71,-1210115
119.72,-1281441
119.73,-1349138
119.74,-1407541
119.75,-1451346
119.76,-1472247
119.77,-1456814
119.78,-1386332
119.79,-1245969
119.8,-1036160
119.81,-772131
119.82,-477399
119.83,-177669
119.84,105296
119.85,353129
119.86,552808
119.87,705282
119.88,827573
119.89,942910
119.9,1066458
119.91,1200031
119.92,1335179
119.93,1460258
119.94,1569681
119.95,1668019
119.96,1771385
119.97,1901285
119.98,2069380
119.99,2267972
120.0,2472251
120.01,2657508
120.02,2808549
120.03,2914267
120.04,2966412
120.05,2959868
120.06,2900007
120.07,2809614
120.08,2714812
120.09,2625122
120.1,2532668
120.11,2427312
120.12,2313316
120.13,2206987
120.14,2120462
120.15,2057730
120.16,2019197
120.17,2007719
120.18,2028960
120.19,2082109
120.2,2155713
120.21,2237858
120.22,2322322
120.23,2405264
120.24,2486628
120.25,2565370
120.26,2633394
120.27,2678810
120.28,2691856
120.29,2670686
120.3,2612473
120.31,2503883
120.32,2335852
120.33,2119214
120.34,1882854
120.35,1662378
120.36,1485184
120.37,1358395
120.38,1267269
120.39,1193042
120.4,1136366
120.41,1114737
120.42,1142806
120.43,1223315
120.44,1350176
120.45,1515554
120.46,1712637
120.47,1928189
120.48,2140570
120.49,2334502
120.5,2510259
120.51,2680358
120.52,2860160
120.53,3055289
120.54,3259191
120.55,3461801
120.56,3660085
120.57,3856689
120.58,4048879
120.59,4218641
120.6,4337726
120.61,4388236
120.62,4370002
120.63,4299395
120.64,4198804
120.65,4082809
120.66,3962653
120.67,3849259
120.68,3754273
120.69,3692166
120.7,3674322
120.71,3702468
120.72,3769151
120.73,3861361
120.74,3965264
120.75,4068343
120.76,4152066
120.77,4194635
120.78,4186510
120.79,4139772
120.8,4080859
120.81,4033592
120.82,4009741
120.83,4011354
120.84,4042816
120.85,4107404
120.86,4191109
120.87,4265771
120.88,4308680
120.89,4316417
120.9,4300005
120.91,4274587
120.92,4247845
120.93,4214679
120.94,4165610
120.95,4096756
120.96,4009331
120.97,3901320
120.98,3775362
120.99,3649604
121.0,3551176
121.01,3496357
121.02,3479492
121.03,3484255
121.04,3493897
121.05,3495919
121.06,3485945
121.07,3468221
121.08,3449435
121.09,3431444
121.1,3408809
121.11,3369539
121.12,3297071
121.13,3171451
121.14,2977940
121.15,2719479
121.16,2418304
121.17,2103325
121.18,1799684
121.19,1520987
121.2,1265024
121.21,1028109
121.22,816625
121.23,641603
121.24,513259
121.25,440665
121.26,429026
121.27,476801
121.28,571241
121.29,689627
121.3,813037
121.31,931035
121.32,1042552
121.33,1154094
121.34,1267629
121.35,1379008
121.36,1483500
121.37,1571318
121.38,1626669
121.39,1639265
121.4,1608021
121.41,1540713
121.42,1449751
121.43,1340237
121.44,1208890
121.45,1054739
121.46,889134
121.47,734195
121.48,615369
121.49,555668
121.5,573667
121.51,676926
121.52,855776
121.53,1089116
121.54,1354040
121.55,1636154
121.56,1931250
121.57,2241286
121.58,2572065
121.59,2928878
121.6,3309024
121.61,3701436
121.62,4088556
121.63,4447783
121.64,4756905
121.65,4993911
121.66,5149955
121.67,5233901
121.68,5274196
121.69,5310888
121.7,5360104
121.71,5414944
121.72,5458330
121.73,5478631
121.74,5475594
121.75,5444469
121.76,5378728
121.77,5275204
121.78,5144549
121.79,5006989
121.8,4878268
121.81,4763968
121.82,4662383
121.83,4578003
121.84,4522227
121.85,4506945
121.86,4528986
121.87,4566344
121.88,4597423
121.89,4617754
121.9,4632930
121.91,4634697
121.92,4603157
121.93,4524390
121.94,4394563
121.95,4217575
121.96,4002993
121.97,3767867
121.98,3531648
121.99,3304873
122.0,3092243
122.01,2893426
122.02,2698189
122.03,2495534
122.04,2283530
122.05,2067882
122.06,1858848
122.07,1671720
122.08,1518262
122.09,1399068
122.1,1306707
122.11,1231771
122.12,1171616
122.13,1127777
122.14,1101564
122.15,1090876
122.16,1081883
122.17,1061763
122.18,1018310
122.19,933476
122.2,802130
122.21,635448
122.22,462483
122.23,317096
122.24,220328
122.25,178359
122.26,179029
122.27,203306
122.28,237317
122.29,284933
122.3,359261
122.31,462991
122.32,590752
122.33,730152
122.34,859005
122.35,950601
122.36,983008
122.37,943593
122.38,834556
122.39,674021
122.4,486220
122.41,288212
122.42,84731
122.43,-124809
122.44,-338924
122.45,-549687
122.46,-747075
122.47,-932972
122.48,-1115542
122.49,-1294343
122.5,-1467532
122.51,-1635612
122.52,-1796245
122.53,-1942215
122.54,-2066479
122.55,-2166091
122.56,-2238766
122.57,-2287164
122.58,-2317342
122.59,-2334040
122.6,-2336918
122.61,-2324562
122.62,-2303684
122.63,-2284932
122.64,-2274609
122.65,-2269396
122.66,-2257980
122.67,-2221223
122.68,-2140654
122.69,-2016680
122.7,-1877734
122.71,-1767228
122.72,-1713611
122.73,-1716058
122.74,-1758876
122.75,-1833149
122.76,-1941310
122.77,-2093258
122.78,-2295916
122.79,-2544220
122.8,-2829536
122.81,-3148653
122.82,-3493574
122.83,-3841570
122.84,-4164320
122.85,-4434474
122.86,-4641772
122.87,-4798455
122.88,-4914000
122.89,-4985915
122.9,-5002026
122.91,-4949159
122.92,-4825443
122.93,-4643948
122.94,-4425240
122.95,-4185283
122.96,-3942251
122.97,-3720910
122.98,-3546368
122.99,-3438573
123.0,-3409632
123.01,-3462097
123.02,-3583519
123.03,-3752449
123.04,-3949650
123.05,-4160440
123.06,-4373384
123.07,-4573859
123.08,-4746825
123.09,-4891150
123.1,-5012851
123.11,-5117623
123.12,-5208180
123.13,-5273556
123.14,-5297295
123.15,-5270031
123.16,-5196003
123.17,-5090049
123.18,-4970641
123.19,-4854361
123.2,-4751493
123.21,-4671696
123.22,-4618342
123.23,-4584840
123.24,-4558754
123.25,-4527656
123.26,-4487117
123.27,-4438399
123.28,-4380599
123.29,-4304199
123.3,-4196412
123.31,-4053362
123.32,-3888562
123.33,-3731559
123.34,-3617389
123.35,-3579659
123.36,-3643313
123.37,-3810701
123.38,-4064752
123.39,-4379035
123.4,-4718952
123.41,-5053727
123.42,-5365704
123.43,-5653991
123.44,-5933041
123.45,-6218489
123.46,-6507837
123.47,-6781566
123.48,-7010274
123.49,-7134209
123.5,-7079406
123.51,-6875855
123.52,-6675954
123.53,-6514734
123.54,-6353071
123.55,-6237574
123.56,-6132385
123.57,-6016582
123.58,-5905181
123.59,-5782511
123.6,-5693724
123.61,-5645841
123.62,-5640230
123.63,-5537738
123.64,-4955269
123.65,-4101914
123.66,-4003203
123.67,-4278754
123.68,-4046687
123.69,-4116793
123.7,-4243012
123.71,-4200659
123.72,-4427654
123.73,-4440126
123.74,-4553942
123.75,-4605764
123.76,-4555533
123.77,-4551828
123.78,-4390903
123.79,-4317227
123.8,-4167951
123.81,-4077018
123.82,-3996940
123.83,-3927254
123.84,-3927185
123.85,-3913988
123.86,-3949610
123.87,-3930603
123.88,-3883134
123.89,-3765844
123.9,-3603591
123.91,-3418181
123.92,-3214403
123.93,-3025631
123.94,-2864568
123.95,-2771341
123.96,-2751203
123.97,-2808144
123.98,-2920689
123.99,-3074897
124.0,-3264682
124.01,-3482843
124.02,-3710216
124.03,-3917699
124.04,-4090879
124.05,-4229597
124.06,-4340992
124.07,-4430198
124.08,-4499257
124.09,-4554106
124.1,-4600900
124.11,-4637744
124.12,-4652230
124.13,-4624676
124.14,-4540903
124.15,-4407127
124.16,-4249682
124.17,-4100500
124.18,-3989225
124.19,-3941575
124.2,-3974439
124.21,-4092399
124.22,-4280798
124.23,-4506673
124.24,-4739236
124.25,-4964019
124.26,-5181806
124.27,-5397608
124.28,-5612934
124.29,-5828177
124.3,-6038564
124.31,-6237435
124.32,-6425173
124.33,-6605222
124.34,-6783627
124.35,-6967014
124.36,-7139520
124.37,-7197782
124.38,-6963023
124.39,-6490411
124.4,-6068894
124.41,-5668456
124.42,-5198332
124.43,-4800923
124.44,-4435595
124.45,-4129595
124.46,-3925276
124.47,-3775096
124.48,-3723251
124.49,-3721791
124.5,-3774154
124.51,-3846445
124.52,-3906866
124.53,-3961187
124.54,-3980339
124.55,-3983498
124.56,-3956566
124.57,-3921140
124.58,-3886390
124.59,-3859089
124.6,-3847397
124.61,-3845991
124.62,-3862582
124.63,-3893450
124.64,-3945006
124.65,-4003504
124.66,-3957865
124.67,-3464966
124.68,-2524369
124.69,-2069913
124.7,-2122805
124.71,-1762411
124.72,-1578406
124.73,-1620374
124.74,-1483371
124.75,-1623580
124.76,-1647051
124.77,-1713333
124.78,-1826564
124.79,-1838250
124.8,-1972660
124.81,-2002101
124.82,-2097508
124.83,-2114393
124.84,-2080712
124.85,-1997420
124.86,-1791042
124.87,-1555923
124.88,-1238036
124.89,-949127
124.9,-651958
124.91,-387220
124.92,-136711
124.93,125360
124.94,383604
124.95,644063
124.96,870351
124.97,1053894
124.98,1175604
124.99,1256942
125.0,1333273
125.01,1452541
125.02,1641794
125.03,1891608
125.04,2112473
125.05,2180130
125.06,2163832
125.07,2224018
125.08,2297133
125.09,2357497
125.1,2470561
125.11,2584215
125.12,2730856
125.13,2884579
125.14,3001803
125.15,3104593
125.16,3163389
125.17,3201187
125.18,3204410
125.19,3180844
125.2,3147389
125.21,3108249
125.22,3087375
125.23,3078402
125.24,3090132
125.25,3118428
125.26,3171425
125.27,3253650
125.28,3360054
125.29,3487442
125.3,3628898
125.31,3786744
125.32,3958011
125.33,4138031
125.34,4317243
125.35,4481769
125.36,4617698
125.37,4718901
125.38,4785551
125.39,4817661
125.4,4813842
125.41,4777079
125.42,4719745
125.43,4662330
125.44,4630164
125.45,4648633
125.46,4737388
125.47,4904449
125.48,5145975
125.49,5447383
125.5,5789026
125.51,6145176
125.52,6438108
125.53,6373208
125.54,5789382
125.55,5569188
125.56,6152403
125.57,6419988
125.58,6614187
125.59,7142885
125.6,7347931
125.61,7707580
125.62,7989080
125.63,8150009
125.64,8446497
125.65,8575080
125.66,8821666
125.67,8952022
125.68,9061566
125.69,9125901
125.7,9075287
125.71,9018612
125.72,8837981
125.73,8682917
125.74,8487369
125.75,8319895
125.76,8143378
125.77,7929974
125.78,7682853
125.79,7370533
125.8,7052914
125.81,6734325
125.82,6462875
125.83,6223930
125.84,6004657
125.85,5793772
125.86,5599013
125.87,5432939
125.88,5285792
125.89,5148020
125.9,5007673
125.91,4864771
125.92,4720770
125.93,4573090
125.94,4417892
125.95,4254503
125.96,4083297
125.97,3906319
125.98,3728935
125.99,3564184
126.0,3428519
126.01,3334374
126.02,3286658
126.03,3285946
126.04,3329249
126.05,3408011
126.06,3511477
126.07,3624159
126.08,3727553
126.09,3812864
126.1,3885227
126.11,3953537
126.12,4020579
126.13,4081802
126.14,4135862
126.15,4195241
126.16,4278784
126.17,4396398
126.18,4541840
126.19,4694807
126.2,4827706
126.21,4913722
126.22,4928781
126.23,4852903
126.24,4680834
126.25,4432522
126.26,4147566
126.27,3865658
126.28,3613773
126.29,3401431
126.3,3225405
126.31,3078929
126.32,2955282
126.33,2851722
126.34,2764909
126.35,2685240
126.36,2606944
126.37,2529809
126.38,2448573
126.39,2356228
126.4,2235437
126.41,2055780
126.42,1847420
126.43,1701689
126.44,1621584
126.45,1576871
126.46,1596599
126.47,1661352
126.48,1763140
126.49,1899014
126.5,2035567
126.51,2171021
126.52,2290716
126.53,2399464
126.54,2485857
126.55,2528466
126.56,2525192
126.57,2445561
126.58,2140897
126.59,1342248
126.6,451637
126.61,269841
126.62,183405
126.63,-238520
126.64,-325935
126.65,-503026
126.66,-699557
126.67,-708287
126.68,-841988
126.69,-761976
126.7,-693075
126.71,-530575
126.72,-287763
126.73,-73970
126.74,243367
126.75,506013
126.76,845460
126.77,1162024
126.78,1499081
126.79,1835338
126.8,2133691
126.81,2432290
126.82,2681690
126.83,2935860
126.84,3167615
126.85,3414350
126.86,3665853
126.87,3914609
126.88,4140742
126.89,4309168
126.9,4409796
126.91,4432025
126.92,4389584
126.93,4297039
126.94,4184179
126.95,4072405
126.96,3968551
126.97,3870071
126.98,3773075
126.99,3674848
127.0,3577815
127.01,3489684
127.02,3421094
127.03,3379956
127.04,3363376
127.05,3357466
127.06,3341139
127.07,3294469
127.08,3201101
127.09,3050598
127.1,2848976
127.11,2619974
127.12,2392499
127.13,2187361
127.14,2009290
127.15,1843895
127.16,1666595
127.17,1459648
127.18,1222522
127.19,967064
127.2,707040
127.21,453132
127.22,209403
127.23,-25785
127.24,-256800
127.25,-491675
127.26,-733871
127.27,-970868
127.28,-1184351
127.29,-1359875
127.3,-1480726
127.31,-1535749
127.32,-1531403
127.33,-1482910
127.34,-1407013
127.35,-1317635
127.36,-1220784
127.37,-1120783
127.38,-1018834
127.39,-912915
127.4,-799471
127.41,-675406
127.42,-546652
127.43,-427440
127.44,-326647
127.45,-238472
127.46,-154908
127.47,-74747
127.48,-2750
127.49,53068
127.5,86680
127.51,100733
127.52,109982
127.53,134029
127.54,192566
127.55,300213
127.56,460135
127.57,660911
127.58,876842
127.59,1078603
127.6,1244965
127.61,1367799
127.62,1448821
127.63,1495179
127.64,1519223
127.65,1532299
127.66,1532406
127.67,1501424
127.68,1421076
127.69,1287752
127.7,1118292
127.71,948982
127.72,816842
127.73,730718
127.74,661480
127.75,567129
127.76,423657
127.77,227676
127.78,-18484
127.79,-307323
127.8,-620391
127.81,-938207
127.82,-1252429
127.83,-1564628
127.84,-1878601
127.85,-2193921
127.86,-2499728
127.87,-2773756
127.88,-2997583
127.89,-3176458
127.9,-3330475
127.91,-3483988
127.92,-3664709
127.93,-3885768
127.94,-4143570
127.95,-4426866
127.96,-4718837
127.97,-5003457
127.98,-5270732
127.99,-5512631
128.0,-5720439
128.01,-5877900
128.02,-5955000
128.03,-5982222
128.04,-6050237
128.05,-6143116
128.06,-6215824
128.07,-6313464
128.08,-6433785
128.09,-6580673
128.1,-6763704
128.11,-6949800
128.12,-7135759
128.13,-7299375
128.14,-7444149
128.15,-7576558
128.16,-7697416
128.17,-7821929
128.18,-7946815
128.19,-8076974
128.2,-8201060
128.21,-8319938
128.22,-8445734
128.23,-8594112
128.24,-8763621
128.25,-8822458
128.26,-8582367
128.27,-8392695
128.28,-8726289
128.29,-8982855
128.3,-8991873
128.31,-9222030
128.32,-9289212
128.33,-9358387
128.34,-9486386
128.35,-9466201
128.36,-9518516
128.37,-9428499
128.38,-9342147
128.39,-9231712
128.4,-9096271
128.41,-9017334
128.42,-8874918
128.43,-8751973
128.44,-8557464
128.45,-8370508
128.46,-8182836
128.47,-8010123
128.48,-7882922
128.49,-7777489
128.5,-7726018
128.51,-7681905
128.52,-7646153
128.53,-7586335
128.54,-7504247
128.55,-7406854
128.56,-7309705
128.57,-7234795
128.58,-7188245
128.59,-7179520
128.6,-7207756
128.61,-7271981
128.62,-7363403
128.63,-7478602
128.64,-7611501
128.65,-7749300
128.66,-7876190
128.67,-7979045
128.68,-8052500
128.69,-8095521
128.7,-8107098
128.71,-8087571
128.72,-8044657
128.73,-7993654
128.74,-7947305
128.75,-7908842
128.76,-7877075
128.77,-7850918
128.78,-7826036
128.79,-7795052
128.8,-7754772
128.81,-7710325
128.82,-7671027
128.83,-7645817
128.84,-7638387
128.85,-7642538
128.86,-7650357
128.87,-7660804
128.88,-7677909
128.89,-7707174
128.9,-7751073
128.91,-7806436
128.92,-7865198
128.93,-7922921
128.94,-7986530
128.95,-8064221
128.96,-8154915
128.97,-8248091
128.98,-8329551
128.99,-8390733
129.0,-8426606
129.01,-8429665
129.02,-8390827
129.03,-8305362
129.04,-8173527
129.05,-7996787
129.06,-7782399
129.07,-7541156
129.08,-7287640
129.09,-7042326
129.1,-6819921
129.11,-6623306
129.12,-6449309
129.13,-6295099
129.14,-6154632
129.15,-6019305
129.16,-5885961
129.17,-5759121
129.18,-5652097
129.19,-5577162
129.2,-5534962
129.21,-5518123
129.22,-5516305
129.23,-5513668
129.24,-5491191
129.25,-5435468
129.26,-5339008
129.27,-5205798
129.28,-5050039
129.29,-4887219
129.3,-4729878
129.31,-4582103
129.32,-4442392
129.33,-4307783
129.34,-4177071
129.35,-4049806
129.36,-3923735
129.37,-3793826
129.38,-3653669
129.39,-3498392
129.4,-3322378
129.41,-3118857
129.42,-2880061
129.43,-2607424
129.44,-2317122
129.45,-2029634
129.46,-1761544
129.47,-1522674
129.48,-1325150
129.49,-1186454
129.5,-1120665
129.51,-1134376
129.52,-1225026
129.53,-1379112
129.54,-1572050
129.55,-1773987
129.56,-1956625
129.57,-2099194
129.58,-2192680
129.59,-2243158
129.6,-2269226
129.61,-2284515
129.62,-2284222
129.63,-2250982
129.64,-2171054
129.65,-2043583
129.66,-1876626
129.67,-1678262
129.68,-1457027
129.69,-1228250
129.7,-1008360
129.71,-806062
129.72,-619857
129.73,-444311
129.74,-275766
129.75,-108037
129.76,61857
129.77,237188
129.78,434147
129.79,670422
129.8,954967
129.81,1285371
129.82,1649016
129.83,2029221
129.84,2409512
129.85,2778496
129.86,3124519
129.87,3435209
129.88,3704712
129.89,3935567
129.9,4135345
129.91,4311305
129.92,4468188
129.93,4603243
129.94,4703857
129.95,4753209
129.96,4737011
129.97,4647173
129.98,4484099
129.99,4255528
130.0,3976736
130.01,3674882
130.02,3384444
130.03,3130752
130.04,2920844
130.05,2751518
130.06,2613916
130.07,2492743
130.08,2370136
130.09,2231044
130.1,2072681
130.11,1906789
130.12,1753237
130.13,1632990
130.14,1558365
130.15,1531654
130.16,1551214
130.17,1616191
130.18,1726461
130.19,1874593
130.2,2047973
130.21,2237521
130.22,2430881
130.23,2613761
130.24,2781058
130.25,2937787
130.26,3093502
130.27,3255534
130.28,3430192
130.29,3614732
130.3,3786444
130.31,3913653
130.32,3975965
130.33,3973331
130.34,3915814
130.35,3819565
130.36,3705628
130.37,3585975
130.38,3461204
130.39,3324475
130.4,3170666
130.41,3007230
130.42,2850711
130.43,2720826
130.44,2634821
130.45,2604726
130.46,2634785
130.47,2720413
130.48,2849114
130.49,3002554
130.5,3161888
130.51,3311451
130.52,3443141
130.53,3554845
130.54,3647332
130.55,3723951
130.56,3786360
130.57,3829891
130.58,3843267
130.59,3812338
130.6,3728020
130.61,3591481
130.62,3415933
130.63,3225063
130.64,3045836
130.65,2904201
130.66,2823327
130.67,2821834
130.68,2905173
130.69,3058847
130.7,3253326
130.71,3440602
130.72,3549817
130.73,3569719
130.74,3602627
130.75,3662762
130.76,3671410
130.77,3660372
130.78,3624742
130.79,3546617
130.8,3465477
130.81,3372683
130.82,3296278
130.83,3240040
130.84,3201880
130.85,3186129
130.86,3177047
130.87,3184849
130.88,3197867
130.89,3223966
130.9,3263731
130.91,3320725
130.92,3404641
130.93,3517601
130.94,3670534
130.95,3860340
130.96,4086567
130.97,4330386
130.98,4487808
130.99,4238628
131.0,3540813
131.01,3228032
131.02,3363766
131.03,3063512
131.04,2810939
131.05,2711707
131.06,2406011
131.07,2361092
131.08,2259883
131.09,2222619
131.1,2259295
131.11,2179898
131.12,2170549
131.13,2016752
131.14,1888182
131.15,1696290
131.16,1483124
131.17,1282959
131.18,1032360
131.19,812818
131.2,544808
131.21,305740
131.22,60821
131.23,-142008
131.24,-287816
131.25,-378996
131.26,-412007
131.27,-437545
131.28,-471410
131.29,-548444
131.3,-660724
131.31,-806639
131.32,-970943
131.33,-1134758
131.34,-1283181
131.35,-1408206
131.36,-1510990
131.37,-1597570
131.38,-1682437
131.39,-1778836
131.4,-1898126
131.41,-2047095
131.42,-2229664
131.43,-2450433
131.44,-2714514
131.45,-3024118
131.46,-3375824
131.47,-3757889
131.48,-4151141
131.49,-4535755
131.5,-4896477
131.51,-5222475
131.52,-5508301
131.53,-5757901
131.54,-5983990
131.55,-6199273
131.56,-6407439
131.57,-6606544
131.58,-6797132
131.59,-6981327
131.6,-7163907
131.61,-7351756
131.62,-7546640
131.63,-7743067
131.64,-7929033
131.65,-8089498
131.66,-8210678
131.67,-8282738
131.68,-8301695
131.69,-8268515
131.7,-8193312
131.71,-8100191
131.72,-8020857
131.73,-7982663
131.74,-8001498
131.75,-8085308
131.76,-8236241
131.77,-8446572
131.78,-8705098
131.79,-9006311
131.8,-9341734
131.81,-9691135
131.82,-10014599
131.83,-10206476
131.84,-10192096
131.85,-10140253
131.86,-10180443
131.87,-10185936
131.88,-10169294
131.89,-10163730
131.9,-10154176
131.91,-10174696
131.92,-10159358
131.93,-10183453
131.94,-10226612
131.95,-10194884
131.96,-10138505
131.97,-10157444
131.98,-10189268
131.99,-10140217
132.0,-10176263
132.01,-10166265
132.02,-10155220
132.03,-10179692
132.04,-10147212
132.05,-10183175
132.06,-10211230
132.07,-10294539
132.08,-10265977
132.09,-10130802
132.1,-10166174
132.11,-10223584
132.12,-10168354
132.13,-10134102
132.14,-10177232
132.15,-10160432
132.16,-10151155
132.17,-10171962
132.18,-10153078
132.19,-10163832
132.2,-10162823
132.21,-10157443
132.22,-10166841
132.23,-10157498
132.24,-10165597
132.25,-10161162
132.26,-10162785
132.27,-10164517
132.28,-10161278
132.29,-10165901
132.3,-10161734
132.31,-10165739
132.32,-10163535
132.33,-10165234
132.34,-10165256
132.35,-10165242
132.36,-10166557
132.37,-10165554
132.38,-10166714
132.39,-10165705
132.4,-10166121
132.41,-10167966
132.42,-10192643
132.43,-10257455
132.44,-10262661
132.45,-10155883
132.46,-10154480
132.47,-10203737
132.48,-10141093
132.49,-10165709
132.5,-10177410
132.51,-10147815
132.52,-10178247
132.53,-10156371
132.54,-10169576
132.55,-10172960
132.56,-10159870
132.57,-10164763
132.58,-10162758
132.59,-10176410
132.6,-10176675
132.61,-10189362
132.62,-10165664
132.63,-10170163
132.64,-10181524
132.65,-10145913
132.66,-10170170
132.67,-10168510
132.68,-10154021
132.69,-10173541
132.7,-10157588
132.71,-10166114
132.72,-10165597
132.73,-10159915
132.74,-10169078
132.75,-10159287
132.76,-10167551
132.77,-10162120
132.78,-10164390
132.79,-10165228
132.8,-10162704
132.81,-10166995
132.82,-10163361
132.83,-10167476
132.84,-10165279
132.85,-10167246
132.86,-10166432
132.87,-10159258
132.88,-10125102
132.89,-10042173
132.9,-9931892
132.91,-9798231
132.92,-9616242
132.93,-9393168
132.94,-9141729
132.95,-8862391
132.96,-8581230
132.97,-8302702
132.98,-8044749
132.99,-7833448
133.0,-7686964
133.01,-7620668
133.02,-7624080
133.03,-7687061
133.04,-7787770
133.05,-7899409
133.06,-7985514
133.07,-8005086
133.08,-7961400
133.09,-7879397
133.1,-7739867
133.11,-7528274
133.12,-7258819
133.13,-6916969
133.14,-6512538
133.15,-6063531
133.16,-5579962
133.17,-5078776
133.18,-4563355
133.19,-4050058
133.2,-3552310
133.21,-3088632
133.22,-2702508
133.23,-2467646
133.24,-2381751
133.25,-2325516
133.26,-2299376
133.27,-2363230
133.28,-2472357
133.29,-2638776
133.3,-2856500
133.31,-3087737
133.32,-3335776
133.33,-3562992
133.34,-3774823
133.35,-3961053
133.36,-4096785
133.37,-4024162
133.38,-3342891
133.39,-2363655
133.4,-2220718
133.41,-2414726
133.42,-2033948
133.43,-1975171
133.44,-1898922
133.45,-1611401
133.46,-1582498
133.47,-1292374
133.48,-1117201
133.49,-854865
133.5,-494711
133.51,-178445
133.52,312938
133.53,722900
133.54,1226876
133.55,1525458
133.56,1380889
133.57,1048299
133.58,1343207
133.59,1896595
133.6,1971628
133.61,2336564
133.62,2623031
133.63,2776727
133.64,3104302
133.65,3232231
133.66,3484287
133.67,3688430
133.68,3899128
133.69,4188566
133.7,4413032
133.71,4738597
133.72,5006189
133.73,5330062
133.74,5643928
133.75,5966249
133.76,6319603
133.77,6648677
133.78,7009834
133.79,7335632
133.8,7659344
133.81,7944860
133.82,8227735
133.83,8529741
133.84,8863433
133.85,9239544
133.86,9635541
133.87,10008343
133.88,10205736
133.89,10167190
133.9,10119671
133.91,10169070
133.92,10151187
133.93,10145787
133.94,10166204
133.95,10145136
133.96,10161261
133.97,10153757
133.98,10154033
133.99,10160281
134.0,10151928
134.01,10161980
134.02,10154657
134.03,10160721
134.04,10158659
134.05,10158425
134.06,10159774
134.07,10155687
134.08,10158622
134.09,10154345
134.1,10154114
134.11,10149076
134.12,10148850
134.13,10150011
134.14,10148245
134.15,10148998
134.16,10148811
134.17,10148811
134.18,10149164
134.19,10149334
134.2,10149584
134.21,10150129
134.22,10150243
134.23,10151033
134.24,10151335
134.25,10152064
134.26,10152472
134.27,10152832
134.28,10153167
134.29,10152895
134.3,10151131
134.31,10146954
134.32,10145199
134.33,10146539
134.34,10145556
134.35,10144815
134.36,10145851
134.37,10145353
134.38,10146309
134.39,10147049
134.4,10148586
134.41,10151372
134.42,10148912
134.43,10147068
134.44,10151648
134.45,10151536
134.46,10149973
134.47,10153374
134.48,10151184
134.49,10152220
134.5,10152695
134.51,10151183
134.52,10152758
134.53,10150674
134.54,10151541
134.55,10150344
134.56,10149798
134.57,10149452
134.58,10147909
134.59,10147803
134.6,10146116
134.61,10145875
134.62,10144766
134.63,10144513
134.64,10144365
134.65,10144241
134.66,10144439
134.67,10144186
134.68,10143552
134.69,10133604
134.7,10086407
134.71,9976667
134.72,9835350
134.73,9691547
134.74,9519928
134.75,9326481
134.76,9123536
134.77,8904154
134.78,8686168
134.79,8471016
134.8,8272723
134.81,8107610
134.82,7978066
134.83,7892630
134.84,7848755
134.85,7854064
134.86,7909411
134.87,8012879
134.88,8158358
134.89,8332504
134.9,8524447
134.91,8719772
134.92,8910531
134.93,9087883
134.94,9245836
134.95,9382473
134.96,9490646
134.97,9461075
134.98,8953037
134.99,8053736
135.0,7790109
135.01,8030783
135.02,7756251
135.03,7663565
135.04,7705316
135.05,7480653
135.06,7515117
135.07,7375954
135.08,7304891
135.09,7274943
135.1,7149363
135.11,7154706
135.12,7033874
135.13,6999481
135.14,6902447
135.15,6822638
135.16,6768006
135.17,6687834
135.18,6674805
135.19,6634067
135.2,6652134
135.21,6659078
135.22,6693660
135.23,6737374
135.24,6791187
135.25,6875145
135.26,6972187
135.27,7098909
135.28,7224009
135.29,7343997
135.3,7437162
135.31,7499677
135.32,7525081
135.33,7510261
135.34,7458974
135.35,7380429
135.36,7286898
135.37,7181026
135.38,7061999
135.39,6927727
135.4,6780255
135.41,6626425
135.42,6472937
135.43,6322179
135.44,6178697
135.45,6052241
135.46,5949734
135.47,5870169
135.48,5806604
135.49,5745125
135.5,5654782
135.51,5474713
135.52,5185641
135.53,4885032
135.54,4618007
135.55,4338446
135.56,4084453
135.57,3862473
135.58,3653575
135.59,3495429
135.6,3421774
135.61,3473816
135.62,3565180
135.63,3649862
135.64,3789571
135.65,3852090
135.66,3547505
135.67,2951589
135.68,2893334
135.69,3297963
135.7,3299978
135.71,3462091
135.72,3758540
135.73,3831200
135.74,4062518
135.75,4021108
135.76,3974115
135.77,4017883
135.78,3975836
135.79,4017391
135.8,3977498
135.81,3990770
135.82,3955923
135.83,3927861
135.84,3893991
135.85,3832052
135.86,3791462
135.87,3707653
135.88,3641287
135.89,3534532
135.9,3420871
135.91,3256319
135.92,2954583
135.93,2474644
135.94,2116254
135.95,2044685
135.96,1819149
135.97,1514457
135.98,1309910
135.99,977808
136.0,694460
136.01,412850
136.02,105715
136.03,-121649
136.04,-380791
136.05,-567296
136.06,-757678
136.07,-923454
136.08,-1061506
136.09,-1199026
136.1,-1284334
136.11,-1365655
136.12,-1404766
136.13,-1446624
136.14,-1487272
136.15,-1547424
136.16,-1645054
136.17,-1776351
136.18,-1953923
136.19,-2158003
136.2,-2390742
136.21,-2637841
136.22,-2903300
136.23,-3185025
136.24,-3477178
136.25,-3769697
136.26,-4047435
136.27,-4300063
136.28,-4521539
136.29,-4716841
136.3,-4893588
136.31,-5032717
136.32,-5003271
136.33,-4748625
136.34,-4711463
136.35,-5068565
136.36,-5240867
136.37,-5374202
136.38,-5686362
136.39,-5869252
136.4,-6178882
136.41,-6500968
136.42,-6813399
136.43,-7214337
136.44,-7540653
136.45,-7930463
136.46,-8264629
136.47,-8603662
136.48,-8933212
136.49,-9223800
136.5,-9516663
136.51,-9685109
136.52,-9689704
136.53,-9515213
136.54,-9345659
136.55,-9147684
136.56,-8891664
136.57,-8663728
136.58,-8418711
136.59,-8200003
136.6,-8009050
136.61,-7833004
136.62,-7697107
136.63,-7588656
136.64,-7528964
136.65,-7520703
136.66,-7565191
136.67,-7672396
136.68,-7831881
136.69,-8044905
136.7,-8290057
136.71,-8559042
136.72,-8839131
136.73,-9126823
136.74,-9424109
136.75,-9722443
136.76,-10003460
136.77,-10191232
136.78,-10217363
136.79,-10173337
136.8,-10166855
136.81,-10160016
136.82,-10167948
136.83,-10169566
136.84,-10158062
136.85,-10172394
136.86,-10160300
136.87,-10166058
136.88,-10166316
136.89,-10160326
136.9,-10168469
136.91,-10159494
136.92,-10167132
136.93,-10161747
136.94,-10163434
136.95,-10163747
136.96,-10161786
136.97,-10175136
136.98,-10211416
136.99,-10233557
137.0,-10151066
137.01,-10130897
137.02,-10194320
137.03,-10150010
137.04,-10157163
137.05,-10179426
137.06,-10144861
137.07,-10177389
137.08,-10156031
137.09,-10163476
137.1,-10168599
137.11,-10154855
137.12,-10172496
137.13,-10155275
137.14,-10169045
137.15,-10160594
137.16,-10163873
137.17,-10164877
137.18,-10160231
137.19,-10167436
137.2,-10160725
137.21,-10166622
137.22,-10163458
137.23,-10166194
137.24,-10165671
137.25,-10153548
137.26,-10078945
137.27,-9873938
137.28,-9608748
137.29,-9402045
137.3,-9213722
137.31,-9022236
137.32,-8869325
137.33,-8707893
137.34,-8557746
137.35,-8415707
137.36,-8271506
137.37,-8147404
137.38,-8022429
137.39,-7909885
137.4,-7799479
137.41,-7697934
137.42,-7611752
137.43,-7536080
137.44,-7479855
137.45,-7433761
137.46,-7397193
137.47,-7325439
137.48,-7149846
137.49,-6896612
137.5,-6682851
137.51,-6488272
137.52,-6267086
137.53,-6076168
137.54,-5887917
137.55,-5711894
137.56,-5560493
137.57,-5406665
137.58,-5260841
137.59,-5095551
137.6,-4916327
137.61,-4718425
137.62,-4503501
137.63,-4291451
137.64,-4086825
137.65,-3911277
137.66,-3765078
137.67,-3657466
137.68,-3589808
137.69,-3565807
137.7,-3588925
137.71,-3652759
137.72,-3751491
137.73,-3869098
137.74,-3994405
137.75,-4113433
137.76,-4215641
137.77,-4292212
137.78,-4338247
137.79,-4353969
137.8,-4340495
137.81,-4301353
137.82,-4239557
137.83,-4159459
137.84,-4064291
137.85,-3956608
137.86,-3839703
137.87,-3717156
137.88,-3591884
137.89,-3463570
137.9,-3330540
137.91,-3192556
137.92,-3053816
137.93,-2921205
137.94,-2798369
137.95,-2688334
137.96,-2589056
137.97,-2447979
137.98,-2086026
137.99,-1469915
138.0,-1081100
138.01,-986194
138.02,-649971
138.03,-328808
138.04,-106174
138.05,267072
138.06,532574
138.07,864800
138.08,1199346
138.09,1490351
138.1,1839936
138.11,2122191
138.12,2461266
138.13,2770874
138.14,3103273
138.15,3450380
138.16,3787728
138.17,4155139
138.18,4497555
138.19,4862663
138.2,5213223
138.21,5579106
138.22,5951358
138.23,6328991
138.24,6712873
138.25,7082122
138.26,7440910
138.27,7773889
138.28,8087527
138.29,8375957
138.3,8642283
138.31,8886346
138.32,9110979
138.33,9321839
138.34,9522649
138.35,9716113
138.36,9897658
138.37,10054848
138.38,10153704
138.39,10163973
138.4,10138459
138.41,10147347
138.42,10151233
138.43,10141865
138.44,10149533
138.45,10144913
138.46,10144908
138.47,10143427
138.48,10113765
138.49,10038698
138.5,9921247
138.51,9838614
138.52,9781221
138.53,9730360
138.54,9710471
138.55,9705411
138.56,9723820
138.57,9766968
138.58,9828646
138.59,9908841
138.6,9994165
138.61,10080166
138.62,10143172
138.63,10154160
138.64,10138508
138.65,10141861
138.66,10146640
138.67,10139919
138.68,10144916
138.69,10143031
138.7,10142389
138.71,10144896
138.72,10141983
138.73,10144909
138.74,10143053
138.75,10144211
138.76,10144353
138.77,10143878
138.78,10145105
138.79,10144001
138.8,10145115
138.81,10144313
138.82,10144810
138.83,10144671
138.84,10144609
138.85,10144822
138.86,10144250
138.87,10144257
138.88,10143828
138.89,10143845
138.9,10143630
138.91,10143753
138.92,10143862
138.93,10143933
138.94,10144440
138.95,10153917
138.96,10206252
138.97,10264610
138.98,10169609
138.99,10076183
139.0,10178663
139.01,10142054
139.02,10046678
139.03,9952639
139.04,9665164
139.05,9496201
139.06,9289165
139.07,9059438
139.08,8902402
139.09,8678978
139.1,8531196
139.11,8345156
139.12,8193741
139.13,8054657
139.14,7918275
139.15,7831641
139.16,7743524
139.17,7707707
139.18,7677052
139.19,7679568
139.2,7691003
139.21,7707054
139.22,7723676
139.23,7723486
139.24,7712097
139.25,7635264
139.26,7392954
139.27,7049232
139.28,6970967
139.29,7044188
139.3,6919291
139.31,6871889
139.32,6852454
139.33,6746816
139.34,6738879
139.35,6670602
139.36,6646123
139.37,6639508
139.38,6616173
139.39,6646598
139.4,6640966
139.41,6675240
139.42,6684130
139.43,6695378
139.44,6698070
139.45,6678722
139.46,6668767
139.47,6641871
139.48,6632867
139.49,6616074
139.5,6605616
139.51,6588582
139.52,6563738
139.53,6532606
139.54,6486708
139.55,6430628
139.56,6357388
139.57,6272763
139.58,6170275
139.59,6044670
139.6,5883411
139.61,5681147
139.62,5456577
139.63,5223982
139.64,4976677
139.65,4720811
139.66,4463976
139.67,4204129
139.68,3948743
139.69,3695750
139.7,3444716
139.71,3195293
139.72,2944652
139.73,2696859
139.74,2451291
139.75,2210310
139.76,1975861
139.77,1750893
139.78,1540721
139.79,1350467
139.8,1184012
139.81,1039184
139.82,909963
139.83,788839
139.84,669560
139.85,547093
139.86,422537
139.87,300326
139.88,170449
139.89,-77128
139.9,-624902
139.91,-1199267
139.92,-1296898
139.93,-1364266
139.94,-1671922
139.95,-1767861
139.96,-1936919
139.97,-2110426
139.98,-2160611
139.99,-2296213
140.0,-2305583
140.01,-2349826
140.02,-2351317
140.03,-2320293
140.04,-2317335
140.05,-2255435
140.06,-2234737
140.07,-2163892
140.08,-2107773
140.09,-2031751
140.1,-1946842
140.11,-1869745
140.12,-1776775
140.13,-1702777
140.14,-1619100
140.15,-1553960
140.16,-1489938
140.17,-1436463
140.18,-1392121
140.19,-1356821
140.2,-1339060
140.21,-1338718
140.22,-1361584
140.23,-1399254
140.24,-1447752
140.25,-1500220
140.26,-1554095
140.27,-1606355
140.28,-1655503
140.29,-1700641
140.3,-1741132
140.31,-1776845
140.32,-1806011
140.33,-1827352
140.34,-1839308
140.35,-1841447
140.36,-1836893
140.37,-1831281
140.38,-1829786
140.39,-1835011
140.4,-1848715
140.41,-1871994
140.42,-1905433
140.43,-1949565
140.44,-2004640
140.45,-2070922
140.46,-2147774
140.47,-2232102
140.48,-2319089
140.49,-2404871
140.5,-2486758
140.51,-2563361
140.52,-2634968
140.53,-2702492
140.54,-2768200
140.55,-2834029
140.56,-2900596
140.57,-2968797
140.58,-3038763
140.59,-3110309
140.6,-3183799
140.61,-3261441
140.62,-3345793
140.63,-3436368
140.64,-3528949
140.65,-3616392
140.66,-3692728
140.67,-3753768
140.68,-3795036
140.69,-3814875
140.7,-3817917
140.71,-3812005
140.72,-3802032
140.73,-3789123
140.74,-3773464
140.75,-3754135
140.76,-3730678
140.77,-3707272
140.78,-3692829
140.79,-3698164
140.8,-3730075
140.81,-3786471
140.82,-3858389
140.83,-3933896
140.84,-4002107
140.85,-4057823
140.86,-4100707
140.87,-4132515
140.88,-4156467
140.89,-4176448
140.9,-4194936
140.91,-4212514
140.92,-4231484
140.93,-4253325
140.94,-4276795
140.95,-4300249
140.96,-4323649
140.97,-4351563
140.98,-4389885
140.99,-4443871
141.0,-4516423
141.01,-4606794
141.02,-4711098
141.03,-4822053
141.04,-4933431
141.05,-5042028
141.06,-5149351
141.07,-5261462
141.08,-5384227
141.09,-5518678
141.1,-5659800
141.11,-5801345
141.12,-5939402
141.13,-6074398
141.14,-6208537
141.15,-6342460
141.16,-6476326
141.17,-6610499
141.18,-6745052
141.19,-6877869
141.2,-7005651
141.21,-7126001
141.22,-7237996
141.23,-7341934
141.24,-7438316
141.25,-7528168
141.26,-7612978
141.27,-7692067
141.28,-7763125
141.29,-7824033
141.3,-7871517
141.31,-7903145
141.32,-7920168
141.33,-7927217
141.34,-7930703
141.35,-7936598
141.36,-7946104
141.37,-7952604
141.38,-7930420
141.39,-7832890
141.4,-7665620
141.41,-7501774
141.42,-7341366
141.43,-7156699
141.44,-6986383
141.45,-6824693
141.46,-6673059
141.47,-6540609
141.48,-6406927
141.49,-6283853
141.5,-6163214
141.51,-6048669
141.52,-5942045
141.53,-5840841
141.54,-5753300
141.55,-5675648
141.56,-5615335
141.57,-5567825
141.58,-5532907
141.59,-5505127
141.6,-5477782
141.61,-5448321
141.62,-5413082
141.63,-5376846
141.64,-5340338
141.65,-5306363
141.66,-5275414
141.67,-5247327
141.68,-5222740
141.69,-5202759
141.7,-5189879
141.71,-5186573
141.72,-5196855
141.73,-5224480
141.74,-5272253
141.75,-5340806
141.76,-5426761
141.77,-5524251
141.78,-5627351
141.79,-5731284
141.8,-5832209
141.81,-5927039
141.82,-6013191
141.83,-6088152
141.84,-6152542
141.85,-6208463
141.86,-6257980
141.87,-6303403
141.88,-6346060
141.89,-6382983
141.9,-6360948
141.91,-6112281
141.92,-5680157
141.93,-5594432
141.94,-5790969
141.95,-5706739
141.96,-5696618
141.97,-5764474
141.98,-5680045
141.99,-5728148
142.0,-5684902
142.01,-5659344
142.02,-5649867
142.03,-5569184
142.04,-5544623
142.05,-5440110
142.06,-5368854
142.07,-5258357
142.08,-5139546
142.09,-5021325
142.1,-4870163
142.11,-4741008
142.12,-4586314
142.13,-4454945
142.14,-4313583
142.15,-4182811
142.16,-4056477
142.17,-3930532
142.18,-3813873
142.19,-3696009
142.2,-3590761
142.21,-3489222
142.22,-3397188
142.23,-3308919
142.24,-3223250
142.25,-3136552
142.26,-3045842
142.27,-2951744
142.28,-2856479
142.29,-2764155
142.3,-2677165
142.31,-2594896
142.32,-2512636
142.33,-2428830
142.34,-2345170
142.35,-2265452
142.36,-2195589
142.37,-2139492
142.38,-2091533
142.39,-2029099
142.4,-1935618
142.41,-1833944
142.42,-1738609
142.43,-1628553
142.44,-1506755
142.45,-1375999
142.46,-1227986
142.47,-1071306
142.48,-902362
142.49,-724493
142.5,-538667
142.51,-342348
142.52,-140682
142.53,66098
142.54,270507
142.55,470131
142.56,658155
142.57,830114
142.58,984187
142.59,1116154
142.6,1228744
142.61,1323023
142.62,1403160
142.63,1471173
142.64,1528181
142.65,1575296
142.66,1612339
142.67,1639786
142.68,1656888
142.69,1664126
142.7,1662002
142.71,1651708
142.72,1634877
142.73,1613642
142.74,1589167
142.75,1560223
142.76,1536184
142.77,1623891
142.78,2074412
142.79,2692626
142.8,2742385
142.81,2569272
142.82,2773002
142.83,2769326
142.84,2778387
142.85,2923020
142.86,2903833
142.87,3050955
142.88,3119689
142.89,3234542
142.9,3391547
142.91,3492798
142.92,3677899
142.93,3789401
142.94,3961088
142.95,4101144
142.96,4256798
142.97,4423537
142.98,4565929
142.99,4725932
143.0,4839723
143.01,4953714
143.02,5028264
143.03,5094162
143.04,5144447
143.05,5184316
143.06,5222457
143.07,5248328
143.08,5271948
143.09,5282470
143.1,5283703
143.11,5270243
143.12,5248158
143.13,5222157
143.14,5198063
143.15,5180127
143.16,5169842
143.17,5166698
143.18,5168664
143.19,5176236
143.2,5190693
143.21,5213847
143.22,5245662
143.23,5285238
143.24,5331921
143.25,5386382
143.26,5449349
143.27,5519298
143.28,5594267
143.29,5672328
143.3,5752658
143.31,5835786
143.32,5923006
143.33,6014885
143.34,6109559
143.35,6205668
143.36,6302191
143.37,6398324
143.38,6494163
143.39,6588869
143.4,6682426
143.41,6776274
143.42,6872704
143.43,6973747
143.44,7080098
143.45,7193461
143.46,7314892
143.47,7443334
143.48,7578636
143.49,7721799
143.5,7870929
143.51,8021133
143.52,8169436
143.53,8313646
143.54,8450718
143.55,8577558
143.56,8690609
143.57,8787200
143.58,8865213
143.59,8922925
143.6,8960396
143.61,8978938
143.62,8980365
143.63,8966443
143.64,8929190
143.65,8844025
143.66,8711653
143.67,8577940
143.68,8449053
143.69,8302869
143.7,8157169
143.71,8008477
143.72,7856557
143.73,7713111
143.74,7568581
143.75,7430139
143.76,7292978
143.77,7159669
143.78,7033801
143.79,6909366
143.8,6792210
143.81,6679734
143.82,6573512
143.83,6473810
143.84,6381156
143.85,6297812
143.86,6226621
143.87,6167352
143.88,6114762
143.89,6065040
143.9,6010244
143.91,5945099
143.92,5868093
143.93,5779796
143.94,5682412
143.95,5579237
143.96,5473468
143.97,5363708
143.98,5246408
143.99,5118892
144.0,4980815
144.01,4834534
144.02,4682624
144.03,4526843
144.04,4368808
144.05,4211363
144.06,4058188
144.07,3913170
144.08,3777922
144.09,3652557
144.1,3535907
144.11,3426214
144.12,3323000
144.13,3226061
144.14,3135346
144.15,3049248
144.16,2966550
144.17,2887389
144.18,2811839
144.19,2738846
144.2,2667588
144.21,2598933
144.22,2534672
144.23,2478321
144.24,2433651
144.25,2403964
144.26,2391057
144.27,2394905
144.28,2415561
144.29,2451694
144.3,2500438
144.31,2557547
144.32,2617105
144.33,2674329
144.34,2727168
144.35,2775314
144.36,2818292
144.37,2855699
144.38,2888528
144.39,2918657
144.4,2947761
144.41,2974870
144.42,2996311
144.43,3009627
144.44,3015487
144.45,3016385
144.46,3014854
144.47,3012902
144.48,3011850
144.49,3011824
144.5,3012947
144.51,3014789
144.52,3007789
144.53,2920792
144.54,2610029
144.55,2239658
144.56,2262062
144.57,2399361
144.58,2306812
144.59,2369233
144.6,2405485
144.61,2369018
144.62,2437116
144.63,2400580
144.64,2432237
144.65,2436457
144.66,2432323
144.67,2465955
144.68,2449513
144.69,2476165
144.7,2452650
144.71,2445271
144.72,2418853
144.73,2384693
144.74,2358242
144.75,2313500
144.76,2286890
144.77,2247002
144.78,2221412
144.79,2190350
144.8,2164338
144.81,2142506
144.82,2123052
144.83,2109402
144.84,2091148
144.85,2071436
144.86,2043423
144.87,2009041
144.88,1965504
144.89,1912810
144.9,1849673
144.91,1775770
144.92,1693199
144.93,1604373
144.94,1510176
144.95,1409811
144.96,1305445
144.97,1200822
144.98,1101111
144.99,1011715
145.0,936432
145.01,876864
145.02,831979
145.03,800473
145.04,780381
145.05,770485
145.06,771708
145.07,784131
145.08,805800
145.09,832740
145.1,861479
145.11,890117
145.12,917380
145.13,942568
145.14,964569
145.15,981721
145.16,990998
145.17,989950
145.18,979497
145.19,961812
145.2,938673
145.21,912216
145.22,884807
145.23,857284
145.24,828578
145.25,798325
145.26,767916
145.27,739661
145.28,716071
145.29,698031
145.3,687043
145.31,683994
145.32,686690
145.33,692363
145.34,698040
145.35,703700
145.36,711248
145.37,721965
145.38,736521
145.39,752008
145.4,762252
145.41,762733
145.42,754392
145.43,741181
145.44,727501
145.45,717398
145.46,713511
145.47,716053
145.48,723585
145.49,735161
145.5,750063
145.51,768458
145.52,792685
145.53,825026
145.54,864662
145.55,909839
145.56,958807
145.57,1008999
145.58,1056929
145.59,1098743
145.6,1132726
145.61,1158675
145.62,1177491
145.63,1189588
145.64,1194227
145.65,1191055
145.66,1181127
145.67,1167934
145.68,1154612
145.69,1142652
145.7,1132435
145.71,1123621
145.72,1115570
145.73,1108091
145.74,1100078
145.75,1088412
145.76,1071184
145.77,1047028
145.78,1014912
145.79,975537
145.8,930948
145.81,884224
145.82,838879
145.83,797088
145.84,758359
145.85,721472
145.86,684576
145.87,646381
145.88,607147
145.89,568165
145.9,531506
145.91,496908
145.92,460765
145.93,418082
145.94,364467
145.95,297744
145.96,220051
145.97,134984
145.98,44270
145.99,-51794
146.0,-153431
146.01,-259470
146.02,-370313
146.03,-487841
146.04,-611286
146.05,-737074
146.06,-860199
146.07,-975697
146.08,-1081194
146.09,-1177986
146.1,-1268924
146.11,-1355777
146.12,-1438322
146.13,-1517009
146.14,-1591846
146.15,-1659266
146.16,-1704328
146.17,-1696634
146.18,-1642387
146.19,-1606488
146.2,-1600432
146.21,-1594463
146.22,-1608711
146.23,-1634931
146.24,-1665849
146.25,-1710959
146.26,-1753344
146.27,-1799567
146.28,-1841964
146.29,-1878894
146.3,-1914737
146.31,-1947088
146.32,-1983751
146.33,-2020293
146.34,-2059928
146.35,-2098482
146.36,-2133513
146.37,-2164324
146.38,-2188748
146.39,-2209708
146.4,-2221849
146.41,-2162133
146.42,-1835779
146.43,-1307036
146.44,-1166821
146.45,-1307740
146.46,-1139501
146.47,-1073604
146.48,-1071710
146.49,-915409
146.5,-910557
146.51,-802208
146.52,-730780
146.53,-669833
146.54,-544823
146.55,-485355
146.56,-347175
146.57,-257904
146.58,-128441
146.59,-2840
146.6,121381
146.61,275280
146.62,410585
146.63,581329
146.64,733283
146.65,901466
146.66,1056477
146.67,1204595
146.68,1341292
146.69,1456690
146.7,1562390
146.71,1646911
146.72,1722639
146.73,1782836
146.74,1832093
146.75,1868604
146.76,1892702
146.77,1902479
146.78,1897960
146.79,1883539
146.8,1862341
146.81,1835430
146.82,1800823
146.83,1757521
146.84,1704238
146.85,1641558
146.86,1570724
146.87,1492112
146.88,1405265
146.89,1309970
146.9,1208688
146.91,1104761
146.92,999865
146.93,894274
146.94,788238
146.95,683705
146.96,583451
146.97,488748
146.98,398657
146.99,312574
147.0,230819
147.01,153398
147.02,79934
147.03,9532
147.04,-58098
147.05,-123670
147.06,-187221
147.07,-247466
147.08,-305565
147.09,-365280
147.1,-430762
147.11,-504201
147.12,-586856
147.13,-679902
147.14,-781423
147.15,-887976
147.16,-998327
147.17,-1110431
147.18,-1220757
147.19,-1329756
147.2,-1439260
147.21,-1550405
147.22,-1665182
147.23,-1783854
147.24,-1906953
147.25,-2034830
147.26,-2165751
147.27,-2298883
147.28,-2434402
147.29,-2573790
147.3,-2718049
147.31,-2865387
147.32,-3014292
147.33,-3163974
147.34,-3313051
147.35,-3460184
147.36,-3602525
147.37,-3737053
147.38,-3861992
147.39,-3975647
147.4,-4077804
147.41,-4169474
147.42,-4252672
147.43,-4330175
147.44,-4403980
147.45,-4476088
147.46,-4550075
147.47,-4628612
147.48,-4711714
147.49,-4798656
147.5,-4888450
147.51,-4980462
147.52,-5074649
147.53,-5171106
147.54,-5269741
147.55,-5370752
147.56,-5474855
147.57,-5582580
147.58,-5693313
147.59,-5805482
147.6,-5918240
147.61,-6031004
147.62,-6143150
147.63,-6254365
147.64,-6364730
147.65,-6474896
147.66,-6584952
147.67,-6692778
147.68,-6795199
147.69,-6890785
147.7,-6979853
147.71,-7064355
147.72,-7146903
147.73,-7229645
147.74,-7314605
147.75,-7403036
147.76,-7495217
147.77,-7590726
147.78,-7689566
147.79,-7791266
147.8,-7894484
147.81,-7998346
147.82,-8101481
147.83,-8202046
147.84,-8298016
147.85,-8387932
147.86,-8471506
147.87,-8548020
147.88,-8618606
147.89,-8687514
147.9,-8757853
147.91,-8831472
147.92,-8908981
147.93,-8988810
147.94,-9068814
147.95,-9145412
147.96,-9214823
147.97,-9275051
147.98,-9324770
147.99,-9362987
148.0,-9389533
148.01,-9405374
148.02,-9410803
148.03,-9405527
148.04,-9390500
148.05,-9367267
148.06,-9339081
148.07,-9310562
148.08,-9286537
148.09,-9271482
148.1,-9267554
148.11,-9275158
148.12,-9293145
148.13,-9318574
148.14,-9348686
148.15,-9380820
148.16,-9410838
148.17,-9435707
148.18,-9455069
148.19,-9469505
148.2,-9479265
148.21,-9483745
148.22,-9482662
148.23,-9476436
148.24,-9466158
148.25,-9453399
148.26,-9439381
148.27,-9424502
148.28,-9408847
148.29,-9393456
148.3,-9379146
148.31,-9364662
148.32,-9348695
148.33,-9331042
148.34,-9310531
148.35,-9286295
148.36,-9258519
148.37,-9227629
148.38,-9194663
148.39,-9160978
148.4,-9127956
148.41,-9094533
148.42,-9058524
148.43,-9019907
148.44,-8978812
148.45,-8934643
148.46,-8886196
148.47,-8830676
148.48,-8764806
148.49,-8686860
148.5,-8597674
148.51,-8499864
148.52,-8395649
148.53,-8286655
148.54,-8174352
148.55,-8059528
148.56,-7942223
148.57,-7822108
148.58,-7698821
148.59,-7572146
148.6,-7443054
148.61,-7313435
148.62,-7185156
148.63,-7059207
148.64,-6935960
148.65,-6815797
148.66,-6697890
148.67,-6580594
148.68,-6461929
148.69,-6340319
148.7,-6214916
148.71,-6086576
148.72,-5958376
148.73,-5831464
148.74,-5704265
148.75,-5575186
148.76,-5443546
148.77,-5308774
148.78,-5169842
148.79,-5026020
148.8,-4877128
148.81,-4723811
148.82,-4568728
148.83,-4414983
148.84,-4264065
148.85,-4117078
148.86,-3974182
148.87,-3834387
148.88,-3695758
148.89,-3555368
148.9,-3411140
148.91,-3261601
148.92,-3106338
148.93,-2947557
148.94,-2789264
148.95,-2634356
148.96,-2483344
148.97,-2336115
148.98,-2191385
148.99,-2047258
149.0,-1904653
149.01,-1765437
149.02,-1629193
149.03,-1495445
149.04,-1365001
149.05,-1237983
149.06,-1113766
149.07,-992393
149.08,-874167
149.09,-760173
149.1,-652206
149.11,-549980
149.12,-453044
149.13,-360806
149.14,-270796
149.15,-181711
149.16,-93114
149.17,-4787
149.18,84379
149.19,176505
149.2,272808
149.21,374805
149.22,484388
149.23,602516
149.24,728495
149.25,859960
149.26,993018
149.27,1125095
149.28,1255539
149.29,1383332
149.3,1508906
149.31,1633296
149.32,1757234
149.33,1881784
149.34,2006814
149.35,2132314
149.36,2258259
149.37,2384615
149.38,2513204
149.39,2645455
149.4,2781722
149.41,2922113
149.42,3066065
149.43,3212859
149.44,3361155
149.45,3510212
149.46,3660162
149.47,3810314
149.48,3959807
149.49,4109128
149.5,4259524
149.51,4411308
149.52,4565906
149.53,4725623
149.54,4893386
149.55,5072484
149.56,5264436
149.57,5470315
149.58,5691001
149.59,5927688
149.6,6180608
149.61,6449174
149.62,6732967
149.63,7030435
149.64,7339458
149.65,7656663
149.66,7978017
149.67,8299631
149.68,8617781
149.69,8930269
149.7,9237083
149.71,9537465
149.72,9825783
149.73,10070503
149.74,10186847
149.75,10154174
149.76,10129247
149.77,10159650
149.78,10145226
149.79,10144689
149.8,10155305
149.81,10142812
149.82,10153808
149.83,10147899
149.84,10149643
149.85,10152391
149.86,10147873
149.87,10153812
149.88,10148802
149.89,10152731
149.9,10150706
149.91,10151376
149.92,10152254
149.93,10150649
149.94,10152704
149.95,10150761
149.96,10152401
149.97,10151433
149.98,10152159
149.99,10152184
150.0,10152062
150.01,10152533
150.02,10152198
150.03,10152628
150.04,10152368
150.05,10152563
150.06,10152438
150.07,10152442
150.08,10152368
150.09,10152271
150.1,10152189
150.11,10152016
150.12,10151859
150.13,10151646
150.14,10151427
150.15,10151174
150.16,10150928
150.17,10150669
150.18,10150400
150.19,10150147
150.2,10149880
150.21,10149609
150.22,10149353
150.23,10149104
150.24,10148842
150.25,10148575
150.26,10148371
150.27,10148196
150.28,10147681
150.29,10147124
150.3,10147174
150.31,10146755
150.32,10146125
150.33,10146037
150.34,10145382
150.35,10145012
150.36,10144629
150.37,10144040
150.38,10143838
150.39,10143372
150.4,10143305
150.41,10143188
150.42,10143121
150.43,10141189
150.44,10119965
150.45,10029564
150.46,9848258
150.47,9659309
150.48,9504992
150.49,9335909
150.5,9176618
150.51,9033039
150.52,8883220
150.53,8748022
150.54,8607975
150.55,8470362
150.56,8334502
150.57,8194422
150.58,8061116
150.59,7925988
150.6,7797761
150.61,7669056
150.62,7541272
150.63,7412769
150.64,7280019
150.65,7145876
150.66,7007147
150.67,6868854
150.68,6730382
150.69,6595874
150.7,6466150
150.71,6341487
150.72,6221543
150.73,6104024
150.74,5987931
150.75,5870876
150.76,5753678
150.77,5637067
150.78,5522211
150.79,5409858
150.8,5299564
150.81,5189267
150.82,5076828
150.83,4962670
150.84,4846943
150.85,4729371
150.86,4611676
150.87,4496505
150.88,4384689
150.89,4274923
150.9,4165990
150.91,4056973
150.92,3947407
150.93,3837217
150.94,3726262
150.95,3614844
150.96,3502173
150.97,3387116
150.98,3269398
150.99,3148041
151.0,3022122
151.01,2891493
151.02,2755637
151.03,2613138
151.04,2463028
151.05,2305333
151.06,2139779
151.07,1966013
151.08,1785053
151.09,1599234
151.1,1409863
151.11,1217668
151.12,1024201
151.13,829687
151.14,634194
151.15,439413
151.16,245889
151.17,52981
151.18,-139245
151.19,-330856
151.2,-522018
151.21,-713334
151.22,-906309
151.23,-1102372
151.24,-1303244
151.25,-1510593
151.26,-1725757
151.27,-1948321
151.28,-2175186
151.29,-2402922
151.3,-2627750
151.31,-2839040
151.32,-3015845
151.33,-3158005
151.34,-3301171
151.35,-3450880
151.36,-3589564
151.37,-3731181
151.38,-3873062
151.39,-4011492
151.4,-4153343
151.41,-4291264
151.42,-4430797
151.43,-4569348
151.44,-4707370
151.45,-4846889
151.46,-4986153
151.47,-5128192
151.48,-5269368
151.49,-5412462
151.5,-5556113
151.51,-5701295
151.52,-5849057
151.53,-5998675
151.54,-6151578
151.55,-6305736
151.56,-6461213
151.57,-6615889
151.58,-6768676
151.59,-6918344
151.6,-7064072
151.61,-7206872
151.62,-7347674
151.63,-7487239
151.64,-7624677
151.65,-7759177
151.66,-7889578
151.67,-8014463
151.68,-8133636
151.69,-8248237
151.7,-8358494
151.71,-8464784
151.72,-8568466
151.73,-8670743
151.74,-8773889
151.75,-8879760
151.76,-8989086
151.77,-9101695
151.78,-9217609
151.79,-9336985
151.8,-9459596
151.81,-9585044
151.82,-9712447
151.83,-9840482
151.84,-9948393
151.85,-9953897
151.86,-9834165
151.87,-9838581
151.88,-10037492
151.89,-10145509
151.9,-10215662
151.91,-10201013
151.92,-10109552
151.93,-10204006
151.94,-10165962
151.95,-10143734
151.96,-10200240
151.97,-10136212
151.98,-10186548
151.99,-10158784
152.0,-10162425
152.01,-10177523
152.02,-10151662
152.03,-10181766
152.04,-10152196
152.05,-10171359
152.06,-10164201
152.07,-10164305
152.08,-10168200
152.09,-10162086
152.1,-10169859
152.11,-10161908
152.12,-10169240
152.13,-10163761
152.14,-10167886
152.15,-10166264
152.16,-10166865
152.17,-10164678
152.18,-10138863
152.19,-10058094
152.2,-9922993
152.21,-9798987
152.22,-9678930
152.23,-9544662
152.24,-9417632
152.25,-9288948
152.26,-9158441
152.27,-9034176
152.28,-8903895
152.29,-8776206
152.3,-8644131
152.31,-8510353
152.32,-8373583
152.33,-8228622
152.34,-8078102
152.35,-7915085
152.36,-7744471
152.37,-7564396
152.38,-7378788
152.39,-7189570
152.4,-6997344
152.41,-6803980
152.42,-6607036
152.43,-6406189
152.44,-6199336
152.45,-5987407
152.46,-5769745
152.47,-5547076
152.48,-5322118
152.49,-5096825
152.5,-4871870
152.51,-4648607
152.52,-4428826
152.53,-4213288
152.54,-4003007
152.55,-3798031
152.56,-3598774
152.57,-3406399
152.58,-3223000
152.59,-3050144
152.6,-2889057
152.61,-2740581
152.62,-2602497
152.63,-2472438
152.64,-2349487
152.65,-2232829
152.66,-2122062
152.67,-2017708
152.68,-1920392
152.69,-1828998
152.7,-1741209
152.71,-1655020
152.72,-1568952
152.73,-1482806
152.74,-1396948
152.75,-1311756
152.76,-1228233
152.77,-1146399
152.78,-1065650
152.79,-985930
152.8,-907059
152.81,-827746
152.82,-746629
152.83,-663277
152.84,-578819
152.85,-495852
152.86,-414954
152.87,-335984
152.88,-258876
152.89,-181862
152.9,-103463
152.91,-23580
152.92,57023
152.93,138726
152.94,222346
152.95,307848
152.96,396257
152.97,489659
152.98,589200
152.99,694520
153.0,805472
153.01,921826
153.02,1042415
153.03,1166037
153.04,1291785
153.05,1418752
153.06,1546888
153.07,1677657
153.08,1811453
153.09,1946985
153.1,2083504
153.11,2220233
153.12,2355072
153.13,2486334
153.14,2613234
153.15,2734466
153.16,2848996
153.17,2956892
153.18,3058284
153.19,3152708
153.2,3240748
153.21,3323863
153.22,3402552
153.23,3476518
153.24,3545549
153.25,3609439
153.26,3667896
153.27,3721911
153.28,3773376
153.29,3823819
153.3,3874317
153.31,3925556
153.32,3978175
153.33,4031852
153.34,4085184
153.35,4137604
153.36,4188929
153.37,4238035
153.38,4285130
153.39,4332800
153.4,4382295
153.41,4433217
153.42,4484295
153.43,4526768
153.44,4539618
153.45,4517534
153.46,4491863
153.47,4471316
153.48,4439191
153.49,4407347
153.5,4374628
153.51,4338089
153.52,4306611
153.53,4273094
153.54,4241667
153.55,4210145
153.56,4178219
153.57,4147526
153.58,4115153
153.59,4086670
153.6,4058150
153.61,4031553
153.62,4009074
153.63,3990356
153.64,3977822
153.65,3969955
153.66,3966284
153.67,3965466
153.68,3966324
153.69,3967901
153.7,3968513
153.71,3967594
153.72,3964942
153.73,3960675
153.74,3954971
153.75,3947381
153.76,3937584
153.77,3924304
153.78,3906655
153.79,3884466
153.8,3857692
153.81,3826324
153.82,3791938
153.83,3756782
153.84,3722236
153.85,3690601
153.86,3663447
153.87,3641941
153.88,3626975
153.89,3618124
153.9,3614283
153.91,3602304
153.92,3485124
153.93,3101006
153.94,2696206
153.95,2738396
153.96,2815190
153.97,2658611
153.98,2698787
153.99,2662886
154.0,2592666
154.01,2615389
154.02,2521472
154.03,2515315
154.04,2449638
154.05,2393476
154.06,2351418
154.07,2264013
154.08,2223496
154.09,2134614
154.1,2084554
154.11,2014992
154.12,1959598
154.13,1914857
154.14,1864563
154.15,1836070
154.16,1795448
154.17,1771952
154.18,1739678
154.19,1713603
154.2,1685516
154.21,1656711
154.22,1628965
154.23,1597334
154.24,1566255
154.25,1529981
154.26,1491493
154.27,1448832
154.28,1405495
154.29,1363166
154.3,1324466
154.31,1290196
154.32,1260777
154.33,1236009
154.34,1213646
154.35,1192355
154.36,1171490
154.37,1149543
154.38,1123717
154.39,1092420
154.4,1055133
154.41,1012284
154.42,965231
154.43,915093
154.44,863035
154.45,809541
154.46,755007
154.47,700255
154.48,646927
154.49,597526
154.5,553232
154.51,514169
154.52,481038
154.53,455461
154.54,438146
154.55,429064
154.56,428702
154.57,437044
154.58,453209
154.59,474813
154.6,498433
154.61,520455
154.62,537665
154.63,548328
154.64,552126
154.65,549585
154.66,541794
154.67,529959
154.68,515837
154.69,500971
154.7,485452
154.71,470048
154.72,456045
154.73,443978
154.74,433879
154.75,424422
154.76,413516
154.77,400312
154.78,384828
154.79,367412
154.8,348765
154.81,328452
154.82,305895
154.83,280217
154.84,250349
154.85,216515
154.86,178380
154.87,135723
154.88,89674
154.89,40392
154.9,-13531
154.91,-72813
154.92,-137276
154.93,-207200
154.94,-282353
154.95,-362195
154.96,-446930
154.97,-536673
154.98,-631904
154.99,-733486
155.0,-842539
155.01,-959552
155.02,-1082822
155.03,-1209036
155.04,-1334075
155.05,-1454956
155.06,-1569082
155.07,-1674015
155.08,-1770214
155.09,-1858805
155.1,-1940287
155.11,-2016045
155.12,-2086935
155.13,-2152316
155.14,-2212048
155.15,-2266783
155.16,-2316772
155.17,-2363444
155.18,-2408393
155.19,-2452142
155.2,-2495652
155.21,-2539424
155.22,-2583331
155.23,-2627247
155.24,-2670478
155.25,-2712674
155.26,-2755364
155.27,-2800109
155.28,-2847082
155.29,-2896080
155.3,-2946292
155.31,-2997212
155.32,-3048496
155.33,-3099409
155.34,-3149713
155.35,-3198318
155.36,-3244287
155.37,-3288869
155.38,-3333203
155.39,-3377956
155.4,-3423831
155.41,-3469943
155.42,-3515187
155.43,-3558808
155.44,-3600691
155.45,-3640881
155.46,-3678348
155.47,-3713310
155.48,-3746192
155.49,-3777386
155.5,-3807429
155.51,-3836609
155.52,-3865854
155.53,-3894601
155.54,-3922088
155.55,-3949208
155.56,-3977465
155.57,-4008725
155.58,-4045195
155.59,-4087182
155.6,-4132869
155.61,-4181198
155.62,-4231301
155.63,-4280945
155.64,-4329102
155.65,-4378153
155.66,-4430207
155.67,-4485071
155.68,-4542615
155.69,-4602954
155.7,-4664946
155.71,-4727456
155.72,-4791018
155.73,-4856902
155.74,-4926382
155.75,-5000915
155.76,-5080294
155.77,-5153476
155.78,-5190531
155.79,-5179502
155.8,-5165346
155.81,-5166718
155.82,-5155118
155.83,-5144019
155.84,-5133026
155.85,-5112410
155.86,-5094367
155.87,-5066960
155.88,-5034840
155.89,-4997482
155.9,-4953909
155.91,-4910683
155.92,-4864643
155.93,-4820538
155.94,-4775477
155.95,-4730751
155.96,-4684902
155.97,-4638156
155.98,-4590017
155.99,-4538667
156.0,-4486812
156.01,-4433497
156.02,-4380143
156.03,-4325598
156.04,-4269946
156.05,-4212405
156.06,-4152747
156.07,-4093413
156.08,-4035337
156.09,-3978494
156.1,-3924081
156.11,-3873342
156.12,-3827073
156.13,-3786136
156.14,-3750729
156.15,-3720436
156.16,-3693505
156.17,-3669332
156.18,-3647079
156.19,-3626068
156.2,-3605904
156.21,-3585484
156.22,-3564174
156.23,-3541332
156.24,-3516085
156.25,-3486685
156.26,-3451673
156.27,-3410193
156.28,-3361619
156.29,-3306654
156.3,-3245909
156.31,-3179703
156.32,-3109043
156.33,-3035729
156.34,-2961805
156.35,-2888959
156.36,-2819218
156.37,-2753766
156.38,-2693401
156.39,-2638971
156.4,-2590557
156.41,-2547940
156.42,-2510181
156.43,-2476115
156.44,-2444709
156.45,-2414830
156.46,-2385464
156.47,-2356027
156.48,-2320891
156.49,-2226918
156.5,-1936506
156.51,-1522552
156.52,-1399950
156.53,-1439674
156.54,-1256587
156.55,-1162789
156.56,-1090320
156.57,-919580
156.58,-848552
156.59,-693509
156.6,-573907
156.61,-451793
156.62,-298170
156.63,-188820
156.64,-30268
156.65,86234
156.66,230102
156.67,360678
156.68,491074
156.69,633629
156.7,761292
156.71,910148
156.72,1045079
156.73,1194304
156.74,1336833
156.75,1483139
156.76,1631331
156.77,1778133
156.78,1929934
156.79,2078556
156.8,2229265
156.81,2376112
156.82,2522240
156.83,2664891
156.84,2804640
156.85,2941893
156.86,3077500
156.87,3211381
156.88,3342128
156.89,3469052
156.9,3590145
156.91,3703593
156.92,3808538
156.93,3905361
156.94,3994805
156.95,4078202
156.96,4156327
156.97,4227802
156.98,4291760
156.99,4348802
157.0,4399749
157.01,4446802
157.02,4492976
157.03,4541135
157.04,4592727
157.05,4648192
157.06,4707402
157.07,4769713
157.08,4834935
157.09,4902987
157.1,4973941
157.11,5047242
157.12,5122208
157.13,5198690
157.14,5276114
157.15,5353752
157.16,5430605
157.17,5505942
157.18,5579929
157.19,5651747
157.2,5720228
157.21,5785853
157.22,5849217
157.23,5911258
157.24,5973635
157.25,6037166
157.26,6102097
157.27,6167888
157.28,6233786
157.29,6299031
157.3,6363196
157.31,6426773
157.32,6489978
157.33,6553240
157.34,6615808
157.35,6675060
157.36,6728858
157.37,6775880
157.38,6815253
157.39,6847159
157.4,6872069
157.41,6890376
157.42,6902601
157.43,6908333
157.44,6907215
157.45,6899404
157.46,6885099
157.47,6864879
157.48,6840671
157.49,6815509
157.5,6791544
157.51,6769700
157.52,6749967
157.53,6732137
157.54,6716710
157.55,6704843
157.56,6697013
157.57,6693520
157.58,6694215
157.59,6697604
157.6,6702555
157.61,6707682
157.62,6713228
157.63,6720561
157.64,6729556
157.65,6740591
157.66,6753647
157.67,6768289
157.68,6783746
157.69,6798938
157.7,6813288
157.71,6826552
157.72,6839937
157.73,6854782
157.74,6871447
157.75,6889301
157.76,6907892
157.77,6926768
157.78,6944965
157.79,6963356
157.8,6983168
157.81,7005214
157.82,7029751
157.83,7055842
157.84,7082023
157.85,7106508
157.86,7128810
157.87,7148680
157.88,7166005
157.89,7181113
157.9,7194313
157.91,7205970
157.92,7214629
157.93,7219296
157.94,7220066
157.95,7215752
157.96,7206062
157.97,7192199
157.98,7174716
157.99,7153919
158.0,7130818
158.01,7106872
158.02,7082671
158.03,7058187
158.04,7033861
158.05,7008626
158.06,6981464
158.07,6952707
158.08,6922616
158.09,6891548
158.1,6858214
158.11,6821365
158.12,6781084
158.13,6736352
158.14,6685282
158.15,6626399
158.16,6559170
158.17,6483630
158.18,6400270
158.19,6309834
158.2,6212440
158.21,6109179
158.22,6002944
158.23,5896452
158.24,5791768
158.25,5689324
158.26,5588815
158.27,5490136
158.28,5392374
158.29,5294602
158.3,5196125
158.31,5096044
158.32,4993140
158.33,4886598
158.34,4775903
158.35,4660829
158.36,4541520
158.37,4418969
158.38,4295025
158.39,4170882
158.4,4047944
158.41,3927860
158.42,3812324
158.43,3702487
158.44,3598251
158.45,3499570
158.46,3405719
158.47,3316020
158.48,3230785
158.49,3148974
158.5,3068214
158.51,2986954
158.52,2904012
158.53,2818575
158.54,2730817
158.55,2641525
158.56,2552457
158.57,2464595
158.58,2378263
158.59,2293482
158.6,2209530
158.61,2125920
158.62,2042358
158.63,1959597
158.64,1877910
158.65,1796984
158.66,1716633
158.67,1636087
158.68,1555671
158.69,1475803
158.7,1395743
158.71,1313913
158.72,1229899
158.73,1144690
158.74,1058458
158.75,971789
158.76,884820
158.77,796775
158.78,707069
158.79,615471
158.8,522023
158.81,426771
158.82,329637
158.83,230194
158.84,128598
158.85,23792
158.86,-86592
158.87,-203401
158.88,-325578
158.89,-451449
158.9,-578538
158.91,-704372
158.92,-828164
158.93,-949667
158.94,-1069172
158.95,-1185914
158.96,-1299102
158.97,-1409378
158.98,-1516103
158.99,-1618199
159.0,-1713978
159.01,-1802079
159.02,-1882770
159.03,-1956461
159.04,-2023447
159.05,-2083338
159.06,-2136889
159.07,-2184853
159.08,-2226859
159.09,-2263785
159.1,-2296047
159.11,-2323893
159.12,-2347916
159.13,-2368434
159.14,-2385594
159.15,-2398439
159.16,-2406513
159.17,-2410086
159.18,-2408329
159.19,-2400121
159.2,-2385724
159.21,-2366698
159.22,-2345173
159.23,-2323182
159.24,-2302584
159.25,-2284702
159.26,-2270153
159.27,-2259131
159.28,-2250802
159.29,-2244294
159.3,-2239570
159.31,-2236154
159.32,-2233575
159.33,-2232589
159.34,-2234973
159.35,-2242007
159.36,-2252559
159.37,-2264892
159.38,-2276963
159.39,-2286186
159.4,-2290904
159.41,-2290046
159.42,-2284820
159.43,-2276630
159.44,-2265844
159.45,-2253352
159.46,-2239290
159.47,-2224594
159.48,-2210469
159.49,-2197936
159.5,-2189277
159.51,-2187173
159.52,-2193528
159.53,-2207908
159.54,-2229135
159.55,-2256922
159.56,-2290615
159.57,-2328777
159.58,-2369399
159.59,-2410269
159.6,-2450237
159.61,-2488669
159.62,-2524198
159.63,-2555788
159.64,-2582190
159.65,-2602008
159.66,-2614456
159.67,-2619982
159.68,-2619624
159.69,-2614349
159.7,-2605681
159.71,-2593856
159.72,-2578819
159.73,-2560221
159.74,-2537474
159.75,-2511081
159.76,-2481926
159.77,-2451409
159.78,-2419961
159.79,-2386800
159.8,-2350832
159.81,-2311502
159.82,-2268974
159.83,-2223447
159.84,-2174699
159.85,-2122657
159.86,-2068180
159.87,-2012293
159.88,-1956187
159.89,-1900984
159.9,-1847161
159.91,-1795288
159.92,-1746830
159.93,-1703139
159.94,-1664638
159.95,-1631382
159.96,-1602969
159.97,-1578455
159.98,-1556594
159.99,-1535609
160.0,-1514142
160.01,-1491445
160.02,-1467460
160.03,-1442343
160.04,-1415495
160.05,-1388183
160.06,-1361414
160.07,-1334620
160.08,-1308968
160.09,-1284614
160.1,-1259875
160.11,-1234709
160.12,-1211246
160.13,-1190652
160.14,-1171868
160.15,-1154098
160.16,-1136088
160.17,-1116288
160.18,-1093859
160.19,-1068474
160.2,-1041087
160.21,-1012057
160.22,-981489
160.23,-949280
160.24,-914208
160.25,-875019
160.26,-830686
160.27,-780912
160.28,-725842
160.29,-666743
160.3,-605969
160.31,-545385
160.32,-485564
160.33,-426245
160.34,-366856
160.35,-306874
160.36,-246540
160.37,-186273
160.38,-126932
160.39,-68900
160.4,-12134
160.41,43257
160.42,98260
160.43,153061
160.44,207279
160.45,261329
160.46,315385
160.47,369421
160.48,423043
160.49,475556
160.5,526405
160.51,574048
160.52,617183
160.53,656895
160.54,694413
160.55,729319
160.56,760599
160.57,788583
160.58,814122
160.59,837682
160.6,860092
160.61,881526
160.62,902239
160.63,922703
160.64,943278
160.65,963893
160.66,984826
160.67,1006900
160.68,1029299
160.69,1052045
160.7,1076934
160.71,1104720
160.72,1135129
160.73,1168395
160.74,1203527
160.75,1238947
160.76,1274829
160.77,1311135
160.78,1347124
160.79,1381702
160.8,1414825
160.81,1446968
160.82,1478112
160.83,1508598
160.84,1538001
160.85,1565662
160.86,1590765
160.87,1612457
160.88,1630482
160.89,1644584
160.9,1655661
160.91,1665443
160.92,1675014
160.93,1685978
160.94,1699911
160.95,1717721
160.96,1739776
160.97,1764950
160.98,1792432
160.99,1821271
161.0,1850033
161.01,1878659
161.02,1907258
161.03,1935380
161.04,1963151
161.05,1991266
161.06,2019278
161.07,2046610
161.08,2073018
161.09,2098713
161.1,2124763
161.11,2151163
161.12,2177349
161.13,2203751
161.14,2232031
161.15,2262505
161.16,2294747
161.17,2329302
161.18,2365626
161.19,2403395
161.2,2442428
161.21,2481605
161.22,2520172
161.23,2557634
161.24,2593453
161.25,2626884
161.26,2657734
161.27,2687265
161.28,2715804
161.29,2743280
161.3,2771200
161.31,2799572
161.32,2828122
161.33,2857738
161.34,2888033
161.35,2918782
161.36,2950762
161.37,2983874
161.38,3017123
161.39,3050617
161.4,3083496
161.41,3113434
161.42,3139610
161.43,3162366
161.44,3182037
161.45,3198083
161.46,3210373
161.47,3219344
161.48,3225467
161.49,3230127
161.5,3234198
161.51,3238110
161.52,3243889
161.53,3253748
161.54,3268784
161.55,3290161
161.56,3317907
161.57,3349954
161.58,3385395
161.59,3425155
161.6,3468401
161.61,3513969
161.62,3561358
161.63,3609492
161.64,3657223
161.65,3702754
161.66,3744696
161.67,3782792
161.68,3818113
161.69,3852037
161.7,3885940
161.71,3921868
161.72,3960630
161.73,4002029
161.74,4045528
161.75,4091483
161.76,4141459
161.77,4196360
161.78,4256799
161.79,4323358
161.8,4396010
161.81,4472703
161.82,4550700
161.83,4628683
161.84,4705545
161.85,4781142
161.86,4856175
161.87,4930552
161.88,5004390
161.89,5077707
161.9,5148792
161.91,5214837
161.92,5274454
161.93,5326624
161.94,5369291
161.95,5402511
161.96,5426933
161.97,5442688
161.98,5450166
161.99,5448988
162.0,5439099
162.01,5420991
162.02,5396134
162.03,5366799
162.04,5335805
162.05,5304285
162.06,5270946
162.07,5235906
162.08,5199178
162.09,5159532
162.1,5117619
162.11,5075329
162.12,5034372
162.13,4995299
162.14,4957426
162.15,4920532
162.16,4884316
162.17,4848919
162.18,4814897
162.19,4782721
162.2,4753110
162.21,4725321
162.22,4697580
162.23,4668117
162.24,4635482
162.25,4598347
162.26,4555662
162.27,4507194
162.28,4453916
162.29,4397518
162.3,4338817
162.31,4278797
162.32,4217541
162.33,4154843
162.34,4091664
162.35,4028139
162.36,3964436
162.37,3900340
162.38,3835196
162.39,3769009
162.4,3702003
162.41,3634050
162.42,3563888
162.43,3491000
162.44,3416046
162.45,3339155
162.46,3259976
162.47,3179019
162.48,3097321
162.49,3015554
162.5,2934847
162.51,2855258
162.52,2776248
162.53,2697970
162.54,2619792
162.55,2541354
162.56,2463440
162.57,2386611
162.58,2310541
162.59,2233805
162.6,2154613
162.61,2071993
162.62,1986403
162.63,1899589
162.64,1812343
162.65,1726379
162.66,1644876
162.67,1568618
162.68,1497341
162.69,1431132
162.7,1369260
162.71,1310406
162.72,1254341
162.73,1201879
162.74,1153335
162.75,1107985
162.76,1065023
162.77,1022940
162.78,980084
162.79,937169
162.8,894388
162.81,851319
162.82,808217
162.83,765023
162.84,721157
162.85,674957
162.86,625689
162.87,573412
162.88,518177
162.89,460651
162.9,402240
162.91,343200
162.92,282454
162.93,220268
162.94,155945
162.95,88119
162.96,16416
162.97,-59642
162.98,-139934
162.99,-223621
163.0,-309400
163.01,-396855
163.02,-486031
163.03,-577207
163.04,-671193
163.05,-767669
163.06,-866295
163.07,-966302
163.08,-1065746
163.09,-1163167
163.1,-1258166
163.11,-1351119
163.12,-1441972
163.13,-1531064
163.14,-1619707
163.15,-1707967
163.16,-1794714
163.17,-1879326
163.18,-1961064
163.19,-2038484
163.2,-2111124
163.21,-2179941
163.22,-2244800
163.23,-2304575
163.24,-2359583
163.25,-2409968
163.26,-2454723
163.27,-2492337
163.28,-2521671
163.29,-2542938
163.3,-2557474
163.31,-2567480
163.32,-2575347
163.33,-2583733
163.34,-2593526
163.35,-2603968
163.36,-2613938
163.37,-2622231
163.38,-2628153
163.39,-2630808
163.4,-2630028
163.41,-2626000
163.42,-2619544
163.43,-2611161
163.44,-2599898
163.45,-2585011
163.46,-2567080
163.47,-2547029
163.48,-2526875
163.49,-2510459
163.5,-2499248
163.51,-2494287
163.52,-2495807
163.53,-2502491
163.54,-2513974
163.55,-2527934
163.56,-2541788
163.57,-2555052
163.58,-2568608
163.59,-2582343
163.6,-2596361
163.61,-2611397
163.62,-2626709
163.63,-2641897
163.64,-2656011
163.65,-2668156
163.66,-2678246
163.67,-2687049
163.68,-2696646
163.69,-2708144
163.7,-2721936
163.71,-2739015
163.72,-2759413
163.73,-2781505
163.74,-2804061
163.75,-2827150
163.76,-2851417
163.77,-2877002
163.78,-2903516
163.79,-2930375
163.8,-2956489
163.81,-2980282
163.82,-3001247
163.83,-3020156
163.84,-3037480
163.85,-3055087
163.86,-3075448
163.87,-3099390
163.88,-3127218
163.89,-3158681
163.9,-3192890
163.91,-3229493
163.92,-3269340
163.93,-3313143
163.94,-3360728
163.95,-3410964
163.96,-3461698
163.97,-3511798
163.98,-3560809
163.99,-3607299
164.0,-3649616
164.01,-3686947
164.02,-3719006
164.03,-3746036
164.04,-3768577
164.05,-3786564
164.06,-3800451
164.07,-3809933
164.08,-3813008
164.09,-3808691
164.1,-3797321
164.11,-3779961
164.12,-3758119
164.13,-3732913
164.14,-3705599
164.15,-3677033
164.16,-3646512
164.17,-3613585
164.18,-3578330
164.19,-3539744
164.2,-3496681
164.21,-3449119
164.22,-3397118
164.23,-3340036
164.24,-3278622
164.25,-3215490
164.26,-3150980
164.27,-3083165
164.28,-3013043
164.29,-2941733
164.3,-2867897
164.31,-2791343
164.32,-2712950
164.33,-2633092
164.34,-2550885
164.35,-2465717
164.36,-2377500
164.37,-2286780
164.38,-2194721
164.39,-2101847
164.4,-2009278
164.41,-1918450
164.42,-1830472
164.43,-1745280
164.44,-1661961
164.45,-1579375
164.46,-1497138
164.47,-1416388
164.48,-1338320
164.49,-1264115
164.5,-1193699
164.51,-1127024
164.52,-1063413
164.53,-1000527
164.54,-937590
164.55,-873775
164.56,-808131
164.57,-740787
164.58,-672527
164.59,-603807
164.6,-533811
164.61,-462314
164.62,-389980
164.63,-316886
164.64,-242969
164.65,-169645
164.66,-97121
164.67,-24826
164.68,45961
164.69,114041
164.7,179226
164.71,241616
164.72,299790
164.73,352681
164.74,400797
164.75,444785
164.76,485080
164.77,521950
164.78,555520
164.79,585223
164.8,611812
164.81,635865
164.82,657062
164.83,676558
164.84,695514
164.85,713906
164.86,731012
164.87,747077
164.88,762752
164.89,778052
164.9,793361
164.91,809781
164.92,828159
164.93,849329
164.94,873727
164.95,900490
164.96,929629
164.97,960487
164.98,991763
164.99,1023381
165.0,1055509
165.01,1088326
165.02,1121364
165.03,1155195
165.04,1190475
165.05,1226727
165.06,1263705
165.07,1300466
165.08,1335486
165.09,1367611
165.1,1396794
165.11,1423778
165.12,1450075
165.13,1477321
165.14,1506446
165.15,1539218
165.16,1576861
165.17,1618063
165.18,1661611
165.19,1707618
165.2,1756301
165.21,1808057
165.22,1862245
165.23,1918286
165.24,1976698
165.25,2036921
165.26,2098534
165.27,2161009
165.28,2224001
165.29,2288310
165.3,2354080
165.31,2421519
165.32,2490475
165.33,2561538
165.34,2635660
165.35,2712053
165.36,2790686
165.37,2871259
165.38,2953106
165.39,3036725
165.4,3122059
165.41,3209139
165.42,3297583
165.43,3386034
165.44,3473661
165.45,3559587
165.46,3643364
165.47,3724878
165.48,3803728
165.49,3879903
165.5,3953089
165.51,4022762
165.52,4088391
165.53,4148063
165.54,4199763
165.55,4244434
165.56,4283087
165.57,4315773
165.58,4344013
165.59,4369121
165.6,4391165
165.61,4409788
165.62,4425683
165.63,4438948
165.64,4449422
165.65,4458014
165.66,4464476
165.67,4468840
165.68,4470867
165.69,4469535
165.7,4464810
165.71,4456589
165.72,4444324
165.73,4428784
165.74,4411874
165.75,4393091
165.76,4371107
165.77,4345479
165.78,4315489
165.79,4280669
165.8,4241784
165.81,4200883
165.82,4158241
165.83,4113886
165.84,4068919
165.85,4023452
165.86,3977374
165.87,3930717
165.88,3884169
165.89,3839401
165.9,3797782
165.91,3759425
165.92,3724296
165.93,3692693
165.94,3664152
165.95,3637887
165.96,3613982
165.97,3592298
165.98,3571762
165.99,3550866
166.0,3527924
166.01,3502238
166.02,3473071
166.03,3439915
166.04,3403428
166.05,3363485
166.06,3319161
166.07,3270257
166.08,3216769
166.09,3158432
166.1,3097360
166.11,3035619
166.12,2973740
166.13,2912905
166.14,2853021
166.15,2793386
166.16,2733672
166.17,2674670
166.18,2616859
166.19,2559287
166.2,2502681
166.21,2448043
166.22,2394300
166.23,2340975
166.24,2288759
166.25,2236374
166.26,2183033
166.27,2129775
166.28,2077467
166.29,2025531
166.3,1972316
166.31,1918773
166.32,1865659
166.33,1812516
166.34,1761362
166.35,1714583
166.36,1672244
166.37,1633849
166.38,1600072
166.39,1570602
166.4,1543724
166.41,1519507
166.42,1499699
166.43,1484428
166.44,1473933
166.45,1468393
166.46,1465855
166.47,1464370
166.48,1462917
166.49,1460847
166.5,1456795
166.51,1451558
166.52,1446668
166.53,1441422
166.54,1435653
166.55,1430343
166.56,1427064
166.57,1424915
166.58,1422997
166.59,1421804
166.6,1419883
166.61,1417311
166.62,1415348
166.63,1414402
166.64,1414439
166.65,1415219
166.66,1416534
166.67,1417793
166.68,1419492
166.69,1421881
166.7,1424187
166.71,1426969
166.72,1431541
166.73,1438690
166.74,1447812
166.75,1457690
166.76,1468528
166.77,1480808
166.78,1494682
166.79,1509220
166.8,1523299
166.81,1537428
166.82,1551889
166.83,1565728
166.84,1577455
166.85,1587165
166.86,1594456
166.87,1600338
166.88,1607509
166.89,1615315
166.9,1624708
166.91,1637207
166.92,1652415
166.93,1670205
166.94,1690024
166.95,1712134
166.96,1736223
166.97,1761060
166.98,1786615
166.99,1811804
167.0,1834580
167.01,1854999
167.02,1872512
167.03,1886107
167.04,1895461
167.05,1900040
167.06,1900880
167.07,1897942
167.08,1890433
167.09,1878992
167.1,1864559
167.11,1848256
167.12,1831527
167.13,1815795
167.14,1800848
167.15,1787027
167.16,1775234
167.17,1764514
167.18,1753952
167.19,1743751
167.2,1733628
167.21,1722669
167.22,1711594
167.23,1701026
167.24,1689345
167.25,1674086
167.26,1655064
167.27,1633236
167.28,1607822
167.29,1578760
167.3,1547434
167.31,1515493
167.32,1483271
167.33,1451143
167.34,1419965
167.35,1389751
167.36,1361011
167.37,1333439
167.38,1306152
167.39,1278884
167.4,1253019
167.41,1230260
167.42,1209478
167.43,1188246
167.44,1164898
167.45,1138533
167.46,1107648
167.47,1071923
167.48,1032369
167.49,989340
167.5,943614
167.51,895366
167.52,845217
167.53,793812
167.54,740540
167.55,685173
167.56,626653
167.57,564796
167.58,501611
167.59,438912
167.6,378505
167.61,322675
167.62,272613
167.63,227144
167.64,185038
167.65,146614
167.66,111282
167.67,78053
167.68,46578
167.69,16035
167.7,-13727
167.71,-42093
167.72,-68322
167.73,-91886
167.74,-112939
167.75,-131054
167.76,-145689
167.77,-157039
167.78,-166591
167.79,-175942
167.8,-184284
167.81,-191206
167.82,-197444
167.83,-203296
167.84,-208302
167.85,-211676
167.86,-214090
167.87,-215674
167.88,-216329
167.89,-217260
167.9,-218929
167.91,-221287
167.92,-224727
167.93,-228963
167.94,-232883
167.95,-235778
167.96,-237048
167.97,-236516
167.98,-234286
167.99,-230936
168.0,-227977
168.01,-225855
168.02,-223515
168.03,-219937
168.04,-213971
168.05,-203859
168.06,-189486
168.07,-171756
168.08,-151777
168.09,-130984
168.1,-109720
168.11,-88174
168.12,-66094
168.13,-43204
168.14,-19795
168.15,4508
168.16,29850
168.17,55645
168.18,81677
168.19,107763
168.2,134052
168.21,160837
168.22,187396
168.23,212753
168.24,236202
168.25,257897
168.26,278304
168.27,298049
168.28,317592
168.29,335692
168.3,351424
168.31,365050
168.32,376786
168.33,386126
168.34,392259
168.35,395320
168.36,394877
168.37,390329
168.38,382216
168.39,370245
168.4,353304
168.41,331994
168.42,307721
168.43,280273
168.44,249144
168.45,214782
168.46,177828
168.47,138464
168.48,96845
168.49,53928
168.5,10919
168.51,-32262
168.52,-76066
168.53,-120704
168.54,-166467
168.55,-212863
168.56,-259166
168.57,-304541
168.58,-348888
168.59,-392568
168.6,-435880
168.61,-479457
168.62,-523488
168.63,-567811
168.64,-611430
168.65,-654257
168.66,-696540
168.67,-737565
168.68,-776901
168.69,-813634
168.7,-847753
168.71,-878738
168.72,-904722
168.73,-925552
168.74,-941782
168.75,-953489
168.76,-961524
168.77,-967072
168.78,-971313
168.79,-976012
168.8,-982312
168.81,-989968
168.82,-999261
168.83,-1011622
168.84,-1025711
168.85,-1040131
168.86,-1055503
168.87,-1072216
168.88,-1091348
168.89,-1112716
168.9,-1136661
168.91,-1163223
168.92,-1192185
168.93,-1224737
168.94,-1260271
168.95,-1297989
168.96,-1336992
168.97,-1376090
168.98,-1415681
168.99,-1455701
169.0,-1495344
169.01,-1535001
169.02,-1574551
169.03,-1613762
169.04,-1652781
169.05,-1691179
169.06,-1729619
169.07,-1769238
169.08,-1810394
169.09,-1852922
169.1,-1896406
169.11,-1940075
169.12,-1983246
169.13,-2025499
169.14,-2066698
169.15,-2107226
169.16,-2147560
169.17,-2188470
169.18,-2229396
169.19,-2269196
169.2,-2307095
169.21,-2341551
169.22,-2372462
169.23,-2399956
169.24,-2424305
169.25,-2446753
169.26,-2467378
169.27,-2485708
169.28,-2500900
169.29,-2513456
169.3,-2523538
169.31,-2529477
169.32,-2532315
169.33,-2534973
169.34,-2538491
169.35,-2542518
169.36,-2546987
169.37,-2551226
169.38,-2554158
169.39,-2555362
169.4,-2555425
169.41,-2554573
169.42,-2552347
169.43,-2549639
169.44,-2546538
169.45,-2541292
169.46,-2531864
169.47,-2517291
169.48,-2497040
169.49,-2470456
169.5,-2438326
169.51,-2402379
169.52,-2363978
169.53,-2324202
169.54,-2285689
169.55,-2249858
169.56,-2214968
169.57,-2180360
169.58,-2146113
169.59,-2110792
169.6,-2073727
169.61,-2035464
169.62,-1995946
169.63,-1955168
169.64,-1913097
169.65,-1869815
169.66,-1825150
169.67,-1778438
169.68,-1730192
169.69,-1680047
169.7,-1627059
169.71,-1571585
169.72,-1513804
169.73,-1452692
169.74,-1387813
169.75,-1320726
169.76,-1252026
169.77,-1181435
169.78,-1109492
169.79,-1036727
169.8,-962857
169.81,-887065
169.82,-809265
169.83,-729705
169.84,-648280
169.85,-564996
169.86,-479787
169.87,-392185
169.88,-302615
169.89,-211418
169.9,-117490
169.91,-20088
169.92,80974
169.93,185229
169.94,291869
169.95,400034
169.96,508341
169.97,616411
169.98,723397
169.99,828244
170.0,931700
170.01,1034600
170.02,1136909
170.03,1237927
170.04,1336888
170.05,1433236
170.06,1526255
170.07,1615273
170.08,1700239
170.09,1781579
170.1,1860208
170.11,1937200
170.12,2013060
170.13,2088043
170.14,2161974
170.15,2234690
170.16,2306692
170.17,2378253
170.18,2448846
170.19,2517371
170.2,2583486
170.21,2647095
170.22,2707676
170.23,2765227
170.24,2819384
170.25,2870613
170.26,2920172
170.27,2968255
170.28,3014824
170.29,3059225
170.3,3099766
170.31,3135331
170.32,3165659
170.33,3190225
170.34,3208721
170.35,3221742
170.36,3229961
170.37,3233701
170.38,3233184
170.39,3227868
170.4,3217202
170.41,3202067
170.42,3183876
170.43,3163512
170.44,3140738
170.45,3115560
170.46,3088837
170.47,3061893
170.48,3035264
170.49,3007297
170.5,2977726
170.51,2946951
170.52,2914294
170.53,2879880
170.54,2843927
170.55,2806051
170.56,2765621
170.57,2722976
170.58,2678686
170.59,2633252
170.6,2587795
170.61,2543517
170.62,2501202
170.63,2461291
170.64,2425193
170.65,2393767
170.66,2366059
170.67,2341998
170.68,2321800
170.69,2305143
170.7,2291977
170.71,2280575
170.72,2269687
170.73,2259094
170.74,2247805
170.75,2236236
170.76,2224899
170.77,2213194
170.78,2201280
170.79,2190531
170.8,2181189
170.81,2172322
170.82,2163747
170.83,2155011
170.84,2145896
170.85,2136649
170.86,2127295
170.87,2118517
170.88,2111214
170.89,2105156
170.9,2100552
170.91,2098104
170.92,2097428
170.93,2097586
170.94,2097786
170.95,2098149
170.96,2097598
170.97,2095155
170.98,2091627
170.99,2087857
171.0,2083681
171.01,2078656
171.02,2074232
171.03,2070785
171.04,2067769
171.05,2065065
171.06,2061772
171.07,2057102
171.08,2051689
171.09,2046373
171.1,2040351
171.11,2033635
171.12,2027293
171.13,2022556
171.14,2019390
171.15,2017947
171.16,2019638
171.17,2023569
171.18,2028795
171.19,2035423
171.2,2043418
171.21,2052122
171.22,2060749
171.23,2069300
171.24,2076801
171.25,2082701
171.26,2087151
171.27,2090106
171.28,2091427
171.29,2091271
171.3,2090858
171.31,2090840
171.32,2090888
171.33,2090661
171.34,2090300
171.35,2089161
171.36,2086917
171.37,2084069
171.38,2079907
171.39,2074567
171.4,2068944
171.41,2062518
171.42,2054370
171.43,2045013
171.44,2035142
171.45,2024052
171.46,2011974
171.47,2000565
171.48,1990650
171.49,1982177
171.5,1976043
171.51,1973668
171.52,1974295
171.53,1976342
171.54,1979678
171.55,1984199
171.56,1989442
171.57,1995150
171.58,2001242
171.59,2006984
171.6,2012103
171.61,2017237
171.62,2021502
171.63,2024613
171.64,2027507
171.65,2030865
171.66,2034625
171.67,2039107
171.68,2044937
171.69,2050835
171.7,2057164
171.71,2064775
171.72,2073994
171.73,2085496
171.74,2099396
171.75,2116551
171.76,2136029
171.77,2156454
171.78,2177554
171.79,2198828
171.8,2219469
171.81,2239528
171.82,2260481
171.83,2281852
171.84,2302331
171.85,2321597
171.86,2338943
171.87,2354129
171.88,2367667
171.89,2379921
171.9,2390681
171.91,2399820
171.92,2408337
171.93,2416284
171.94,2422365
171.95,2426114
171.96,2427249
171.97,2425684
171.98,2421351
171.99,2414452
172.0,2405055
172.01,2392900
172.02,2378769
172.03,2363294
172.04,2346649
172.05,2328366
172.06,2308682
172.07,2288538
172.08,2268686
172.09,2249995
172.1,2232540
172.11,2216129
172.12,2199525
172.13,2181816
172.14,2163292
172.15,2143355
172.16,2121007
172.17,2096330
172.18,2069774
172.19,2041088
172.2,2010184
172.21,1977967
172.22,1945561
172.23,1912644
172.24,1879499
172.25,1847166
172.26,1815143
172.27,1783170
172.28,1751856
172.29,1721220
172.3,1691227
172.31,1662893
172.32,1636471
172.33,1612293
172.34,1591030
172.35,1572529
172.36,1556528
172.37,1541237
172.38,1525769
172.39,1509799
172.4,1492447
172.41,1474812
172.42,1458225
172.43,1443057
172.44,1429058
172.45,1415995
172.46,1403552
172.47,1391568
172.48,1379787
172.49,1367305
172.5,1353856
172.51,1339437
172.52,1324924
172.53,1310799
172.54,1295801
172.55,1279657
172.56,1264476
172.57,1252233
172.58,1242152
172.59,1234003
172.6,1227524
172.61,1221155
172.62,1214398
172.63,1207146
172.64,1199647
172.65,1190700
172.66,1179853
172.67,1168639
172.68,1156742
172.69,1143547
172.7,1129376
172.71,1113987
172.72,1096948
172.73,1078400
172.74,1058559
172.75,1037888
172.76,1016901
172.77,994928
172.78,970465
172.79,942984
172.8,913216
172.81,882056
172.82,850240
172.83,819288
172.84,790548
172.85,763906
172.86,739791
172.87,717506
172.88,695264
172.89,672784
172.9,649744
172.91,625545
172.92,599753
172.93,573151
172.94,546687
172.95,520189
172.96,493795
172.97,467632
172.98,441086
172.99,413284
173.0,384287
173.01,354625
173.02,324068
173.03,292828
173.04,261650
173.05,229755
173.06,196611
173.07,162891
173.08,128010
173.09,90723
173.1,51093
173.11,9724
173.12,-33747
173.13,-78876
173.14,-124050
173.15,-167558
173.16,-207171
173.17,-241712
173.18,-270824
173.19,-294858
173.2,-314996
173.21,-331799
173.22,-347150
173.23,-363411
173.24,-381063
173.25,-399731
173.26,-418684
173.27,-437348
173.28,-456563
173.29,-477248
173.3,-498678
173.31,-520300
173.32,-541946
173.33,-563054
173.34,-583016
173.35,-601285
173.36,-618122
173.37,-633498
173.38,-647342
173.39,-660718
173.4,-673812
173.41,-685434
173.42,-695040
173.43,-703325
173.44,-711374
173.45,-720336
173.46,-731113
173.47,-744395
173.48,-760618
173.49,-779304
173.5,-799336
173.51,-820071
173.52,-840929
173.53,-861527
173.54,-882988
173.55,-906187
173.56,-930598
173.57,-955779
173.58,-981491
173.59,-1006780
173.6,-1031005
173.61,-1054458
173.62,-1077913
173.63,-1102858
173.64,-1130774
173.65,-1162302
173.66,-1197620
173.67,-1235794
173.68,-1273999
173.69,-1311188
173.7,-1348019
173.71,-1384037
173.72,-1419119
173.73,-1453544
173.74,-1487944
173.75,-1523236
173.76,-1559326
173.77,-1595396
173.78,-1632249
173.79,-1670867
173.8,-1710746
173.81,-1751622
173.82,-1792758
173.83,-1833758
173.84,-1875138
173.85,-1916732
173.86,-1958269
173.87,-1999975
173.88,-2041533
173.89,-2082356
173.9,-2121912
173.91,-2159772
173.92,-2196416
173.93,-2231990
173.94,-2265544
173.95,-2296240
173.96,-2323726
173.97,-2347247
173.98,-2367337
173.99,-2385598
174.0,-2402511
174.01,-2418967
174.02,-2435265
174.03,-2450992
174.04,-2465872
174.05,-2479171
174.06,-2491044
174.07,-2501063
174.08,-2508596
174.09,-2513918
174.1,-2516340
174.11,-2515220
174.12,-2510648
174.13,-2503146
174.14,-2493752
174.15,-2483437
174.16,-2472477
174.17,-2460296
174.18,-2446844
174.19,-2432548
174.2,-2417120
174.21,-2400525
174.22,-2383024
174.23,-2364625
174.24,-2345462
174.25,-2324910
174.26,-2302940
174.27,-2280512
174.28,-2257898
174.29,-2236230
174.3,-2216299
174.31,-2197526
174.32,-2179341
174.33,-2160961
174.34,-2141883
174.35,-2121750
174.36,-2100543
174.37,-2078433
174.38,-2055633
174.39,-2032845
174.4,-2010964
174.41,-1990599
174.42,-1971450
174.43,-1953491
174.44,-1936294
174.45,-1918765
174.46,-1901215
174.47,-1883784
174.48,-1866919
174.49,-1852241
174.5,-1840452
174.51,-1831893
174.52,-1826364
174.53,-1824042
174.54,-1825344
174.55,-1829758
174.56,-1837782
174.57,-1849014
174.58,-1862650
174.59,-1878406
174.6,-1895502
174.61,-1914392
174.62,-1934401
174.63,-1954293
174.64,-1974138
174.65,-1994045
174.66,-2014458
174.67,-2035139
174.68,-2055449
174.69,-2074534
174.7,-2091935
174.71,-2108096
174.72,-2122016
174.73,-2132348
174.74,-2139791
174.75,-2145853
174.76,-2150269
174.77,-2152476
174.78,-2153571
174.79,-2153329
174.8,-2150741
174.81,-2145688
174.82,-2137167
174.83,-2125646
174.84,-2112064
174.85,-2096321
174.86,-2079892
174.87,-2063665
174.88,-2047765
174.89,-2032620
174.9,-2018457
174.91,-2004768
174.92,-1991498
174.93,-1979850
174.94,-1968818
174.95,-1958700
174.96,-1951580
174.97,-1946208
174.98,-1941146
174.99,-1936483
175.0,-1931794
175.01,-1925302
175.02,-1915715
175.03,-1903775
175.04,-1889634
175.05,-1872585
175.06,-1852480
175.07,-1830429
175.08,-1808063
175.09,-1784707
175.1,-1760270
175.11,-1735852
175.12,-1710473
175.13,-1684321
175.14,-1658713
175.15,-1633838
175.16,-1609540
175.17,-1586131
175.18,-1564093
175.19,-1542164
175.2,-1518849
175.21,-1493793
175.22,-1466297
175.23,-1435458
175.24,-1400932
175.25,-1362181
175.26,-1318960
175.27,-1271885
175.28,-1221610
175.29,-1168866
175.3,-1114428
175.31,-1059027
175.32,-1002741
175.33,-945746
175.34,-888457
175.35,-831648
175.36,-776449
175.37,-722970
175.38,-671303
175.39,-621031
175.4,-571228
175.41,-521078
175.42,-470486
175.43,-419231
175.44,-366594
175.45,-313677
175.46,-261931
175.47,-211837
175.48,-162096
175.49,-112266
175.5,-63596
175.51,-15050
175.52,34175
175.53,82664
175.54,128297
175.55,170395
175.56,208911
175.57,242880
175.58,272895
175.59,299968
175.6,324894
175.61,348387
175.62,370019
175.63,389708
175.64,407476
175.65,422574
175.66,433944
175.67,441797
175.68,447720
175.69,452396
175.7,456319
175.71,460838
175.72,466252
175.73,471935
175.74,477330
175.75,482268
175.76,486710
175.77,490569
175.78,494490
175.79,499140
175.8,503840
175.81,507260
175.82,510224
175.83,513368
175.84,516009
175.85,518342
175.86,519921
175.87,521031
175.88,522692
175.89,524843
175.9,527747
175.91,531973
175.92,538393
175.93,548129
175.94,561312
175.95,578963
175.96,601931
175.97,629072
175.98,660746
175.99,698088
176.0,739964
176.01,784864
176.02,833250
176.03,885408
176.04,940492
176.05,998553
176.06,1059166
176.07,1120419
176.08,1181558
176.09,1243601
176.1,1307497
176.11,1373005
176.12,1439418
176.13,1506609
176.14,1574143
176.15,1640677
176.16,1705872
176.17,1770331
176.18,1834450
176.19,1898422
176.2,1962122
176.21,2025611
176.22,2088830
176.23,2152371
176.24,2216260
176.25,2280397
176.26,2346151
176.27,2413827
176.28,2482393
176.29,2550605
176.3,2619262
176.31,2689278
176.32,2759782
176.33,2830420
176.34,2900818
176.35,2971064
176.36,3041438
176.37,3112477
176.38,3184906
176.39,3258551
176.4,3332902
176.41,3407760
176.42,3483200
176.43,3558908
176.44,3634922
176.45,3710545
176.46,3784575
176.47,3856710
176.48,3926496
176.49,3992982
176.5,4055834
176.51,4115891
176.52,4172929
176.53,4226514
176.54,4277100
176.55,4324719
176.56,4369056
176.57,4410184
176.58,4448751
176.59,4484607
176.6,4517598
176.61,4546764
176.62,4571672
176.63,4593706
176.64,4611535
176.65,4623663
176.66,4630911
176.67,4634046
176.68,4633425
176.69,4629686
176.7,4624301
176.71,4617560
176.72,4608630
176.73,4598017
176.74,4586606
176.75,4573627
176.76,4558530
176.77,4542017
176.78,4523853
176.79,4502942
176.8,4479413
176.81,4454551
176.82,4428555
176.83,4400481
176.84,4370257
176.85,4338089
176.86,4302679
176.87,4263272
176.88,4220008
176.89,4172604
176.9,4121805
176.91,4068694
176.92,4014408
176.93,3959258
176.94,3902343
176.95,3843718
176.96,3782657
176.97,3718085
176.98,3650516
176.99,3580597
177.0,3508159
177.01,3432873
177.02,3355495
177.03,3276066
177.04,3194004
177.05,3110141
177.06,3025708
177.07,2940882
177.08,2855261
177.09,2770087
177.1,2686836
177.11,2605079
177.12,2524711
177.13,2446595
177.14,2370449
177.15,2295753
177.16,2222193
177.17,2148593
177.18,2074497
177.19,1999577
177.2,1923002
177.21,1844711
177.22,1764415
177.23,1681386
177.24,1595384
177.25,1507531
177.26,1419071
177.27,1329809
177.28,1240115
177.29,1150116
177.3,1059731
177.31,969939
177.32,881088
177.33,793394
177.34,707635
177.35,624923
177.36,545662
177.37,469988
177.38,398434
177.39,330489
177.4,264706
177.41,199279
177.42,133493
177.43,67199
177.44,-485
177.45,-69867
177.46,-140828
177.47,-213833
177.48,-290528
177.49,-370825
177.5,-453419
177.51,-539139
177.52,-625960
177.53,-710793
177.54,-793660
177.55,-874546
177.56,-953969
177.57,-1033996
177.58,-1117058
177.59,-1203024
177.6,-1290238
177.61,-1378196
177.62,-1466556
177.63,-1554681
177.64,-1642297
177.65,-1730356
177.66,-1819599
177.67,-1908917
177.68,-1997119
177.69,-2083634
177.7,-2166747
177.71,-2245667
177.72,-2320929
177.73,-2392518
177.74,-2460724
177.75,-2526652
177.76,-2590429
177.77,-2651443
177.78,-2710575
177.79,-2767542
177.8,-2822359
177.81,-2875941
177.82,-2928167
177.83,-2980389
177.84,-3033054
177.85,-3085531
177.86,-3138115
177.87,-3190730
177.88,-3242926
177.89,-3293276
177.9,-3339926
177.91,-3383845
177.92,-3424939
177.93,-3460646
177.94,-3491663
177.95,-3518914
177.96,-3542729
177.97,-3564010
177.98,-3583774
177.99,-3602257
178.0,-3618490
178.01,-3633342
178.02,-3646285
178.03,-3656123
178.04,-3662232
178.05,-3663782
178.06,-3661788
178.07,-3656886
178.08,-3648758
178.09,-3637434
178.1,-3622631
178.11,-3603206
178.12,-3578908
178.13,-3550334
178.14,-3518901
178.15,-3485600
178.16,-3451127
178.17,-3417309
178.18,-3384789
178.19,-3354469
178.2,-3326723
178.21,-3301147
178.22,-3277723
178.23,-3257019
178.24,-3240202
178.25,-3226247
178.26,-3214031
178.27,-3204143
178.28,-3196531
178.29,-3189600
178.3,-3183656
178.31,-3179913
178.32,-3177650
178.33,-3176665
178.34,-3176761
178.35,-3177844
178.36,-3179393
178.37,-3181067
178.38,-3182989
178.39,-3183932
178.4,-3184150
178.41,-3183728
178.42,-3180321
178.43,-3172862
178.44,-3161742
178.45,-3146423
178.46,-3126973
178.47,-3103895
178.48,-3077194
178.49,-3046065
178.5,-3010123
178.51,-2971111
178.52,-2929236
178.53,-2883879
178.54,-2834787
178.55,-2782162
178.56,-2727405
178.57,-2670968
178.58,-2612981
178.59,-2554063
178.6,-2496147
178.61,-2439946
178.62,-2384454
178.63,-2330315
178.64,-2277680
178.65,-2225536
178.66,-2173771
178.67,-2122587
178.68,-2072671
178.69,-2024288
178.7,-1975820
178.71,-1927882
178.72,-1880842
178.73,-1833072
178.74,-1785402
178.75,-1738428
178.76,-1691414
178.77,-1643167
178.78,-1593821
178.79,-1544716
178.8,-1495873
178.81,-1447239
178.82,-1399449
178.83,-1353104
178.84,-1308290
178.85,-1265906
178.86,-1226047
178.87,-1187655
178.88,-1151572
178.89,-1118989
178.9,-1088765
178.91,-1059253
178.92,-1031240
178.93,-1004238
178.94,-977176
178.95,-951182
178.96,-926021
178.97,-901280
178.98,-876335
178.99,-850074
179.0,-822841
179.01,-794844
179.02,-766125
179.03,-737075
179.04,-707599
179.05,-678880
179.06,-651095
179.07,-622161
179.08,-592777
179.09,-562986
179.1,-532599
179.11,-503759
179.12,-476782
179.13,-451295
179.14,-426820
179.15,-403035
179.16,-379902
179.17,-357398
179.18,-334950
179.19,-311712
179.2,-288309
179.21,-264507
179.22,-239911
179.23,-214350
179.24,-187068
179.25,-158697
179.26,-129768
179.27,-99809
179.28,-68240
179.29,-34890
179.3,-697
179.31,33498
179.32,67708
179.33,101853
179.34,135840
179.35,169647
179.36,203580
179.37,237413
179.38,270258
179.39,303310
179.4,337553
179.41,372891
179.42,410257
179.43,450358
179.44,492985
179.45,537042
179.46,582275
179.47,629047
179.48,676800
179.49,724745
179.5,772642
179.51,820914
179.52,869824
179.53,918938
179.54,967564
179.55,1015927
179.56,1063795
179.57,1110440
179.58,1157046
179.59,1204463
179.6,1252050
179.61,1300340
179.62,1350378
179.63,1402448
179.64,1456799
179.65,1513710
179.66,1573122
179.67,1634523
179.68,1697849
179.69,1762430
179.7,1826971
179.71,1891495
179.72,1955847
179.73,2020169
179.74,2084206
179.75,2146219
179.76,2205671
179.77,2262429
179.78,2316529
179.79,2368381
179.8,2418608
179.81,2466980
179.82,2512316
179.83,2554871
179.84,2594176
179.85,2629563
179.86,2661875
179.87,2693534
179.88,2726522
179.89,2758969
179.9,2789982
179.91,2820651
179.92,2850418
179.93,2878847
179.94,2906369
179.95,2933506
179.96,2960325
179.97,2986938
179.98,3013769
179.99,3039703
180.0,3063708
180.01,3085912
180.02,3106042
180.03,3124455
180.04,3141413
180.05,3157276
180.06,3172027
180.07,3185359
180.08,3198333
180.09,3210934
180.1,3222682
180.11,3233453
180.12,3243643
180.13,3253096
180.14,3260574
180.15,3266910
180.16,3273800
180.17,3281277
180.18,3288889
180.19,3298091
180.2,3309601
180.21,3322490
180.22,3336266
180.23,3351042
180.24,3367040
180.25,3383160
180.26,3399289
180.27,3416069
180.28,3433648
180.29,3451620
180.3,3469141
180.31,3486365
180.32,3502618
180.33,3517454
180.34,3531675
180.35,3545097
180.36,3557451
180.37,3569546
180.38,3581409
180.39,3593219
180.4,3606032
180.41,3619866
180.42,3633815
180.43,3646366
180.44,3657223
180.45,3665682
180.46,3670526
180.47,3673193
180.48,3673966
180.49,3671555
180.5,3665983
180.51,3657321
180.52,3645197
180.53,3629404
180.54,3610349
180.55,3589025
180.56,3565843
180.57,3541395
180.58,3516699
180.59,3491354
180.6,3464727
180.61,3435572
180.62,3402726
180.63,3367099
180.64,3329236
180.65,3289384
180.66,3247193
180.67,3202111
180.68,3155145
180.69,3106408
180.7,3055037
180.71,3000720
180.72,2943428
180.73,2883199
180.74,2820808
180.75,2757604
180.76,2693777
180.77,2629080
180.78,2563830
180.79,2497779
180.8,2431055
180.81,2363949
180.82,2295524
180.83,2226266
180.84,2157320
180.85,2088333
180.86,2019299
180.87,1950671
180.88,1881675
180.89,1811332
180.9,1740743
180.91,1670442
180.92,1599383
180.93,1526592
180.94,1452537
180.95,1378830
180.96,1305154
180.97,1231579
180.98,1158955
180.99,1087257
181.0,1015930
181.01,944588
181.02,873952
181.03,803294
181.04,731384
181.05,657170
181.06,579951
181.07,501133
181.08,421357
181.09,340374
181.1,259554
181.11,179531
181.12,100365
181.13,22525
181.14,-54480
181.15,-129802
181.16,-203862
181.17,-276221
181.18,-344150
181.19,-407984
181.2,-467109
181.21,-521080
181.22,-571173
181.23,-618225
181.24,-662997
181.25,-705912
181.26,-748016
181.27,-788719
181.28,-827956
181.29,-867393
181.3,-907400
181.31,-947646
181.32,-987471
181.33,-1027327
181.34,-1067747
181.35,-1107782
181.36,-1146426
181.37,-1183091
181.38,-1217477
181.39,-1248577
181.4,-1276377
181.41,-1302416
181.42,-1326588
181.43,-1349180
181.44,-1371494
181.45,-1393796
181.46,-1415982
181.47,-1437371
181.48,-1458516
181.49,-1480659
181.5,-1503437
181.51,-1526185
181.52,-1549773
181.53,-1575250
181.54,-1602528
181.55,-1631851
181.56,-1662478
181.57,-1693412
181.58,-1724033
181.59,-1753809
181.6,-1783722
181.61,-1814245
181.62,-1845144
181.63,-1875821
181.64,-1905732
181.65,-1934938
181.66,-1962927
181.67,-1989929
181.68,-2016851
181.69,-2043253
181.7,-2067974
181.71,-2091565
181.72,-2114899
181.73,-2137830
181.74,-2161069
181.75,-2185511
181.76,-2210777
181.77,-2235265
181.78,-2258408
181.79,-2280314
181.8,-2300394
181.81,-2317893
181.82,-2332167
181.83,-2344103
181.84,-2354703
181.85,-2364903
181.86,-2375271
181.87,-2384829
181.88,-2393073
181.89,-2399524
181.9,-2403774
181.91,-2406545
181.92,-2408639
181.93,-2410743
181.94,-2413953
181.95,-2418967
181.96,-2424741
181.97,-2429227
181.98,-2431441
181.99,-2431261
182.0,-2429174
182.01,-2425781
182.02,-2421404
182.03,-2417473
182.04,-2413696
182.05,-2409475
182.06,-2405136
182.07,-2398980
182.08,-2388892
182.09,-2374375
182.1,-2357267
182.11,-2338123
182.12,-2317544
182.13,-2296552
182.14,-2274785
182.15,-2251015
182.16,-2223301
182.17,-2193433
182.18,-2162538
182.19,-2129643
182.2,-2095460
182.21,-2061240
182.22,-2027881
182.23,-1994879
182.24,-1961670
182.25,-1928309
182.26,-1895225
182.27,-1862826
182.28,-1831421
182.29,-1801099
182.3,-1772655
182.31,-1746381
182.32,-1720515
182.33,-1694448
182.34,-1668595
182.35,-1642701
182.36,-1616631
182.37,-1591522
182.38,-1568126
182.39,-1546878
182.4,-1528399
182.41,-1511546
182.42,-1495456
182.43,-1480383
182.44,-1465867
182.45,-1451101
182.46,-1436609
182.47,-1422507
182.48,-1408978
182.49,-1396623
182.5,-1384961
182.51,-1373607
182.52,-1361174
182.53,-1347302
182.54,-1333157
182.55,-1321039
182.56,-1312608
182.57,-1306992
182.58,-1303863
182.59,-1302592
182.6,-1302855
182.61,-1303392
182.62,-1303836
182.63,-1305204
182.64,-1307067
182.65,-1310194
182.66,-1314016
182.67,-1317938
182.68,-1320679
182.69,-1320901
182.7,-1319918
182.71,-1318750
182.72,-1318175
182.73,-1318042
182.74,-1319766
182.75,-1324345
182.76,-1330419
182.77,-1336197
182.78,-1340526
182.79,-1343360
182.8,-1344277
182.81,-1343302
182.82,-1340247
182.83,-1336363
182.84,-1332921
182.85,-1330046
182.86,-1327685
182.87,-1325596
182.88,-1324836
182.89,-1326315
182.9,-1330604
182.91,-1335972
182.92,-1340872
182.93,-1344989
182.94,-1347003
182.95,-1346600
182.96,-1343387
182.97,-1337757
182.98,-1330518
182.99,-1321642
183.0,-1310906
183.01,-1298223
183.02,-1283705
183.03,-1266447
183.04,-1245141
183.05,-1220167
183.06,-1192510
183.07,-1161809
183.08,-1128249
183.09,-1093575
183.1,-1059493
183.11,-1026256
183.12,-994143
183.13,-963455
183.14,-933890
183.15,-905018
183.16,-875694
183.17,-845753
183.18,-815751
183.19,-785389
183.2,-754470
183.21,-724005
183.22,-693547
183.23,-660598
183.24,-624075
183.25,-585050
183.26,-544711
183.27,-502128
183.28,-456781
183.29,-409381
183.3,-359733
183.31,-307094
183.32,-252826
183.33,-200206
183.34,-149287
183.35,-99707
183.36,-51745
183.37,-4738
183.38,40631
183.39,84645
183.4,127643
183.41,169890
183.42,211291
183.43,252048
183.44,293640
183.45,335225
183.46,376094
183.47,417452
183.48,459736
183.49,501975
183.5,544103
183.51,586111
183.52,627154
183.53,666979
183.54,706014
183.55,744984
183.56,783138
183.57,819942
183.58,854927
183.59,887354
183.6,916999
183.61,943696
183.62,968973
183.63,993777
183.64,1018580
183.65,1044603
183.66,1071599
183.67,1099295
183.68,1127867
183.69,1157131
183.7,1188081
183.71,1220956
183.72,1254670
183.73,1290133
183.74,1327738
183.75,1366495
183.76,1405746
183.77,1444644
183.78,1483192
183.79,1522352
183.8,1561848
183.81,1600207
183.82,1638679
183.83,1678390
183.84,1718556
183.85,1759365
183.86,1800144
183.87,1840462
183.88,1879541
183.89,1915468
183.9,1948862
183.91,1981034
183.92,2011494
183.93,2039896
183.94,2066837
183.95,2092631
183.96,2116887
183.97,2139757
183.98,2162066
183.99,2183859
184.0,2204619
184.01,2224759
184.02,2245837
184.03,2267572
184.04,2289101
184.05,2311939
184.06,2335269
184.07,2356957
184.08,2376028
184.09,2392219
184.1,2406284
184.11,2417809
184.12,2428197
184.13,2440006
184.14,2453625
184.15,2467923
184.16,2483573
184.17,2502325
184.18,2523048
184.19,2544673
184.2,2566745
184.21,2589508
184.22,2612323
184.23,2634152
184.24,2656306
184.25,2679404
184.26,2703730
184.27,2730234
184.28,2759723
184.29,2792389
184.3,2827647
184.31,2863679
184.32,2900049
184.33,2938658
184.34,2980428
184.35,3025360
184.36,3072480
184.37,3121409
184.38,3172157
184.39,3223837
184.4,3276430
184.41,3329407
184.42,3381705
184.43,3433109
184.44,3483562
184.45,3532074
184.46,3577871
184.47,3621615
184.48,3662846
184.49,3700493
184.5,3735506
184.51,3768259
184.52,3798513
184.53,3827655
184.54,3855406
184.55,3880907
184.56,3903785
184.57,3923789
184.58,3941958
184.59,3958864
184.6,3975580
184.61,3992481
184.62,4008935
184.63,4024240
184.64,4038295
184.65,4051758
184.66,4063626
184.67,4073791
184.68,4083181
184.69,4091763
184.7,4099354
184.71,4104794
184.72,4106974
184.73,4105385
184.74,4098935
184.75,4087330
184.76,4071351
184.77,4052471
184.78,4031771
184.79,4009257
184.8,3986049
184.81,3962214
184.82,3936758
184.83,3909561
184.84,3880501
184.85,3850441
184.86,3818976
184.87,3786046
184.88,3752265
184.89,3716482
184.9,3678821
184.91,3640282
184.92,3601886
184.93,3562894
184.94,3522066
184.95,3479579
184.96,3435403
184.97,3389955
184.98,3343183
184.99,3295976
185.0,3249734
185.01,3204161
185.02,3157856
185.03,3110045
185.04,3061402
185.05,3011132
185.06,2958469
185.07,2904524
185.08,2849559
185.09,2792218
185.1,2732441
185.11,2671488
185.12,2609082
185.13,2543899
185.14,2475272
185.15,2404114
185.16,2330619
185.17,2254730
185.18,2176324
185.19,2094702
185.2,2010734
185.21,1924915
185.22,1837585
185.23,1748602
185.24,1657363
185.25,1564258
185.26,1469475
185.27,1373973
185.28,1279051
185.29,1184943
185.3,1091821
185.31,1000906
185.32,913270
185.33,828496
185.34,745490
185.35,663980
185.36,583438
185.37,502889
185.38,422737
185.39,342415
185.4,260924
185.41,178736
185.42,96578
185.43,14342
185.44,-67829
185.45,-149349
185.46,-229894
185.47,-308537
185.48,-385368
185.49,-459756
185.5,-530932
185.51,-599608
185.52,-666857
185.53,-732777
185.54,-796922
185.55,-861440
185.56,-927296
185.57,-994763
185.58,-1064593
185.59,-1136474
185.6,-1209670
185.61,-1282659
185.62,-1354197
185.63,-1423517
185.64,-1492399
185.65,-1561111
185.66,-1628701
185.67,-1696123
185.68,-1763126
185.69,-1829765
185.7,-1895301
185.71,-1960462
185.72,-2027094
185.73,-2096074
185.74,-2166566
185.75,-2237110
185.76,-2309299
185.77,-2381804
185.78,-2452840
185.79,-2523322
185.8,-2594181
185.81,-2665017
185.82,-2734041
185.83,-2800691
185.84,-2865186
185.85,-2927935
185.86,-2987675
185.87,-3044036
185.88,-3097046
185.89,-3146045
185.9,-3191494
185.91,-3232660
185.92,-3269231
185.93,-3302066
185.94,-3332136
185.95,-3359430
185.96,-3382985
185.97,-3402731
185.98,-3419752
185.99,-3433967
186.0,-3444424
186.01,-3452325
186.02,-3457985
186.03,-3460276
186.04,-3459691
186.05,-3457115
186.06,-3452495
186.07,-3446665
186.08,-3440341
186.09,-3432592
186.1,-3424067
186.11,-3415248
186.12,-3404600
186.13,-3391084
186.14,-3375688
186.15,-3359760
186.16,-3343065
186.17,-3326057
186.18,-3309689
186.19,-3294162
186.2,-3277909
186.21,-3259585
186.22,-3239905
186.23,-3218350
186.24,-3194182
186.25,-3167851
186.26,-3139862
186.27,-3111330
186.28,-3083554
186.29,-3055528
186.3,-3025967
186.31,-2995569
186.32,-2964452
186.33,-2932637
186.34,-2900238
186.35,-2866639
186.36,-2831892
186.37,-2796802
186.38,-2761038
186.39,-2724339
186.4,-2687556
186.41,-2650875
186.42,-2614326
186.43,-2577865
186.44,-2542080
186.45,-2507819
186.46,-2475490
186.47,-2445643
186.48,-2418724
186.49,-2394929
186.5,-2374164
186.51,-2356432
186.52,-2341995
186.53,-2330930
186.54,-2321674
186.55,-2314048
186.56,-2309023
186.57,-2305900
186.58,-2305153
186.59,-2307006
186.6,-2310294
186.61,-2314145
186.62,-2318207
186.63,-2321985
186.64,-2325025
186.65,-2327336
186.66,-2328241
186.67,-2327559
186.68,-2325296
186.69,-2321863
186.7,-2318809
186.71,-2316339
186.72,-2314112
186.73,-2312168
186.74,-2310812
186.75,-2310523
186.76,-2310642
186.77,-2310178
186.78,-2309027
186.79,-2308149
186.8,-2309163
186.81,-2312544
186.82,-2317340
186.83,-2322568
186.84,-2326724
186.85,-2328121
186.86,-2327462
186.87,-2327093
186.88,-2327350
186.89,-2327680
186.9,-2328759
186.91,-2330269
186.92,-2331122
186.93,-2331562
186.94,-2332674
186.95,-2333962
186.96,-2334130
186.97,-2335073
186.98,-2337765
186.99,-2339326
187.0,-2340073
187.01,-2342750
187.02,-2346367
187.03,-2348662
187.04,-2350620
187.05,-2353437
187.06,-2355933
187.07,-2357593
187.08,-2357711
187.09,-2356154
187.1,-2352792
187.11,-2346210
187.12,-2337835
187.13,-2328565
187.14,-2319107
187.15,-2310607
187.16,-2302530
187.17,-2295683
187.18,-2288946
187.19,-2280776
187.2,-2271257
187.21,-2260970
187.22,-2251255
187.23,-2242026
187.24,-2233692
187.25,-2225743
187.26,-2216683
187.27,-2206516
187.28,-2195289
187.29,-2183385
187.3,-2170795
187.31,-2157325
187.32,-2143034
187.33,-2127534
187.34,-2110585
187.35,-2092321
187.36,-2072827
187.37,-2051509
187.38,-2027633
187.39,-2001807
187.4,-1975295
187.41,-1947888
187.42,-1919089
187.43,-1888436
187.44,-1856247
187.45,-1822984
187.46,-1788085
187.47,-1753032
187.48,-1719345
187.49,-1687195
187.5,-1655976
187.51,-1625359
187.52,-1596271
187.53,-1568689
187.54,-1542150
187.55,-1516456
187.56,-1492375
187.57,-1469643
187.58,-1446240
187.59,-1421905
187.6,-1396799
187.61,-1369909
187.62,-1340767
187.63,-1310666
187.64,-1280225
187.65,-1249298
187.66,-1219669
187.67,-1191245
187.68,-1162815
187.69,-1135193
187.7,-1107936
187.71,-1080547
187.72,-1053073
187.73,-1024809
187.74,-995712
187.75,-966573
187.76,-938026
187.77,-909798
187.78,-881639
187.79,-852405
187.8,-821458
187.81,-790972
187.82,-760974
187.83,-729663
187.84,-698239
187.85,-667605
187.86,-636341
187.87,-603465
187.88,-569998
187.89,-537524
187.9,-505049
187.91,-470591
187.92,-435042
187.93,-399273
187.94,-361343
187.95,-321391
187.96,-282407
187.97,-245343
187.98,-209175
187.99,-173929
188.0,-139971
188.01,-106708
188.02,-72785
188.03,-38119
188.04,-4512
188.05,28148
188.06,60553
188.07,92357
188.08,123793
188.09,155363
188.1,187948
188.11,222540
188.12,258222
188.13,293529
188.14,329990
188.15,367891
188.16,405379
188.17,442085
188.18,479421
188.19,518670
188.2,558409
188.21,598774
188.22,640684
188.23,683555
188.24,727211
188.25,772157
188.26,818603
188.27,863965
188.28,907935
188.29,952347
188.3,996941
188.31,1040845
188.32,1084168
188.33,1128018
188.34,1171816
188.35,1214790
188.36,1257381
188.37,1299618
188.38,1341004
188.39,1382886
188.4,1425446
188.41,1466710
188.42,1507297
188.43,1548040
188.44,1587742
188.45,1624796
188.46,1659350
188.47,1692435
188.48,1724335
188.49,1753471
188.5,1780729
188.51,1807871
188.52,1832479
188.53,1854686
188.54,1875057
188.55,1894618
188.56,1914713
188.57,1934545
188.58,1954738
188.59,1975165
188.6,1995660
188.61,2015378
188.62,2033140
188.63,2049703
188.64,2066036
188.65,2080611
188.66,2091748
188.67,2100645
188.68,2109086
188.69,2117786
188.7,2124608
188.71,2129766
188.72,2135084
188.73,2139310
188.74,2142082
188.75,2143752
188.76,2144206
188.77,2142928
188.78,2139537
188.79,2133722
188.8,2125638
188.81,2115508
188.82,2103155
188.83,2088927
188.84,2073353
188.85,2058255
188.86,2043570
188.87,2027430
188.88,2010002
188.89,1991544
188.9,1971758
188.91,1950590
188.92,1928766
188.93,1906883
188.94,1884412
188.95,1861480
188.96,1839163
188.97,1818461
188.98,1799440
188.99,1782006
189.0,1766461
189.01,1753102
189.02,1741294
189.03,1730932
189.04,1723416
189.05,1718486
189.06,1714940
189.07,1711398
189.08,1708012
189.09,1706002
189.1,1705191
189.11,1705149
189.12,1705405
189.13,1706007
189.14,1706309
189.15,1705721
189.16,1704212
189.17,1701319
189.18,1697438
189.19,1694103
189.2,1692471
189.21,1691353
189.22,1687974
189.23,1681799
189.24,1674694
189.25,1666157
189.26,1655976
189.27,1646167
189.28,1637158
189.29,1627772
189.3,1617183
189.31,1605105
189.32,1590395
189.33,1573793
189.34,1556397
189.35,1537719
189.36,1517702
189.37,1496851
189.38,1475746
189.39,1453606
189.4,1430125
189.41,1405135
189.42,1379408
189.43,1353956
189.44,1328743
189.45,1305039
189.46,1282816
189.47,1260994
189.48,1239097
189.49,1216844
189.5,1192927
189.51,1165901
189.52,1136724
189.53,1106802
189.54,1076753
189.55,1045613
189.56,1012329
189.57,977415
189.58,939846
189.59,899846
189.6,859120
189.61,816358
189.62,771461
189.63,726751
189.64,682741
189.65,637790
189.66,591726
189.67,546502
189.68,501712
189.69,456196
189.7,410550
189.71,365480
189.72,321699
189.73,278743
189.74,236303
189.75,194558
189.76,153040
189.77,112141
189.78,71867
189.79,32147
189.8,-6668
189.81,-44911
189.82,-81403
189.83,-114764
189.84,-146359
189.85,-176724
189.86,-205070
189.87,-232157
189.88,-258310
189.89,-282800
189.9,-305608
189.91,-328297
189.92,-351553
189.93,-373896
189.94,-395597
189.95,-418092
189.96,-441698
189.97,-466405
189.98,-492169
189.99,-519118
190.0,-547289
190.01,-575837
190.02,-604689
190.03,-635170
190.04,-667202
190.05,-700427
190.06,-734979
190.07,-771059
190.08,-808341
190.09,-845999
190.1,-883420
190.11,-919200
190.12,-953774
190.13,-988366
190.14,-1023119
190.15,-1056896
190.16,-1088922
190.17,-1119179
190.18,-1146939
190.19,-1173658
190.2,-1200375
190.21,-1226984
190.22,-1253877
190.23,-1281380
190.24,-1308354
190.25,-1334085
190.26,-1359570
190.27,-1383724
190.28,-1405781
190.29,-1426291
190.3,-1445928
190.31,-1465224
190.32,-1484884
190.33,-1503030
190.34,-1516881
190.35,-1529046
190.36,-1540855
190.37,-1551377
190.38,-1561098
190.39,-1569861
190.4,-1577248
190.41,-1582608
190.42,-1585444
190.43,-1586644
190.44,-1587671
190.45,-1588581
190.46,-1589469
190.47,-1590657
190.48,-1591046
190.49,-1589420
190.5,-1586613
190.51,-1583715
190.52,-1581058
190.53,-1578476
190.54,-1575691
190.55,-1573589
190.56,-1571485
190.57,-1570442
190.58,-1571490
190.59,-1573675
190.6,-1577606
190.61,-1582875
190.62,-1590675
190.63,-1600975
190.64,-1612304
190.65,-1625374
190.66,-1640327
190.67,-1657898
190.68,-1678025
190.69,-1700105
190.7,-1724019
190.71,-1748156
190.72,-1771970
190.73,-1795860
190.74,-1820579
190.75,-1848088
190.76,-1877463
190.77,-1907495
190.78,-1939326
190.79,-1973083
190.8,-2008054
190.81,-2042425
190.82,-2075907
190.83,-2110306
190.84,-2146618
190.85,-2185328
190.86,-2225875
190.87,-2267022
190.88,-2307268
190.89,-2346863
190.9,-2386462
190.91,-2424533
190.92,-2461048
190.93,-2495601
190.94,-2527021
190.95,-2555225
190.96,-2580522
190.97,-2604222
190.98,-2626343
190.99,-2645895
191.0,-2663567
191.01,-2680855
191.02,-2696206
191.03,-2709054
191.04,-2720816
191.05,-2730215
191.06,-2736824
191.07,-2740949
191.08,-2743382
191.09,-2744837
191.1,-2744346
191.11,-2740903
191.12,-2733879
191.13,-2724084
191.14,-2712543
191.15,-2699090
191.16,-2684070
191.17,-2668732
191.18,-2653343
191.19,-2637161
191.2,-2619369
191.21,-2600641
191.22,-2580526
191.23,-2557260
191.24,-2531093
191.25,-2502326
191.26,-2472408
191.27,-2442538
191.28,-2412227
191.29,-2380980
191.3,-2348498
191.31,-2314783
191.32,-2280002
191.33,-2244845
191.34,-2209795
191.35,-2176342
191.36,-2145033
191.37,-2114832
191.38,-2086254
191.39,-2059037
191.4,-2031406
191.41,-2002706
191.42,-1973668
191.43,-1945795
191.44,-1919317
191.45,-1892791
191.46,-1866522
191.47,-1840335
191.48,-1814114
191.49,-1789566
191.5,-1764914
191.51,-1738534
191.52,-1712729
191.53,-1688658
191.54,-1665464
191.55,-1643216
191.56,-1621932
191.57,-1600494
191.58,-1577666
191.59,-1553972
191.6,-1531519
191.61,-1509791
191.62,-1487439
191.63,-1465334
191.64,-1444070
191.65,-1421435
191.66,-1396584
191.67,-1371808
191.68,-1345361
191.69,-1315993
191.7,-1286463
191.71,-1257121
191.72,-1227348
191.73,-1196556
191.74,-1164518
191.75,-1132323
191.76,-1099746
191.77,-1065146
191.78,-1028291
191.79,-990366
191.8,-951131
191.81,-910387
191.82,-868975
191.83,-826178
191.84,-781121
191.85,-734561
191.86,-686466
191.87,-636623
191.88,-585742
191.89,-534648
191.9,-484514
191.91,-434328
191.92,-383174
191.93,-332165
191.94,-281235
191.95,-230900
191.96,-181112
191.97,-130932
191.98,-81361
191.99,-32311
192.0,15935
192.01,62832
192.02,111054
192.03,160893
192.04,210603
192.05,260435
192.06,310578
192.07,361137
192.08,411299
192.09,459770
192.1,507462
192.11,556004
192.12,605070
192.13,654073
192.14,703257
192.15,751453
192.16,797131
192.17,840280
192.18,881115
192.19,919670
192.2,956014
192.21,990712
192.22,1024185
192.23,1054886
192.24,1082830
192.25,1109794
192.26,1136009
192.27,1161318
192.28,1185858
192.29,1210517
192.3,1236938
192.31,1265612
192.32,1294720
192.33,1322673
192.34,1350171
192.35,1378097
192.36,1406260
192.37,1434075
192.38,1461149
192.39,1488666
192.4,1516994
192.41,1544966
192.42,1573248
192.43,1602039
192.44,1630744
192.45,1658782
192.46,1685328
192.47,1710704
192.48,1735391
192.49,1759189
192.5,1782394
192.51,1805497
192.52,1827531
192.53,1849250
192.54,1871116
192.55,1891193
192.56,1909587
192.57,1926733
192.58,1942282
192.59,1955951
192.6,1968229
192.61,1979300
192.62,1987610
192.63,1993318
192.64,1997895
192.65,2001719
192.66,2004057
192.67,2005158
192.68,2006477
192.69,2007013
192.7,2005325
192.71,2002239
192.72,1999254
192.73,1996839
192.74,1993887
192.75,1991228
192.76,1990504
192.77,1989536
192.78,1987375
192.79,1985238
192.8,1982212
192.81,1978491
192.82,1974631
192.83,1970547
192.84,1966889
192.85,1963685
192.86,1961256
192.87,1959753
192.88,1958861
192.89,1959195
192.9,1961669
192.91,1965583
192.92,1969477
192.93,1973298
192.94,1977605
192.95,1982663
192.96,1988855
192.97,1996103
192.98,2004040
192.99,2012372
193.0,2020891
193.01,2031026
193.02,2043123
193.03,2055489
193.04,2068265
193.05,2082765
193.06,2098711
193.07,2114843
193.08,2130135
193.09,2143910
193.1,2157010
193.11,2169979
193.12,2182067
193.13,2193281
193.14,2204352
193.15,2215363
193.16,2225297
193.17,2234010
193.18,2242689
193.19,2251693
193.2,2261085
193.21,2271763
193.22,2283776
193.23,2295780
193.24,2306386
193.25,2316206
193.26,2326555
193.27,2336649
193.28,2346394
193.29,2357389
193.3,2370037
193.31,2383223
193.32,2395670
193.33,2407683
193.34,2419498
193.35,2430038
193.36,2440008
193.37,2449767
193.38,2458998
193.39,2468252
193.4,2476740
193.41,2483779
193.42,2488682
193.43,2491770
193.44,2493909
193.45,2494028
193.46,2491925
193.47,2487822
193.48,2481272
193.49,2471854
193.5,2459123
193.51,2442939
193.52,2423483
193.53,2401092
193.54,2375860
193.55,2348240
193.56,2317998
193.57,2284722
193.58,2248631
193.59,2210110
193.6,2169875
193.61,2126699
193.62,2080672
193.63,2033469
193.64,1985050
193.65,1935992
193.66,1886409
193.67,1835484
193.68,1782091
193.69,1726363
193.7,1670462
193.71,1614696
193.72,1558168
193.73,1500973
193.74,1443323
193.75,1385659
193.76,1328507
193.77,1271849
193.78,1215778
193.79,1159120
193.8,1101166
193.81,1043593
193.82,986870
193.83,930453
193.84,874360
193.85,819085
193.86,764539
193.87,709871
193.88,655168
193.89,601225
193.9,549071
193.91,498929
193.92,449423
193.93,399700
193.94,349886
193.95,300103
193.96,250781
193.97,201399
193.98,151958
193.99,103830
194.0,56512
194.01,9073
194.02,-38664
194.03,-86685
194.04,-133501
194.05,-179125
194.06,-224180
194.07,-266844
194.08,-306566
194.09,-344800
194.1,-383077
194.11,-421777
194.12,-460434
194.13,-499178
194.14,-538023
194.15,-577027
194.16,-616109
194.17,-654187
194.18,-691337
194.19,-729054
194.2,-767330
194.21,-804590
194.22,-839933
194.23,-873975
194.24,-907098
194.25,-939162
194.26,-970434
194.27,-1000996
194.28,-1030048
194.29,-1058152
194.3,-1087109
194.31,-1116261
194.32,-1144548
194.33,-1172399
194.34,-1200959
194.35,-1230417
194.36,-1259020
194.37,-1286114
194.38,-1312481
194.39,-1338473
194.4,-1364754
194.41,-1392466
194.42,-1422169
194.43,-1454584
194.44,-1489345
194.45,-1524904
194.46,-1561106
194.47,-1598409
194.48,-1636544
194.49,-1673989
194.5,-1709692
194.51,-1744295
194.52,-1778303
194.53,-1812481
194.54,-1846977
194.55,-1880903
194.56,-1914946
194.57,-1949240
194.58,-1983337
194.59,-2018183
194.6,-2053451
194.61,-2088585
194.62,-2124241
194.63,-2160432
194.64,-2196205
194.65,-2230668
194.66,-2263544
194.67,-2295008
194.68,-2326241
194.69,-2358428
194.7,-2390733
194.71,-2421259
194.72,-2450639
194.73,-2480227
194.74,-2509075
194.75,-2536960
194.76,-2564344
194.77,-2591543
194.78,-2618560
194.79,-2644190
194.8,-2668074
194.81,-2690033
194.82,-2709405
194.83,-2726250
194.84,-2740154
194.85,-2750719
194.86,-2758706
194.87,-2765877
194.88,-2772471
194.89,-2777672
194.9,-2782235
194.91,-2785694
194.92,-2787205
194.93,-2786934
194.94,-2785168
194.95,-2782380
194.96,-2779345
194.97,-2776987
194.98,-2774615
194.99,-2771321
195.0,-2766537
195.01,-2760154
195.02,-2753040
195.03,-2745609
195.04,-2736927
195.05,-2726161
195.06,-2714900
195.07,-2704516
195.08,-2694880
195.09,-2685019
195.1,-2674514
195.11,-2664158
195.12,-2654124
195.13,-2644361
195.14,-2634282
195.15,-2624669
195.16,-2615539
195.17,-2605056
195.18,-2593896
195.19,-2582379
195.2,-2569308
195.21,-2554218
195.22,-2538014
195.23,-2521067
195.24,-2502933
195.25,-2483426
195.26,-2461554
195.27,-2437483
195.28,-2411751
195.29,-2385292
195.3,-2361022
195.31,-2338754
195.32,-2315917
195.33,-2293319
195.34,-2271249
195.35,-2248753
195.36,-2227043
195.37,-2206220
195.38,-2185276
195.39,-2164206
195.4,-2144226
195.41,-2125519
195.42,-2106195
195.43,-2085954
195.44,-2066202
195.45,-2046802
195.46,-2026348
195.47,-2006006
195.48,-1987130
195.49,-1968400
195.5,-1948914
195.51,-1927901
195.52,-1905434
195.53,-1882338
195.54,-1857930
195.55,-1832495
195.56,-1806603
195.57,-1778913
195.58,-1748430
195.59,-1715899
195.6,-1680910
195.61,-1642817
195.62,-1603857
195.63,-1565027
195.64,-1526108
195.65,-1487381
195.66,-1449003
195.67,-1410028
195.68,-1368162
195.69,-1324116
195.7,-1278380
195.71,-1230302
195.72,-1181817
195.73,-1134051
195.74,-1086263
195.75,-1037360
195.76,-987333
195.77,-936599
195.78,-884091
195.79,-829505
195.8,-774338
195.81,-720050
195.82,-666949
195.83,-613778
195.84,-560306
195.85,-506979
195.86,-452813
195.87,-399128
195.88,-347259
195.89,-296380
195.9,-246811
195.91,-198571
195.92,-151318
195.93,-104807
195.94,-58337
195.95,-11135
195.96,37274
195.97,86067
195.98,134715
195.99,182987
196.0,229130
196.01,272849
196.02,314792
196.03,355553
196.04,397371
196.05,440250
196.06,482792
196.07,524650
196.08,565407
196.09,604557
196.1,641468
196.11,677359
196.12,714366
196.13,752999
196.14,793090
196.15,834174
196.16,874472
196.17,913588
196.18,952858
196.19,992046
196.2,1031145
196.21,1070387
196.22,1109289
196.23,1147115
196.24,1183182
196.25,1217954
196.26,1250869
196.27,1281517
196.28,1311833
196.29,1342870
196.3,1373292
196.31,1402395
196.32,1430243
196.33,1455949
196.34,1478671
196.35,1497900
196.36,1514286
196.37,1528588
196.38,1540771
196.39,1550684
196.4,1558595
196.41,1565463
196.42,1570484
196.43,1572582
196.44,1571954
196.45,1568162
196.46,1561529
196.47,1554465
196.48,1548437
196.49,1541750
196.5,1533128
196.51,1523903
196.52,1513774
196.53,1501275
196.54,1486919
196.55,1470051
196.56,1451193
196.57,1432225
196.58,1412743
196.59,1393516
196.6,1375353
196.61,1357583
196.62,1340062
196.63,1322939
196.64,1306342
196.65,1290455
196.66,1274447
196.67,1258027
196.68,1241778
196.69,1224417
196.7,1206893
196.71,1190993
196.72,1175791
196.73,1159965
196.74,1142378
196.75,1123344
196.76,1104352
196.77,1086987
196.78,1070397
196.79,1053375
196.8,1036296
196.81,1018868
196.82,1001986
196.83,986458
196.84,971117
196.85,955792
196.86,941694
196.87,928335
196.88,915040
196.89,901851
196.9,889222
196.91,878451
196.92,870653
196.93,866568
196.94,865235
196.95,865633
196.96,866375
196.97,866258
196.98,866513
196.99,867375
197.0,867770
197.01,867492
197.02,867961
197.03,868675
197.04,867797
197.05,867240
197.06,867870
197.07,867486
197.08,866236
197.09,866146
197.1,867331
197.11,869312
197.12,872198
197.13,876126
197.14,880635
197.15,884911
197.16,889152
197.17,892412
197.18,894340
197.19,895057
197.2,894348
197.21,892904
197.22,889699
197.23,883488
197.24,874317
197.25,863340
197.26,851328
197.27,838778
197.28,826316
197.29,813616
197.3,800342
197.31,785719
197.32,769500
197.33,752143
197.34,734891
197.35,719008
197.36,703452
197.37,688269
197.38,674225
197.39,658610
197.4,641522
197.41,626183
197.42,611218
197.43,594674
197.44,577075
197.45,559175
197.46,540688
197.47,521823
197.48,504745
197.49,488670
197.5,472290
197.51,456990
197.52,443343
197.53,431871
197.54,423369
197.55,417681
197.56,414458
197.57,413326
197.58,414199
197.59,417366
197.6,421637
197.61,426662
197.62,432827
197.63,438950
197.64,446123
197.65,454817
197.66,463016
197.67,470722
197.68,478745
197.69,487295
197.7,496637
197.71,507208
197.72,518872
197.73,530934
197.74,543388
197.75,556426
197.76,570656
197.77,586461
197.78,602585
197.79,619383
197.8,637225
197.81,655026
197.82,673279
197.83,691542
197.84,710290
197.85,729921
197.86,748714
197.87,765712
197.88,781099
197.89,796839
197.9,811663
197.91,824282
197.92,836973
197.93,849707
197.94,861514
197.95,872365
197.96,882941
197.97,893035
197.98,902874
197.99,913483
198.0,924133
198.01,933952
198.02,942288
198.03,949199
198.04,953647
198.05,954929
198.06,954984
198.07,954765
198.08,954758
198.09,954946
198.1,953728
198.11,950966
198.12,947208
198.13,941245
198.14,933150
198.15,923249
198.16,912120
198.17,901404
198.18,890479
198.19,880025
198.2,870250
198.21,859498
198.22,848207
198.23,836382
198.24,823531
198.25,809738
198.26,795354
198.27,781364
198.28,767010
198.29,750842
198.3,733388
198.31,714359
198.32,693427
198.33,670808
198.34,646467
198.35,621454
198.36,595678
198.37,568346
198.38,539193
198.39,509474
198.4,480869
198.41,452090
198.42,422597
198.43,395157
198.44,370605
198.45,346914
198.46,324203
198.47,302683
198.48,281692
198.49,261845
198.5,242730
198.51,224785
198.52,209514
198.53,195998
198.54,183082
198.55,170530
198.56,157958
198.57,146665
198.58,135757
198.59,122726
198.6,109765
198.61,98866
198.62,89012
198.63,78859
198.64,69143
198.65,60470
198.66,50599
198.67,39774
198.68,28815
198.69,16980
198.7,3903
198.71,-10312
198.72,-24587
198.73,-39144
198.74,-54253
198.75,-70116
198.76,-86978
198.77,-103890
198.78,-120435
198.79,-136796
198.8,-153196
198.81,-169236
198.82,-184477
198.83,-199603
198.84,-214919
198.85,-228878
198.86,-241572
198.87,-254553
198.88,-267197
198.89,-279265
198.9,-292606
198.91,-308277
198.92,-325695
198.93,-344747
198.94,-365582
198.95,-388026
198.96,-410542
198.97,-432815
198.98,-456522
198.99,-481665
199.0,-508195
199.01,-535474
199.02,-562998
199.03,-590100
199.04,-616910
199.05,-645415
199.06,-673868
199.07,-701289
199.08,-729302
199.09,-758805
199.1,-790040
199.11,-821694
199.12,-853826
199.13,-887050
199.14,-921134
199.15,-955987
199.16,-990914
199.17,-1025187
199.18,-1058351
199.19,-1090375
199.2,-1122164
199.21,-1153534
199.22,-1183233
199.23,-1211469
199.24,-1239143
199.25,-1266300
199.26,-1291076
199.27,-1313099
199.28,-1333768
199.29,-1354103
199.3,-1375038
199.31,-1395332
199.32,-1413712
199.33,-1429728
199.34,-1443456
199.35,-1455662
199.36,-1466629
199.37,-1476021
199.38,-1484162
199.39,-1493061
199.4,-1503056
199.41,-1512792
199.42,-1521915
199.43,-1530536
199.44,-1537710
199.45,-1543570
199.46,-1549831
199.47,-1556945
199.48,-1564244
199.49,-1571064
199.5,-1578506
199.51,-1586281
199.52,-1592831
199.53,-1598225
199.54,-1602071
199.55,-1605985
199.56,-1610751
199.57,-1615337
199.58,-1620144
199.59,-1624842
199.6,-1629332
199.61,-1633590
199.62,-1638092
199.63,-1643963
199.64,-1651134
199.65,-1658409
199.66,-1664981
199.67,-1671258
199.68,-1676923
199.69,-1681528
199.7,-1686249
199.71,-1691632
199.72,-1697736
199.73,-1704943
199.74,-1712176
199.75,-1720102
199.76,-1729253
199.77,-1739040
199.78,-1750023
199.79,-1761494
199.8,-1773887
199.81,-1787126
199.82,-1799830
199.83,-1812502
199.84,-1825929
199.85,-1838733
199.86,-1849695
199.87,-1860126
199.88,-1869276
199.89,-1876105
199.9,-1881417
199.91,-1885418
199.92,-1888397
199.93,-1891099
199.94,-1894643
199.95,-1898796
199.96,-1903083
199.97,-1907128
199.98,-1910150
199.99,-1911878
200.0,-1912453
200.01,-1912766
200.02,-1912610
200.03,-1911923
200.04,-1910795
200.05,-1907779
200.06,-1901724
200.07,-1894224
200.08,-1887037
200.09,-1879250
200.1,-1871546
200.11,-1864030
200.12,-1854723
200.13,-1844163
200.14,-1833267
200.15,-1821397
200.16,-1809724
200.17,-1799233
200.18,-1789265
200.19,-1779657
200.2,-1770834
200.21,-1763947
200.22,-1757899
200.23,-1752703
200.24,-1749229
200.25,-1745630
200.26,-1740479
200.27,-1733332
200.28,-1724473
200.29,-1712978
200.3,-1698905
200.31,-1683118
200.32,-1666121
200.33,-1648204
200.34,-1628849
200.35,-1609129
200.36,-1589941
200.37,-1572534
200.38,-1557227
200.39,-1543752
200.4,-1533895
200.41,-1526825
200.42,-1519201
200.43,-1510911
200.44,-1504988
200.45,-1502360
200.46,-1502227
200.47,-1504464
200.48,-1509113
200.49,-1515898
200.5,-1523460
200.51,-1530465
200.52,-1536999
200.53,-1545229
200.54,-1556135
200.55,-1568222
200.56,-1581337
200.57,-1595435
200.58,-1609720
200.59,-1623786
200.6,-1636938
200.61,-1649843
200.62,-1662723
200.63,-1674773
200.64,-1688216
200.65,-1703995
200.66,-1720037
200.67,-1735439
200.68,-1750122
200.69,-1764041
200.7,-1777836
200.71,-1793188
200.72,-1809892
200.73,-1826214
200.74,-1842432
200.75,-1858492
200.76,-1872556
200.77,-1884174
200.78,-1894324
200.79,-1903363
200.8,-1911629
200.81,-1919720
200.82,-1927653
200.83,-1934326
200.84,-1938934
200.85,-1941757
200.86,-1942895
200.87,-1942647
200.88,-1942207
200.89,-1941832
200.9,-1940607
200.91,-1939114
200.92,-1936532
200.93,-1932394
200.94,-1929410
200.95,-1927531
200.96,-1924592
200.97,-1921130
200.98,-1918208
200.99,-1913785
201.0,-1906954
201.01,-1897293
201.02,-1884286
201.03,-1868943
201.04,-1850607
201.05,-1829706
201.06,-1807027
201.07,-1784399
201.08,-1762884
201.09,-1740363
201.1,-1716342
201.11,-1690606
201.12,-1663854
201.13,-1637457
201.14,-1612102
201.15,-1587494
201.16,-1563506
201.17,-1540516
201.18,-1517160
201.19,-1493651
201.2,-1470368
201.21,-1447577
201.22,-1425229
201.23,-1402438
201.24,-1381049
201.25,-1361852
201.26,-1343598
201.27,-1325661
201.28,-1307608
201.29,-1290395
201.3,-1275308
201.31,-1260432
201.32,-1245552
201.33,-1232043
201.34,-1218840
201.35,-1205046
201.36,-1189711
201.37,-1173840
201.38,-1158300
201.39,-1142689
201.4,-1126992
201.41,-1111098
201.42,-1095794
201.43,-1081063
201.44,-1067049
201.45,-1053340
201.46,-1039745
201.47,-1027272
201.48,-1014876
201.49,-1001783
201.5,-988590
201.51,-974318
201.52,-957017
201.53,-937768
201.54,-918755
201.55,-899021
201.56,-877699
201.57,-855064
201.58,-831604
201.59,-807798
201.6,-782905
201.61,-755909
201.62,-727055
201.63,-698198
201.64,-668894
201.65,-637151
201.66,-603635
201.67,-569245
201.68,-533518
201.69,-496862
201.7,-460548
201.71,-423578
201.72,-385634
201.73,-348103
201.74,-309661
201.75,-269843
201.76,-230026
201.77,-190217
201.78,-149793
201.79,-107759
201.8,-64164
201.81,-20714
201.82,22084
201.83,64468
201.84,106182
201.85,147772
201.86,189839
201.87,232235
201.88,274671
201.89,316811
201.9,358241
201.91,399578
201.92,441199
201.93,482379
201.94,522708
201.95,562037
201.96,600400
201.97,638157
201.98,676438
201.99,714886
202.0,752883
202.01,792116
202.02,833692
202.03,876002
202.04,916553
202.05,955973
202.06,995522
202.07,1034656
202.08,1072796
202.09,1109982
202.1,1145993
202.11,1180569
202.12,1214912
202.13,1248602
202.14,1280795
202.15,1312403
202.16,1344180
202.17,1376164
202.18,1408113
202.19,1440602
202.2,1474645
202.21,1509804
202.22,1543324
202.23,1574518
202.24,1604062
202.25,1631907
202.26,1658217
202.27,1682385
202.28,1704665
202.29,1725612
202.3,1746024
202.31,1766397
202.32,1786661
202.33,1807178
202.34,1828968
202.35,1851249
202.36,1873192
202.37,1896302
202.38,1918218
202.39,1937910
202.4,1957629
202.41,1978513
202.42,2000526
202.43,2022111
202.44,2043490
202.45,2064262
202.46,2083769
202.47,2102552
202.48,2121041
202.49,2139588
202.5,2158173
202.51,2177600
202.52,2197576
202.53,2217045
202.54,2235942
202.55,2254196
202.56,2271856
202.57,2289660
202.58,2307262
202.59,2324186
202.6,2340989
202.61,2357833
202.62,2375126
202.63,2392865
202.64,2411251
202.65,2430148
202.66,2447863
202.67,2462768
202.68,2475838
202.69,2488422
202.7,2498979
202.71,2507825
202.72,2516000
202.73,2521890
202.74,2524327
202.75,2525594
202.76,2526855
202.77,2525269
202.78,2521430
202.79,2517058
202.8,2511204
202.81,2504108
202.82,2497151
202.83,2489382
202.84,2479343
202.85,2468696
202.86,2458001
202.87,2445938
202.88,2432779
202.89,2420241
202.9,2409380
202.91,2399495
202.92,2388878
202.93,2376852
202.94,2363113
202.95,2348211
202.96,2334272
202.97,2321016
202.98,2308430
202.99,2297649
203.0,2287774
203.01,2277184
203.02,2266321
203.03,2257115
203.04,2249368
203.05,2242054
203.06,2235042
203.07,2229424
203.08,2224503
203.09,2219165
203.1,2214315
203.11,2209862
203.12,2205357
203.13,2199525
203.14,2193592
203.15,2188368
203.16,2182324
203.17,2176878
203.18,2172165
203.19,2168052
203.2,2164709
203.21,2160958
203.22,2154938
203.23,2146199
203.24,2138376
203.25,2132749
203.26,2127675
203.27,2120940
203.28,2111449
203.29,2099640
203.3,2085363
203.31,2071533
203.32,2058996
203.33,2044566
203.34,2028497
203.35,2011395
203.36,1990776
203.37,1966126
203.38,1939885
203.39,1912769
203.4,1885120
203.41,1858444
203.42,1831546
203.43,1802453
203.44,1771275
203.45,1738858
203.46,1706269
203.47,1672212
203.48,1635458
203.49,1597534
203.5,1558452
203.51,1518613
203.52,1478698
203.53,1438201
203.54,1396615
203.55,1353104
203.56,1309271
203.57,1265855
203.58,1221935
203.59,1178651
203.6,1136763
203.61,1095032
203.62,1052115
203.63,1008721
203.64,965320
203.65,922255
203.66,881123
203.67,841299
203.68,801265
203.69,761508
203.7,722395
203.71,683551
203.72,644374
203.73,604676
203.74,566389
203.75,529785
203.76,493461
203.77,459170
203.78,426877
203.79,394119
203.8,361910
203.81,331488
203.82,302904
203.83,277581
203.84,255272
203.85,234140
203.86,213537
203.87,193417
203.88,174328
203.89,156268
203.9,138757
203.91,122092
203.92,106288
203.93,91605
203.94,78056
203.95,65394
203.96,52872
203.97,38624
203.98,23442
203.99,8278
204.0,-7936
204.01,-23361
204.02,-36364
204.03,-48281
204.04,-60742
204.05,-74319
204.06,-87994
204.07,-103007
204.08,-119139
204.09,-133519
204.1,-147725
204.11,-162330
204.12,-176818
204.13,-192136
204.14,-207774
204.15,-223855
204.16,-239927
204.17,-255392
204.18,-271119
204.19,-287272
204.2,-302725
204.21,-317955
204.22,-333491
204.23,-348824
204.24,-364713
204.25,-381693
204.26,-399714
204.27,-417665
204.28,-435555
204.29,-453137
204.3,-468990
204.31,-484397
204.32,-500448
204.33,-517397
204.34,-534667
204.35,-552407
204.36,-572012
204.37,-591490
204.38,-609562
204.39,-628509
204.4,-648866
204.41,-669651
204.42,-691218
204.43,-713598
204.44,-735931
204.45,-758160
204.46,-781524
204.47,-804799
204.48,-825747
204.49,-846970
204.5,-870983
204.51,-894912
204.52,-916643
204.53,-938399
204.54,-960794
204.55,-983906
204.56,-1008581
204.57,-1034511
204.58,-1061752
204.59,-1089687
204.6,-1118208
204.61,-1147367
204.62,-1176613
204.63,-1206627
204.64,-1239103
204.65,-1272686
204.66,-1304705
204.67,-1336781
204.68,-1369732
204.69,-1401532
204.7,-1432652
204.71,-1465596
204.72,-1499766
204.73,-1532942
204.74,-1565312
204.75,-1599151
204.76,-1634816
204.77,-1669810
204.78,-1705292
204.79,-1742758
204.8,-1781343
204.81,-1820762
204.82,-1860314
204.83,-1899574
204.84,-1938442
204.85,-1978892
204.86,-2021331
204.87,-2063346
204.88,-2104561
204.89,-2145769
204.9,-2187300
204.91,-2228242
204.92,-2267776
204.93,-2306959
204.94,-2346379
204.95,-2384934
204.96,-2423525
204.97,-2461246
204.98,-2495205
204.99,-2527727
205.0,-2560661
205.01,-2591831
205.02,-2620288
205.03,-2646913
205.04,-2671271
205.05,-2693202
205.06,-2712810
205.07,-2730496
205.08,-2746810
205.09,-2759857
205.1,-2770376
205.11,-2779098
205.12,-2785172
205.13,-2789812
205.14,-2792670
205.15,-2793320
205.16,-2793107
205.17,-2792461
205.18,-2790408
205.19,-2785543
205.2,-2777994
205.21,-2769974
205.22,-2761544
205.23,-2752351
205.24,-2743371
205.25,-2733112
205.26,-2721067
205.27,-2708072
205.28,-2693739
205.29,-2678449
205.3,-2662467
205.31,-2645113
205.32,-2626807
205.33,-2608824
205.34,-2589870
205.35,-2569704
205.36,-2550691
205.37,-2531791
205.38,-2512015
205.39,-2492842
205.4,-2474245
205.41,-2455570
205.42,-2436651
205.43,-2416719
205.44,-2397305
205.45,-2380012
205.46,-2362763
205.47,-2344304
205.48,-2325258
205.49,-2305852
205.5,-2285618
205.51,-2265061
205.52,-2243691
205.53,-2221904
205.54,-2200736
205.55,-2178194
205.56,-2154192
205.57,-2130166
205.58,-2107205
205.59,-2085528
205.6,-2065132
205.61,-2045819
205.62,-2026759
205.63,-2007828
205.64,-1989099
205.65,-1971418
205.66,-1954715
205.67,-1938667
205.68,-1921830
205.69,-1904023
205.7,-1886853
205.71,-1868920
205.72,-1850160
205.73,-1830604
205.74,-1809798
205.75,-1789471
205.76,-1769676
205.77,-1749228
205.78,-1728544
205.79,-1707896
205.8,-1685811
205.81,-1663427
205.82,-1644089
205.83,-1627561
205.84,-1610717
205.85,-1592697
205.86,-1574923
205.87,-1558120
205.88,-1542628
205.89,-1527221
205.9,-1511854
205.91,-1498200
205.92,-1485339
205.93,-1471685
205.94,-1456218
205.95,-1439783
205.96,-1423963
205.97,-1408002
205.98,-1391553
205.99,-1375970
206.0,-1361048
206.01,-1344668
206.02,-1326189
206.03,-1307811
206.04,-1291162
206.05,-1274038
206.06,-1254642
206.07,-1234019
206.08,-1213915
206.09,-1194279
206.1,-1172605
206.11,-1147725
206.12,-1122287
206.13,-1098995
206.14,-1075479
206.15,-1050426
206.16,-1025914
206.17,-1002273
206.18,-978870
206.19,-956454
206.2,-936785
206.21,-918011
206.22,-897425
206.23,-875701
206.24,-854708
206.25,-834808
206.26,-814511
206.27,-793543
206.28,-773510
206.29,-754500
206.3,-734011
206.31,-711332
206.32,-688301
206.33,-667374
206.34,-647141
206.35,-625699
206.36,-604943
206.37,-584489
206.38,-564635
206.39,-545920
206.4,-528003
206.41,-511095
206.42,-493605
206.43,-476601
206.44,-461610
206.45,-447160
206.46,-432580
206.47,-418948
206.48,-407681
206.49,-398112
206.5,-388038
206.51,-376639
206.52,-364007
206.53,-351880
206.54,-341423
206.55,-331216
206.56,-321952
206.57,-314093
206.58,-307345
206.59,-301244
206.6,-294070
206.61,-286949
206.62,-281484
206.63,-277586
206.64,-274522
206.65,-272456
206.66,-271317
206.67,-270057
206.68,-268470
206.69,-265880
206.7,-263205
206.71,-260512
206.72,-256658
206.73,-252549
206.74,-248226
206.75,-243715
206.76,-239821
206.77,-237562
206.78,-236828
206.79,-236171
206.8,-234521
206.81,-232210
206.82,-231354
206.83,-232094
206.84,-233543
206.85,-235045
206.86,-236152
206.87,-238482
206.88,-240438
206.89,-239642
206.9,-238992
206.91,-240092
206.92,-241103
206.93,-240923
206.94,-239836
206.95,-238531
206.96,-235706
206.97,-230870
206.98,-226718
206.99,-223827
207.0,-219689
207.01,-212826
207.02,-205256
207.03,-198704
207.04,-192369
207.05,-186536
207.06,-180913
207.07,-174235
207.08,-166716
207.09,-158740
207.1,-150036
207.11,-140232
207.12,-129864
207.13,-120462
207.14,-111350
207.15,-100830
207.16,-89928
207.17,-78936
207.18,-67050
207.19,-54938
207.2,-43486
207.21,-31420
207.22,-16777
207.23,-1302
207.24,13994
207.25,31939
207.26,52068
207.27,70888
207.28,89882
207.29,111106
207.3,132432
207.31,153049
207.32,173820
207.33,193569
207.34,210783
207.35,227388
207.36,243732
207.37,258834
207.38,273330
207.39,287782
207.4,302718
207.41,316140
207.42,329039
207.43,343111
207.44,357182
207.45,371338
207.46,385508
207.47,400756
207.48,415778
207.49,429881
207.5,444561
207.51,458768
207.52,472085
207.53,484485
207.54,496315
207.55,507207
207.56,517089
207.57,527757
207.58,538600
207.59,548552
207.6,559301
207.61,571024
207.62,582857
207.63,595066
207.64,607708
207.65,621497
207.66,635089
207.67,647796
207.68,661239
207.69,675292
207.7,688193
207.71,698137
207.72,706627
207.73,715560
207.74,724153
207.75,731870
207.76,739540
207.77,746055
207.78,749645
207.79,752165
207.8,756406
207.81,762525
207.82,767353
207.83,770953
207.84,776110
207.85,782250
207.86,788831
207.87,795984
207.88,803229
207.89,810281
207.9,817402
207.91,825073
207.92,833362
207.93,840284
207.94,845312
207.95,850873
207.96,856674
207.97,861621
207.98,866417
207.99,871524
208.0,876524
208.01,882446
208.02,889861
208.03,896593
208.04,901616
208.05,906130
208.06,911096
208.07,915185
208.08,918559
208.09,923408
208.1,929937
208.11,937200
208.12,944651
208.13,952092
208.14,958812
208.15,965159
208.16,971639
208.17,978675
208.18,986045
208.19,993137
208.2,1001125
208.21,1008554
208.22,1014851
208.23,1021017
208.24,1026862
208.25,1032993
208.26,1039508
208.27,1047299
208.28,1055542
208.29,1063314
208.3,1071504
208.31,1080514
208.32,1090658
208.33,1100319
208.34,1108763
208.35,1116719
208.36,1124685
208.37,1133151
208.38,1142894
208.39,1154971
208.4,1168336
208.41,1181348
208.42,1193797
208.43,1207026
208.44,1221113
208.45,1236025
208.46,1253274
208.47,1270545
208.48,1285780
208.49,1301323
208.5,1318392
208.51,1335770
208.52,1352462
208.53,1368148
208.54,1382208
208.55,1394123
208.56,1405294
208.57,1416682
208.58,1426363
208.59,1433086
208.6,1437720
208.61,1440883
208.62,1442775
208.63,1444235
208.64,1445119
208.65,1444987
208.66,1443437
208.67,1441150
208.68,1439689
208.69,1437488
208.7,1434542
208.71,1432048
208.72,1428747
208.73,1423227
208.74,1416276
208.75,1409543
208.76,1401619
208.77,1390989
208.78,1377531
208.79,1361881
208.8,1344695
208.81,1326864
208.82,1309079
208.83,1289743
208.84,1268052
208.85,1245220
208.86,1222053
208.87,1198371
208.88,1173937
208.89,1148553
208.9,1122853
208.91,1096985
208.92,1070528
208.93,1043056
208.94,1013918
208.95,985053
208.96,956462
208.97,925683
208.98,893152
208.99,859984
209.0,826913
209.01,793548
209.02,758783
209.03,722663
209.04,686277
209.05,650921
209.06,616320
209.07,582458
209.08,549497
209.09,517646
209.1,487087
209.11,456807
209.12,426908
209.13,397014
209.14,367007
209.15,338554
209.16,311608
209.17,284976
209.18,258807
209.19,233428
209.2,208777
209.21,184414
209.22,159726
209.23,135616
209.24,113194
209.25,92541
209.26,72793
209.27,53254
209.28,34170
209.29,15903
209.3,-1693
209.31,-19429
209.32,-36551
209.33,-52456
209.34,-67565
209.35,-81820
209.36,-96234
209.37,-111674
209.38,-127616
209.39,-142734
209.4,-156684
209.41,-170923
209.42,-186237
209.43,-201819
209.44,-217810
209.45,-235038
209.46,-253490
209.47,-272985
209.48,-292989
209.49,-312663
209.5,-331077
209.51,-349371
209.52,-368371
209.53,-386936
209.54,-404717
209.55,-421671
209.56,-437884
209.57,-452828
209.58,-467047
209.59,-480687
209.6,-493212
209.61,-505608
209.62,-518146
209.63,-530140
209.64,-541243
209.65,-553277
209.66,-567154
209.67,-580921
209.68,-594057
209.69,-608904
209.7,-625795
209.71,-642638
209.72,-658452
209.73,-674012
209.74,-690440
209.75,-706301
209.76,-722141
209.77,-738832
209.78,-754646
209.79,-769806
209.8,-784523
209.81,-798150
209.82,-810686
209.83,-822336
209.84,-834068
209.85,-846735
209.86,-858488
209.87,-869550
209.88,-881683
209.89,-892846
209.9,-902286
209.91,-911614
209.92,-921976
209.93,-931498
209.94,-938907
209.95,-947032
209.96,-956553
209.97,-966588
209.98,-976867
209.99,-987164
210.0,-997156
210.01,-1006660
210.02,-1016330
210.03,-1026676
210.04,-1037730
210.05,-1049310
210.06,-1061479
210.07,-1073318
210.08,-1084349
210.09,-1095292
210.1,-1107006
210.11,-1119112
210.12,-1130345
210.13,-1141060
210.14,-1151375
210.15,-1161820
210.16,-1172195
210.17,-1181175
210.18,-1189254
210.19,-1196994
210.2,-1203557
210.21,-1207915
210.22,-1211004
210.23,-1213892
210.24,-1215159
210.25,-1214999
210.26,-1215958
210.27,-1216088
210.28,-1214047
210.29,-1211819
210.3,-1208979
210.31,-1204727
210.32,-1197776
210.33,-1189523
210.34,-1181081
210.35,-1170734
210.36,-1158677
210.37,-1144955
210.38,-1130221
210.39,-1114302
210.4,-1097651
210.41,-1081431
210.42,-1063792
210.43,-1044393
210.44,-1025266
210.45,-1006074
210.46,-984527
210.47,-961335
210.48,-938588
210.49,-915374
210.5,-889789
210.51,-863857
210.52,-838888
210.53,-812970
210.54,-786906
210.55,-761649
210.56,-737833
210.57,-715224
210.58,-693528
210.59,-673790
210.6,-653816
210.61,-632972
210.62,-613221
210.63,-594168
210.64,-575182
210.65,-557435
210.66,-541300
210.67,-525350
210.68,-509065
210.69,-493088
210.7,-477537
210.71,-462017
210.72,-447888
210.73,-435033
210.74,-422305
210.75,-411273
210.76,-402043
210.77,-393395
210.78,-385229
210.79,-379393
210.8,-375545
210.81,-370437
210.82,-365177
210.83,-362478
210.84,-360981
210.85,-358862
210.86,-357695
210.87,-359158
210.88,-362863
210.89,-368358
210.9,-376754
210.91,-387333
210.92,-398527
210.93,-411446
210.94,-426139
210.95,-441790
210.96,-457077
210.97,-472221
210.98,-488422
210.99,-504756
211.0,-521932
211.01,-541290
211.02,-561016
211.03,-578256
211.04,-594575
211.05,-611153
211.06,-626277
211.07,-640271
211.08,-654093
211.09,-668439
211.1,-682172
211.11,-694286
211.12,-705371
211.13,-716061
211.14,-725163
211.15,-731426
211.16,-737708
211.17,-745349
211.18,-753118
211.19,-758664
211.2,-761721
211.21,-764916
211.22,-767180
211.23,-769376
211.24,-773668
211.25,-778073
211.26,-781003
211.27,-784010
211.28,-788616
211.29,-792383
211.3,-794654
211.31,-797670
211.32,-801223
211.33,-804248
211.34,-806290
211.35,-807498
211.36,-809158
211.37,-810567
211.38,-811474
211.39,-813835
211.4,-815480
211.41,-815562
211.42,-816415
211.43,-817624
211.44,-818420
211.45,-819353
211.46,-820609
211.47,-820804
211.48,-819756
211.49,-819172
211.5,-818864
211.51,-816860
211.52,-815406
211.53,-817874
211.54,-821394
211.55,-823389
211.56,-824986
211.57,-826784
211.58,-827539
211.59,-827674
211.6,-829781
211.61,-833957
211.62,-838258
211.63,-841865
211.64,-846273
211.65,-850534
211.66,-853003
211.67,-855440
211.68,-858093
211.69,-859463
211.7,-860288
211.71,-861155
211.72,-859712
211.73,-856990
211.74,-854689
211.75,-851869
211.76,-848274
211.77,-843973
211.78,-840490
211.79,-836559
211.8,-829908
211.81,-822537
211.82,-816877
211.83,-812306
211.84,-807272
211.85,-802441
211.86,-799030
211.87,-795569
211.88,-791574
211.89,-788955
211.9,-787026
211.91,-785966
211.92,-786128
211.93,-785382
211.94,-782315
211.95,-777488
211.96,-774021
211.97,-772164
211.98,-769484
211.99,-766018
212.0,-762174
212.01,-758392
212.02,-755148
212.03,-753136
212.04,-753271
212.05,-753552
212.06,-753847
212.07,-755956
212.08,-758098
212.09,-759033
212.1,-760097
212.11,-762387
212.12,-765737
212.13,-770335
212.14,-775608
212.15,-780239
212.16,-784016
212.17,-787142
212.18,-790897
212.19,-795512
212.2,-799878
212.21,-803656
212.22,-807701
212.23,-813305
212.24,-819677
212.25,-826283
212.26,-833256
212.27,-840847
212.28,-849953
212.29,-859262
212.3,-868034
212.31,-876305
212.32,-884832
212.33,-895008
212.34,-905042
212.35,-914472
212.36,-925061
212.37,-936598
212.38,-946907
212.39,-955836
212.4,-965693
212.41,-976196
212.42,-986762
212.43,-996992
212.44,-1005689
212.45,-1013846
212.46,-1022706
212.47,-1030824
212.48,-1036528
212.49,-1041652
212.5,-1046925
212.51,-1050054
212.52,-1051177
212.53,-1051380
212.54,-1050159
212.55,-1048624
212.56,-1047686
212.57,-1045184
212.58,-1040953
212.59,-1037061
212.6,-1032273
212.61,-1025462
212.62,-1018728
212.63,-1011715
212.64,-1003258
212.65,-994166
212.66,-985546
212.67,-976826
212.68,-965443
212.69,-951759
212.7,-937197
212.71,-922651
212.72,-907375
212.73,-890539
212.74,-875121
212.75,-860211
212.76,-842565
212.77,-823545
212.78,-805299
212.79,-786308
212.8,-764644
212.81,-743281
212.82,-723353
212.83,-701189
212.84,-677246
212.85,-654706
212.86,-633140
212.87,-609817
212.88,-584310
212.89,-558902
212.9,-533555
212.91,-507333
212.92,-479484
212.93,-450673
212.94,-422105
212.95,-392333
212.96,-362531
212.97,-332456
212.98,-300462
212.99,-267721
213.0,-235334
213.01,-203193
213.02,-169811
213.03,-136094
213.04,-102953
213.05,-69559
213.06,-35113
213.07,186
213.08,35063
213.09,68691
213.1,101170
213.11,134367
213.12,168178
213.13,201706
213.14,235738
213.15,270359
213.16,303895
213.17,335364
213.18,366447
213.19,396652
213.2,425359
213.21,454158
213.22,483445
213.23,513492
213.24,543274
213.25,571528
213.26,599257
213.27,626872
213.28,654000
213.29,680739
213.3,707154
213.31,732512
213.32,756457
213.33,781024
213.34,806621
213.35,831194
213.36,854539
213.37,878630
213.38,903835
213.39,927660
213.4,950607
213.41,973169
213.42,994324
213.43,1015545
213.44,1036388
213.45,1055273
213.46,1071915
213.47,1087993
213.48,1104154
213.49,1119684
213.5,1135804
213.51,1151671
213.52,1166414
213.53,1180827
213.54,1194849
213.55,1207453
213.56,1218256
213.57,1230205
213.58,1243942
213.59,1255948
213.6,1266663
213.61,1277865
213.62,1287756
213.63,1296332
213.64,1305863
213.65,1315293
213.66,1322628
213.67,1330462
213.68,1339873
213.69,1347234
213.7,1351545
213.71,1355453
213.72,1359862
213.73,1362279
213.74,1363044
213.75,1364656
213.76,1365145
213.77,1363431
213.78,1361265
213.79,1358750
213.8,1355494
213.81,1351384
213.82,1346711
213.83,1342172
213.84,1337003
213.85,1330602
213.86,1324895
213.87,1319143
213.88,1311223
213.89,1302794
213.9,1293945
213.91,1283879
213.92,1274469
213.93,1266779
213.94,1259577
213.95,1251009
213.96,1241122
213.97,1231356
213.98,1221646
213.99,1209536
214.0,1194495
214.01,1178873
214.02,1162751
214.03,1144995
214.04,1125760
214.05,1105697
214.06,1084825
214.07,1062720
214.08,1040413
214.09,1018406
214.1,995942
214.11,972990
214.12,949109
214.13,924074
214.14,898707
214.15,873565
214.16,847762
214.17,819870
214.18,790484
214.19,759859
214.2,727569
214.21,694909
214.22,661848
214.23,627935
214.24,593653
214.25,559111
214.26,525350
214.27,492358
214.28,459486
214.29,427626
214.3,396686
214.31,365795
214.32,335550
214.33,306502
214.34,278324
214.35,251104
214.36,225151
214.37,200162
214.38,174705
214.39,148257
214.4,122337
214.41,97793
214.42,73881
214.43,50528
214.44,28858
214.45,8564
214.46,-11404
214.47,-31557
214.48,-51625
214.49,-70579
214.5,-89122
214.51,-107178
214.52,-124173
214.53,-140836
214.54,-156550
214.55,-170047
214.56,-181046
214.57,-191297
214.58,-201229
214.59,-209546
214.6,-216338
214.61,-223092
214.62,-230598
214.63,-237597
214.64,-244459
214.65,-252267
214.66,-259754
214.67,-265594
214.68,-270893
214.69,-276526
214.7,-281850
214.71,-288015
214.72,-295994
214.73,-303280
214.74,-307932
214.75,-311443
214.76,-314896
214.77,-317617
214.78,-318844
214.79,-319184
214.8,-319558
214.81,-319977
214.82,-321016
214.83,-322286
214.84,-323281
214.85,-324247
214.86,-324042
214.87,-323629
214.88,-324885
214.89,-327054
214.9,-329179
214.91,-330548
214.92,-331402
214.93,-332423
214.94,-333102
214.95,-333123
214.96,-331760
214.97,-327746
214.98,-322301
214.99,-316414
215.0,-309090
215.01,-301862
215.02,-294962
215.03,-286256
215.04,-276444
215.05,-266361
215.06,-255861
215.07,-245614
215.08,-236356
215.09,-227352
215.1,-217030
215.11,-205902
215.12,-195120
215.13,-184525
215.14,-174456
215.15,-164373
215.16,-153335
215.17,-141582
215.18,-129503
215.19,-118565
215.2,-108736
215.21,-99280
215.22,-91031
215.23,-83398
215.24,-75045
215.25,-65678
215.26,-56347
215.27,-47242
215.28,-38076
215.29,-30252
215.3,-23999
215.31,-19117
215.32,-14873
215.33,-10461
215.34,-6745
215.35,-3544
215.36,-603
215.37,2344
215.38,4390
215.39,4751
215.4,5751
215.41,6503
215.42,4738
215.43,2092
215.44,-781
215.45,-5008
215.46,-10235
215.47,-15986
215.48,-23123
215.49,-31854
215.5,-40628
215.51,-48868
215.52,-57739
215.53,-67566
215.54,-77393
215.55,-87105
215.56,-98204
215.57,-110319
215.58,-122778
215.59,-137134
215.6,-153173
215.61,-169278
215.62,-186086
215.63,-204998
215.64,-224147
215.65,-241741
215.66,-258147
215.67,-274642
215.68,-291212
215.69,-306397
215.7,-321168
215.71,-336279
215.72,-351222
215.73,-364916
215.74,-378860
215.75,-395068
215.76,-411138
215.77,-425256
215.78,-438752
215.79,-453285
215.8,-467420
215.81,-480501
215.82,-494426
215.83,-508850
215.84,-522486
215.85,-536084
215.86,-549753
215.87,-562442
215.88,-575347
215.89,-588389
215.9,-600308
215.91,-612541
215.92,-625415
215.93,-637868
215.94,-649604
215.95,-660637
215.96,-670989
215.97,-679768
215.98,-687407
215.99,-696192
216.0,-705621
216.01,-714276
216.02,-723226
216.03,-732878
216.04,-742852
216.05,-753680
216.06,-765884
216.07,-778087
216.08,-789981
216.09,-803321
216.1,-817878
216.11,-832820
216.12,-848261
216.13,-864690
216.14,-881840
216.15,-899345
216.16,-917483
216.17,-935992
216.18,-954864
216.19,-974036
216.2,-993191
216.21,-1012152
216.22,-1030571
216.23,-1048474
216.24,-1066157
216.25,-1083908
216.26,-1101365
216.27,-1118210
216.28,-1135802
216.29,-1154024
216.3,-1171490
216.31,-1188893
216.32,-1206067
216.33,-1221747
216.34,-1235389
216.35,-1247888
216.36,-1260110
216.37,-1271792
216.38,-1284061
216.39,-1296711
216.4,-1308225
216.41,-1318251
216.42,-1327600
216.43,-1336583
216.44,-1344871
216.45,-1353842
216.46,-1363135
216.47,-1371936
216.48,-1380809
216.49,-1389286
216.5,-1396638
216.51,-1401887
216.52,-1405615
216.53,-1408780
216.54,-1410757
216.55,-1412083
216.56,-1413663
216.57,-1414784
216.58,-1414693
216.59,-1413619
216.6,-1411576
216.61,-1408936
216.62,-1406201
216.63,-1402666
216.64,-1397704
216.65,-1391925
216.66,-1385951
216.67,-1379582
216.68,-1373105
216.69,-1366188
216.7,-1357677
216.71,-1347425
216.72,-1336792
216.73,-1327469
216.74,-1319084
216.75,-1310164
216.76,-1300058
216.77,-1289476
216.78,-1278987
216.79,-1268061
216.8,-1257003
216.81,-1245930
216.82,-1234209
216.83,-1221775
216.84,-1208377
216.85,-1194822
216.86,-1181654
216.87,-1167694
216.88,-1153671
216.89,-1141006
216.9,-1128569
216.91,-1114793
216.92,-1100610
216.93,-1086960
216.94,-1072831
216.95,-1057674
216.96,-1042684
216.97,-1028528
216.98,-1013842
216.99,-999389
217.0,-985895
217.01,-971971
217.02,-957558
217.03,-942779
217.04,-927607
217.05,-913043
217.06,-900096
217.07,-887914
217.08,-875678
217.09,-863114
217.1,-850646
217.11,-839893
217.12,-830087
217.13,-820469
217.14,-811360
217.15,-801230
217.16,-789305
217.17,-777061
217.18,-765519
217.19,-753626
217.2,-740773
217.21,-726887
217.22,-712839
217.23,-700047
217.24,-686598
217.25,-671657
217.26,-656439
217.27,-640711
217.28,-624153
217.29,-607212
217.3,-591509
217.31,-576345
217.32,-560015
217.33,-543762
217.34,-527585
217.35,-510634
217.36,-493594
217.37,-476781
217.38,-460624
217.39,-445781
217.4,-432190
217.41,-419389
217.42,-407356
217.43,-396203
217.44,-385421
217.45,-374922
217.46,-365623
217.47,-358044
217.48,-351237
217.49,-344293
217.5,-337271
217.51,-330129
217.52,-322293
217.53,-313064
217.54,-302964
217.55,-292790
217.56,-282729
217.57,-273494
217.58,-264972
217.59,-255865
217.6,-244889
217.61,-233020
217.62,-221716
217.63,-209934
217.64,-198036
217.65,-187066
217.66,-177387
217.67,-169060
217.68,-161030
217.69,-152525
217.7,-143653
217.71,-134709
217.72,-125539
217.73,-116765
217.74,-107928
217.75,-98294
217.76,-87931
217.77,-76932
217.78,-66399
217.79,-55945
217.8,-44903
217.81,-33859
217.82,-23076
217.83,-12437
217.84,-1788
217.85,8187
217.86,18336
217.87,30160
217.88,42422
217.89,55553
217.9,70095
217.91,84235
217.92,98437
217.93,113871
217.94,129165
217.95,142871
217.96,156756
217.97,172616
217.98,189745
217.99,207615
218.0,225934
218.01,243923
218.02,260984
218.03,277168
218.04,292635
218.05,306490
218.06,319494
218.07,332262
218.08,342463
218.09,350181
218.1,357683
218.11,364923
218.12,370904
218.13,377143
218.14,384561
218.15,391896
218.16,399040
218.17,406991
218.18,415668
218.19,422963
218.2,428506
218.21,433543
218.22,437748
218.23,440793
218.24,444183
218.25,448254
218.26,451384
218.27,453554
218.28,455073
218.29,456098
218.3,457231
218.31,458939
218.32,461232
218.33,464947
218.34,471222
218.35,479137
218.36,488547
218.37,499666
218.38,512411
218.39,527520
218.4,544665
218.41,562425
218.42,581095
218.43,601757
218.44,622447
218.45,641475
218.46,658670
218.47,674046
218.48,687808
218.49,699690
218.5,710711
218.51,722129
218.52,733820
218.53,744880
218.54,755766
218.55,768067
218.56,781617
218.57,795317
218.58,810382
218.59,827317
218.6,845070
218.61,864545
218.62,884513
218.63,904246
218.64,923900
218.65,942193
218.66,960659
218.67,979152
218.68,996129
218.69,1011847
218.7,1026411
218.71,1039434
218.72,1050377
218.73,1059218
218.74,1066653
218.75,1073790
218.76,1080730
218.77,1087880
218.78,1095828
218.79,1104620
218.8,1113464
218.81,1121446
218.82,1129778
218.83,1138460
218.84,1145372
218.85,1149170
218.86,1151090
218.87,1151257
218.88,1148728
218.89,1145016
218.9,1139937
218.91,1132935
218.92,1125979
218.93,1121189
218.94,1117151
218.95,1112566
218.96,1110563
218.97,1112852
218.98,1119465
218.99,1129692
219.0,1141813
219.01,1154994
219.02,1167938
219.03,1180055
219.04,1191726
219.05,1202304
219.06,1210515
219.07,1215932
219.08,1218982
219.09,1219045
219.1,1215848
219.11,1211213
219.12,1206011
219.13,1200325
219.14,1195680
219.15,1193730
219.16,1194259
219.17,1195683
219.18,1198105
219.19,1202462
219.2,1208497
219.21,1214797
219.22,1220666
219.23,1226499
219.24,1231292
219.25,1234599
219.26,1237927
219.27,1241446
219.28,1243249
219.29,1243714
219.3,1244369
219.31,1244662
219.32,1244391
219.33,1244799
219.34,1246638
219.35,1249411
219.36,1252984
219.37,1257084
219.38,1259780
219.39,1260264
219.4,1261128
219.41,1262987
219.42,1264152
219.43,1263989
219.44,1263380
219.45,1262605
219.46,1259451
219.47,1254922
219.48,1250000
219.49,1243596
219.5,1236398
219.51,1227870
219.52,1216871
219.53,1203922
219.54,1190226
219.55,1175953
219.56,1160329
219.57,1143479
219.58,1125769
219.59,1106104
219.6,1084828
219.61,1064254
219.62,1044571
219.63,1024809
219.64,1005889
219.65,988467
219.66,970533
219.67,951673
219.68,933276
219.69,914313
219.7,895372
219.71,877163
219.72,858066
219.73,837579
219.74,815587
219.75,792764
219.76,770672
219.77,749847
219.78,729368
219.79,708788
219.8,687764
219.81,666875
219.82,645960
219.83,623415
219.84,599645
219.85,575677
219.86,551846
219.87,526877
219.88,500735
219.89,474297
219.9,447365
219.91,420315
219.92,394533
219.93,369535
219.94,343308
219.95,317222
219.96,292947
219.97,271147
219.98,250697
219.99,230929
220.0,212821
220.01,193969
220.02,174017
220.03,154583
220.04,135303
220.05,116301
220.06,98084
220.07,81605
220.08,66474
220.09,51565
220.1,36595
220.11,20585
220.12,3661
220.13,-13894
220.14,-32252
220.15,-51003
220.16,-70131
220.17,-89359
220.18,-110103
220.19,-133943
220.2,-159127
220.21,-183804
220.22,-208719
220.23,-233886
220.24,-258032
220.25,-281454
220.26,-304330
220.27,-326564
220.28,-348666
220.29,-370260
220.3,-391433
220.31,-414158
220.32,-438309
220.33,-462116
220.34,-485451
220.35,-508481
220.36,-531576
220.37,-555791
220.38,-581612
220.39,-608623
220.4,-637426
220.41,-667539
220.42,-698334
220.43,-729588
220.44,-759867
220.45,-790004
220.46,-820544
220.47,-851425
220.48,-883251
220.49,-915019
220.5,-945808
220.51,-976367
220.52,-1006455
220.53,-1035135
220.54,-1062959
220.55,-1089535
220.56,-1116223
220.57,-1143557
220.58,-1170793
220.59,-1199550
220.6,-1229004
220.61,-1259064
220.62,-1290489
220.63,-1323394
220.64,-1357698
220.65,-1391987
220.66,-1426015
220.67,-1460485
220.68,-1496331
220.69,-1533434
220.7,-1570712
220.71,-1606281
220.72,-1639845
220.73,-1672211
220.74,-1702666
220.75,-1730976
220.76,-1758607
220.77,-1786985
220.78,-1814562
220.79,-1841099
220.8,-1867626
220.81,-1894645
220.82,-1922630
220.83,-1949942
220.84,-1976639
220.85,-2004270
220.86,-2032000
220.87,-2057251
220.88,-2081584
220.89,-2108444
220.9,-2135816
220.91,-2161194
220.92,-2185594
220.93,-2211145
220.94,-2235887
220.95,-2258091
220.96,-2280196
220.97,-2301820
220.98,-2321805
220.99,-2340351
221.0,-2357837
221.01,-2373690
221.02,-2388346
221.03,-2403120
221.04,-2416820
221.05,-2429896
221.06,-2442561
221.07,-2454295
221.08,-2465813
221.09,-2477411
221.1,-2488688
221.11,-2499072
221.12,-2508416
221.13,-2516967
221.14,-2525863
221.15,-2533442
221.16,-2538212
221.17,-2541955
221.18,-2544869
221.19,-2546504
221.2,-2548372
221.21,-2550970
221.22,-2552970
221.23,-2554350
221.24,-2555128
221.25,-2555712
221.26,-2555455
221.27,-2552535
221.28,-2547896
221.29,-2541927
221.3,-2533794
221.31,-2524478
221.32,-2514969
221.33,-2504006
221.34,-2492069
221.35,-2480162
221.36,-2467743
221.37,-2455680
221.38,-2443698
221.39,-2432382
221.4,-2422390
221.41,-2412460
221.42,-2403220
221.43,-2394479
221.44,-2384267
221.45,-2373512
221.46,-2363365
221.47,-2352752
221.48,-2341969
221.49,-2331250
221.5,-2319751
221.51,-2307187
221.52,-2293562
221.53,-2278885
221.54,-2264672
221.55,-2251322
221.56,-2238129
221.57,-2225848
221.58,-2214286
221.59,-2203628
221.6,-2193375
221.61,-2183555
221.62,-2174620
221.63,-2164669
221.64,-2153181
221.65,-2141847
221.66,-2131382
221.67,-2121092
221.68,-2112409
221.69,-2105250
221.7,-2097601
221.71,-2089309
221.72,-2080630
221.73,-2071469
221.74,-2060290
221.75,-2048584
221.76,-2038149
221.77,-2027189
221.78,-2015205
221.79,-2003687
221.8,-1992923
221.81,-1979889
221.82,-1964898
221.83,-1950325
221.84,-1934772
221.85,-1917168
221.86,-1899321
221.87,-1882622
221.88,-1866248
221.89,-1850196
221.9,-1834742
221.91,-1819075
221.92,-1802145
221.93,-1784834
221.94,-1767724
221.95,-1750782
221.96,-1734334
221.97,-1717393
221.98,-1699881
221.99,-1681194
222.0,-1661598
222.01,-1641028
222.02,-1619855
222.03,-1599202
222.04,-1576426
222.05,-1551334
222.06,-1524677
222.07,-1496252
222.08,-1467410
222.09,-1438110
222.1,-1408387
222.11,-1378546
222.12,-1347621
222.13,-1315482
222.14,-1283212
222.15,-1249536
222.16,-1214034
222.17,-1178747
222.18,-1143593
222.19,-1108789
222.2,-1074713
222.21,-1039575
222.22,-1002960
222.23,-967337
222.24,-932826
222.25,-897657
222.26,-861997
222.27,-825110
222.28,-787435
222.29,-749637
222.3,-711263
222.31,-672841
222.32,-633525
222.33,-592995
222.34,-551673
222.35,-509644
222.36,-468094
222.37,-427627
222.38,-387034
222.39,-346710
222.4,-307105
222.41,-266970
222.42,-227165
222.43,-187749
222.44,-147748
222.45,-106506
222.46,-63762
222.47,-21103
222.48,21157
222.49,63893
222.5,106267
222.51,147241
222.52,187901
222.53,229143
222.54,271551
222.55,314677
222.56,356352
222.57,395966
222.58,434365
222.59,471573
222.6,507047
222.61,542179
222.62,577760
222.63,613562
222.64,648896
222.65,682782
222.66,716161
222.67,749616
222.68,782584
222.69,815097
222.7,848275
222.71,881318
222.72,913102
222.73,943819
222.74,973247
222.75,1002102
222.76,1029950
222.77,1056215
222.78,1081919
222.79,1107599
222.8,1132557
222.81,1157299
222.82,1183836
222.83,1211267
222.84,1237864
222.85,1263848
222.86,1289787
222.87,1315125
222.88,1339048
222.89,1362581
222.9,1386632
222.91,1410459
222.92,1433295
222.93,1454592
222.94,1472865
222.95,1488484
222.96,1503444
222.97,1518153
222.98,1532693
222.99,1547025
223.0,1560984
223.01,1573765
223.02,1584841
223.03,1595384
223.04,1605896
223.05,1616048
223.06,1626823
223.07,1639155
223.08,1652460
223.09,1665986
223.1,1679595
223.11,1694027
223.12,1708719
223.13,1723415
223.14,1737426
223.15,1750122
223.16,1764113
223.17,1778817
223.18,1792713
223.19,1805099
223.2,1816138
223.21,1826728
223.22,1835898
223.23,1845490
223.24,1855961
223.25,1866257
223.26,1876213
223.27,1886356
223.28,1897857
223.29,1908161
223.3,1916230
223.31,1923460
223.32,1929681
223.33,1935069
223.34,1940264
223.35,1944789
223.36,1949071
223.37,1953479
223.38,1956725
223.39,1958967
223.4,1960651
223.41,1961925
223.42,1961757
223.43,1960805
223.44,1961034
223.45,1961051
223.46,1960615
223.47,1961012
223.48,1960966
223.49,1959299
223.5,1957736
223.51,1955920
223.52,1953760
223.53,1951643
223.54,1948353
223.55,1944749
223.56,1940702
223.57,1935825
223.58,1930160
223.59,1924808
223.6,1920150
223.61,1915183
223.62,1909913
223.63,1904665
223.64,1900072
223.65,1895923
223.66,1893126
223.67,1891050
223.68,1888948
223.69,1887121
223.7,1884532
223.71,1880425
223.72,1875006
223.73,1869153
223.74,1862234
223.75,1854993
223.76,1846704
223.77,1836909
223.78,1827301
223.79,1817102
223.8,1805543
223.81,1792174
223.82,1778262
223.83,1763200
223.84,1747048
223.85,1732553
223.86,1718830
223.87,1704859
223.88,1690868
223.89,1677011
223.9,1663069
223.91,1648957
223.92,1634689
223.93,1621402
223.94,1608698
223.95,1594417
223.96,1579221
223.97,1563106
223.98,1545967
223.99,1527685
224.0,1509762
224.01,1492924
224.02,1475527
224.03,1458418
224.04,1441405
224.05,1424716
224.06,1408283
224.07,1391825
224.08,1375469
224.09,1358834
224.1,1342204
224.11,1324388
224.12,1304861
224.13,1285145
224.14,1266709
224.15,1247612
224.16,1226447
224.17,1203737
224.18,1180034
224.19,1155430
224.2,1128746
224.21,1102144
224.22,1076834
224.23,1051402
224.24,1025150
224.25,997742
224.26,969781
224.27,941783
224.28,914100
224.29,886543
224.3,858884
224.31,830013
224.32,798897
224.33,766509
224.34,733730
224.35,700626
224.36,666018
224.37,629857
224.38,592853
224.39,553665
224.4,512278
224.41,471032
224.42,430841
224.43,389941
224.44,347984
224.45,305824
224.46,262642
224.47,218271
224.48,173933
224.49,129972
224.5,85588
224.51,40263
224.52,-5950
224.53,-52305
224.54,-98511
224.55,-143872
224.56,-188340
224.57,-233221
224.58,-278832
224.59,-324645
224.6,-370055
224.61,-414504
224.62,-457232
224.63,-499909
224.64,-543218
224.65,-585790
224.66,-627686
224.67,-670024
224.68,-712964
224.69,-754721
224.7,-795935
224.71,-838147
224.72,-880770
224.73,-922459
224.74,-963733
224.75,-1004767
224.76,-1044264
224.77,-1082702
224.78,-1121121
224.79,-1160220
224.8,-1198352
224.81,-1234638
224.82,-1269265
224.83,-1301938
224.84,-1333671
224.85,-1364092
224.86,-1393894
224.87,-1423813
224.88,-1452580
224.89,-1479337
224.9,-1504774
224.91,-1529506
224.92,-1552447
224.93,-1573321
224.94,-1592754
224.95,-1610947
224.96,-1626786
224.97,-1641273
224.98,-1655403
224.99,-1667925
225.0,-1679039
225.01,-1688080
225.02,-1695543
225.03,-1702934
225.04,-1710776
225.05,-1717676
225.06,-1721925
225.07,-1725229
225.08,-1728642
225.09,-1732310
225.1,-1735847
225.11,-1738688
225.12,-1740602
225.13,-1741393
225.14,-1741540
225.15,-1740197
225.16,-1737729
225.17,-1736048
225.18,-1734338
225.19,-1730854
225.2,-1727852
225.21,-1725499
225.22,-1720586
225.23,-1712919
225.24,-1704237
225.25,-1696320
225.26,-1688364
225.27,-1681094
225.28,-1674508
225.29,-1666385
225.3,-1657785
225.31,-1648980
225.32,-1640345
225.33,-1632363
225.34,-1625768
225.35,-1620077
225.36,-1612892
225.37,-1604549
225.38,-1595868
225.39,-1587486
225.4,-1579741
225.41,-1573164
225.42,-1567488
225.43,-1561384
225.44,-1554052
225.45,-1545524
225.46,-1536834
225.47,-1527614
225.48,-1517633
225.49,-1508024
225.5,-1499501
225.51,-1491178
225.52,-1482334
225.53,-1472483
225.54,-1460980
225.55,-1448178
225.56,-1434137
225.57,-1419676
225.58,-1405230
225.59,-1390734
225.6,-1377029
225.61,-1364661
225.62,-1353463
225.63,-1342506
225.64,-1331351
225.65,-1319608
225.66,-1307464
225.67,-1295752
225.68,-1285563
225.69,-1277467
225.7,-1269364
225.71,-1261299
225.72,-1254771
225.73,-1249025
225.74,-1244336
225.75,-1240401
225.76,-1235595
225.77,-1230467
225.78,-1226044
225.79,-1222438
225.8,-1218783
225.81,-1213363
225.82,-1207242
225.83,-1201342
225.84,-1194562
225.85,-1187066
225.86,-1179303
225.87,-1170833
225.88,-1162102
225.89,-1154717
225.9,-1148163
225.91,-1141933
225.92,-1136209
225.93,-1131382
225.94,-1128748
225.95,-1127840
225.96,-1128023
225.97,-1128428
225.98,-1128887
225.99,-1130580
226.0,-1133502
226.01,-1135582
226.02,-1135857
226.03,-1136778
226.04,-1137466
226.05,-1136397
226.06,-1134936
226.07,-1133939
226.08,-1133049
226.09,-1131539
226.1,-1130351
226.11,-1128987
226.12,-1127324
226.13,-1125137
226.14,-1121749
226.15,-1118206
226.16,-1114274
226.17,-1110128
226.18,-1106062
226.19,-1102120
226.2,-1098315
226.21,-1093468
226.22,-1086784
226.23,-1079304
226.24,-1071600
226.25,-1063066
226.26,-1054906
226.27,-1049480
226.28,-1046568
226.29,-1044936
226.3,-1045263
226.31,-1046776
226.32,-1048717
226.33,-1050572
226.34,-1051292
226.35,-1050682
226.36,-1048502
226.37,-1046742
226.38,-1045944
226.39,-1043935
226.4,-1039809
226.41,-1034085
226.42,-1026737
226.43,-1018524
226.44,-1012269
226.45,-1007072
226.46,-1000938
226.47,-994288
226.48,-988443
226.49,-983828
226.5,-979385
226.51,-975494
226.52,-971880
226.53,-967782
226.54,-963239
226.55,-959714
226.56,-957181
226.57,-954313
226.58,-951633
226.59,-949198
226.6,-948414
226.61,-949001
226.62,-949270
226.63,-948729
226.64,-948019
226.65,-948373
226.66,-948318
226.67,-947402
226.68,-946786
226.69,-946572
226.7,-945726
226.71,-945095
226.72,-944970
226.73,-942796
226.74,-938836
226.75,-934959
226.76,-932206
226.77,-929961
226.78,-926588
226.79,-921099
226.8,-914296
226.81,-907063
226.82,-899510
226.83,-891882
226.84,-883254
226.85,-874511
226.86,-866684
226.87,-858714
226.88,-848923
226.89,-836933
226.9,-823135
226.91,-808134
226.92,-793112
226.93,-776820
226.94,-759880
226.95,-743835
226.96,-728964
226.97,-715013
226.98,-700909
226.99,-687071
227.0,-671526
227.01,-653303
227.02,-633583
227.03,-611958
227.04,-589242
227.05,-567561
227.06,-548677
227.07,-531848
227.08,-514818
227.09,-496554
227.1,-476987
227.11,-455951
227.12,-433696
227.13,-411400
227.14,-391001
227.15,-372885
227.16,-356284
227.17,-342267
227.18,-329786
227.19,-316713
227.2,-303475
227.21,-290081
227.22,-274952
227.23,-257733
227.24,-240324
227.25,-224049
227.26,-209145
227.27,-194738
227.28,-180994
227.29,-167780
227.3,-153254
227.31,-137321
227.32,-120156
227.33,-102521
227.34,-85528
227.35,-69684
227.36,-55996
227.37,-44802
227.38,-34527
227.39,-24215
227.4,-14426
227.41,-3572
227.42,9623
227.43,24189
227.44,39745
227.45,56838
227.46,75114
227.47,93236
227.48,111223
227.49,129551
227.5,147281
227.51,164055
227.52,181540
227.53,199815
227.54,218377
227.55,239113
227.56,263097
227.57,288784
227.58,314522
227.59,341042
227.6,368077
227.61,394759
227.62,421519
227.63,448181
227.64,474227
227.65,498626
227.66,522648
227.67,547979
227.68,573471
227.69,598063
227.7,621712
227.71,644669
227.72,666862
227.73,688519
227.74,709967
227.75,732144
227.76,754861
227.77,777105
227.78,800799
227.79,826612
227.8,852924
227.81,879509
227.82,906566
227.83,933220
227.84,958641
227.85,982869
227.86,1006859
227.87,1030844
227.88,1054184
227.89,1078335
227.9,1103449
227.91,1128605
227.92,1154103
227.93,1179875
227.94,1205873
227.95,1232004
227.96,1258120
227.97,1283408
227.98,1308056
227.99,1332299
228.0,1356391
228.01,1380446
228.02,1403900
228.03,1426288
228.04,1447381
228.05,1469175
228.06,1492153
228.07,1516930
228.08,1543555
228.09,1570247
228.1,1597228
228.11,1623795
228.12,1648984
228.13,1673087
228.14,1697269
228.15,1721838
228.16,1745843
228.17,1768967
228.18,1791187
228.19,1810920
228.2,1827463
228.21,1843687
228.22,1861163
228.23,1879087
228.24,1897411
228.25,1917548
228.26,1938869
228.27,1959779
228.28,1980305
228.29,1999325
228.3,2016700
228.31,2032602
228.32,2047175
228.33,2061342
228.34,2074577
228.35,2086935
228.36,2098832
228.37,2110842
228.38,2123228
228.39,2134751
228.4,2144675
228.41,2153681
228.42,2163676
228.43,2175132
228.44,2186745
228.45,2198770
228.46,2211672
228.47,2223683
228.48,2234460
228.49,2245565
228.5,2256257
228.51,2264737
228.52,2270881
228.53,2275921
228.54,2280157
228.55,2283485
228.56,2286845
228.57,2290294
228.58,2292842
228.59,2295057
228.6,2296683
228.61,2296174
228.62,2295176
228.63,2293481
228.64,2289803
228.65,2285002
228.66,2278862
228.67,2271170
228.68,2261938
228.69,2252450
228.7,2241603
228.71,2227945
228.72,2213010
228.73,2197521
228.74,2181505
228.75,2164748
228.76,2148334
228.77,2131779
228.78,2115423
228.79,2099875
228.8,2082747
228.81,2064022
228.82,2044400
228.83,2022989
228.84,2000170
228.85,1978652
228.86,1958059
228.87,1936475
228.88,1913386
228.89,1888731
228.9,1863024
228.91,1835770
228.92,1807620
228.93,1779613
228.94,1752909
228.95,1726321
228.96,1698298
228.97,1668870
228.98,1637174
228.99,1603880
229.0,1568752
229.01,1531938
229.02,1494300
229.03,1456295
229.04,1417841
229.05,1377987
229.06,1336999
229.07,1295316
229.08,1252404
229.09,1207897
229.1,1163987
229.11,1120481
229.12,1076738
229.13,1034568
229.14,993245
229.15,951887
229.16,910576
229.17,868436
229.18,824249
229.19,779020
229.2,733233
229.21,687090
229.22,641367
229.23,595179
229.24,548892
229.25,502830
229.26,457542
229.27,413228
229.28,369103
229.29,325141
229.3,281429
229.31,238300
229.32,195375
229.33,152761
229.34,110561
229.35,69263
229.36,29520
229.37,-9687
229.38,-48445
229.39,-87249
229.4,-126999
229.41,-166543
229.42,-205631
229.43,-244778
229.44,-283197
229.45,-320869
229.46,-357892
229.47,-393786
229.48,-428238
229.49,-462195
229.5,-496732
229.51,-530622
229.52,-563675
229.53,-595948
229.54,-627370
229.55,-658516
229.56,-688974
229.57,-719247
229.58,-750034
229.59,-781310
229.6,-811457
229.61,-839914
229.62,-866780
229.63,-890622
229.64,-912691
229.65,-934696
229.66,-957867
229.67,-982448
229.68,-1007615
229.69,-1033465
229.7,-1059116
229.71,-1084834
229.72,-1110696
229.73,-1136358
229.74,-1162600
229.75,-1189334
229.76,-1216636
229.77,-1243820
229.78,-1269941
229.79,-1294822
229.8,-1318187
229.81,-1340025
229.82,-1360224
229.83,-1379166
229.84,-1396997
229.85,-1413035
229.86,-1428001
229.87,-1442468
229.88,-1455482
229.89,-1467411
229.9,-1479513
229.91,-1490776
229.92,-1499036
229.93,-1505456
229.94,-1511755
229.95,-1517221
229.96,-1521275
229.97,-1523466
229.98,-1523950
229.99,-1523540
230.0,-1523203
230.01,-1522651
230.02,-1521221
230.03,-1519253
230.04,-1516451
230.05,-1512014
230.06,-1505496
230.07,-1499319
230.08,-1493580
230.09,-1485690
230.1,-1475854
230.11,-1464486
230.12,-1452248
230.13,-1438595
230.14,-1423416
230.15,-1407795
230.16,-1391456
230.17,-1374023
230.18,-1356538
230.19,-1341585
230.2,-1329135
230.21,-1317792
230.22,-1306940
230.23,-1295707
230.24,-1283419
230.25,-1270141
230.26,-1256727
230.27,-1242970
230.28,-1228765
230.29,-1214800
230.3,-1201135
230.31,-1187450
230.32,-1174560
230.33,-1162731
230.34,-1150887
230.35,-1139014
230.36,-1126922
230.37,-1113929
230.38,-1100276
230.39,-1087362
230.4,-1075312
230.41,-1063463
230.42,-1051765
230.43,-1040117
230.44,-1028597
230.45,-1017020
230.46,-1006438
230.47,-996607
230.48,-986744
230.49,-976998
230.5,-967406
230.51,-959909
230.52,-954139
230.53,-948447
230.54,-942998
230.55,-938083
230.56,-932658
230.57,-925072
230.58,-916186
230.59,-907417
230.6,-898935
230.61,-890050
230.62,-882302
230.63,-876998
230.64,-873031
230.65,-870140
230.66,-868190
230.67,-867539
230.68,-867506
230.69,-867112
230.7,-866010
230.71,-864312
230.72,-862356
230.73,-859712
230.74,-855959
230.75,-851286
230.76,-846716
230.77,-842195
230.78,-837401
230.79,-831567
230.8,-825492
230.81,-820509
230.82,-816143
230.83,-813011
230.84,-810280
230.85,-806648
230.86,-802173
230.87,-797091
230.88,-791776
230.89,-787780
230.9,-785211
230.91,-782564
230.92,-779960
230.93,-776327
230.94,-772424
230.95,-768771
230.96,-764065
230.97,-760017
230.98,-756979
230.99,-753803
231.0,-750867
231.01,-749263
231.02,-748886
231.03,-747247
231.04,-742440
231.05,-735720
231.06,-727195
231.07,-716254
231.08,-704784
231.09,-693240
231.1,-682121
231.11,-672286
231.12,-664464
231.13,-658682
231.14,-653691
231.15,-649568
231.16,-645968
231.17,-642252
231.18,-637326
231.19,-631609
231.2,-626270
231.21,-620561
231.22,-614446
231.23,-609244
231.24,-605132
231.25,-600366
231.26,-596301
231.27,-593185
231.28,-589056
231.29,-584885
231.3,-581450
231.31,-579468
231.32,-579501
231.33,-580827
231.34,-581891
231.35,-582251
231.36,-581789
231.37,-581309
231.38,-583482
231.39,-588007
231.4,-593016
231.41,-597983
231.42,-604154
231.43,-611507
231.44,-618420
231.45,-624989
231.46,-631530
231.47,-637817
231.48,-643568
231.49,-649633
231.5,-655909
231.51,-662601
231.52,-670185
231.53,-676838
231.54,-682526
231.55,-687303
231.56,-691224
231.57,-695666
231.58,-700769
231.59,-706008
231.6,-711986
231.61,-719876
231.62,-728797
231.63,-738120
231.64,-748749
231.65,-759829
231.66,-769783
231.67,-778800
231.68,-787022
231.69,-794517
231.7,-800968
231.71,-805216
231.72,-807367
231.73,-806725
231.74,-804140
231.75,-801447
231.76,-798106
231.77,-794549
231.78,-791137
231.79,-787869
231.8,-784383
231.81,-780310
231.82,-776037
231.83,-771359
231.84,-765757
231.85,-759241
231.86,-752555
231.87,-744808
231.88,-735663
231.89,-726445
231.9,-717579
231.91,-708640
231.92,-700124
231.93,-692382
231.94,-683975
231.95,-674607
231.96,-664319
231.97,-652896
231.98,-640016
231.99,-626177
232.0,-612790
232.01,-599813
232.02,-586392
232.03,-571775
232.04,-557581
232.05,-544352
232.06,-531273
232.07,-519409
232.08,-507783
232.09,-494939
232.1,-481342
232.11,-467108
232.12,-451234
232.13,-433906
232.14,-416273
232.15,-398074
232.16,-380079
232.17,-363021
232.18,-346371
232.19,-331062
232.2,-317479
232.21,-304321
232.22,-290359
232.23,-276349
232.24,-263291
232.25,-250502
232.26,-238579
232.27,-227708
232.28,-217035
232.29,-206058
232.3,-194811
232.31,-183960
232.32,-173086
232.33,-161904
232.34,-150550
232.35,-139624
232.36,-129139
232.37,-118592
232.38,-108016
232.39,-96532
232.4,-84467
232.41,-72814
232.42,-62190
232.43,-52928
232.44,-43862
232.45,-34496
232.46,-24998
232.47,-15557
232.48,-7116
232.49,56
232.5,6269
232.51,12116
232.52,18669
232.53,25556
232.54,31475
232.55,36953
232.56,42906
232.57,48899
232.58,54397
232.59,59579
232.6,64089
232.61,67475
232.62,71093
232.63,74907
232.64,78149
232.65,81364
232.66,85072
232.67,90466
232.68,96970
232.69,103376
232.7,110573
232.71,118405
232.72,126091
232.73,135486
232.74,147584
232.75,160215
232.76,172403
232.77,184238
232.78,195722
232.79,208356
232.8,222485
232.81,237320
232.82,253218
232.83,269653
232.84,285815
232.85,302020
232.86,317707
232.87,331174
232.88,343187
232.89,355627
232.9,367495
232.91,378419
232.92,390227
232.93,404258
232.94,419753
232.95,435125
232.96,451345
232.97,469417
232.98,487942
232.99,506939
233.0,527625
233.01,549304
233.02,571252
233.03,594336
233.04,619357
233.05,645334
233.06,670468
233.07,694980
233.08,719394
233.09,742641
233.1,764747
233.11,785895
233.12,806007
233.13,825911
233.14,845796
233.15,865396
233.16,884201
233.17,901909
233.18,918908
233.19,936192
233.2,953698
233.21,971178
233.22,988443
233.23,1004135
233.24,1019010
233.25,1033882
233.26,1048777
233.27,1063579
233.28,1077844
233.29,1092534
233.3,1107872
233.31,1122859
233.32,1136414
233.33,1149322
233.34,1161972
233.35,1172385
233.36,1181579
233.37,1191305
233.38,1200464
233.39,1208780
233.4,1215817
233.41,1220758
233.42,1224471
233.43,1227638
233.44,1230817
233.45,1234187
233.46,1237262
233.47,1239997
233.48,1242686
233.49,1245254
233.5,1246338
233.51,1245815
233.52,1244713
233.53,1243526
233.54,1241905
233.55,1238947
233.56,1235423
233.57,1231802
233.58,1228171
233.59,1224152
233.6,1218807
233.61,1212211
233.62,1204125
233.63,1194661
233.64,1184525
233.65,1174011
233.66,1162586
233.67,1150579
233.68,1138018
233.69,1123800
233.7,1108588
233.71,1093464
233.72,1078701
233.73,1064625
233.74,1051340
233.75,1038633
233.76,1026722
233.77,1015352
233.78,1003947
233.79,992282
233.8,980019
233.81,967006
233.82,953025
233.83,938140
233.84,922436
233.85,906489
233.86,890550
233.87,873903
233.88,856942
233.89,839833
233.9,821837
233.91,802489
233.92,781786
233.93,760793
233.94,739754
233.95,717876
233.96,696557
233.97,675739
233.98,653710
233.99,631703
234.0,609890
234.01,587998
234.02,566535
234.03,544863
234.04,522958
234.05,500313
234.06,477293
234.07,453745
234.08,429107
234.09,404703
234.1,380129
234.11,355659
234.12,332006
234.13,308678
234.14,284994
234.15,260894
234.16,237568
234.17,214867
234.18,192820
234.19,171656
234.2,151070
234.21,131147
234.22,111394
234.23,91129
234.24,70056
234.25,47624
234.26,24233
234.27,141
234.28,-25357
234.29,-51222
234.3,-77474
234.31,-104998
234.32,-133911
234.33,-164195
234.34,-195412
234.35,-226527
234.36,-255658
234.37,-283848
234.38,-312582
234.39,-341681
234.4,-371533
234.41,-402056
234.42,-433435
234.43,-465213
234.44,-496231
234.45,-525954
234.46,-554074
234.47,-579765
234.48,-603587
234.49,-626907
234.5,-648710
234.51,-670196
234.52,-693662
234.53,-717342
234.54,-740059
234.55,-762140
234.56,-783023
234.57,-803277
234.58,-823094
234.59,-842450
234.6,-862760
234.61,-883749
234.62,-904158
234.63,-923563
234.64,-940900
234.65,-955609
234.66,-969290
234.67,-982507
234.68,-994059
234.69,-1004597
234.7,-1015472
234.71,-1026635
234.72,-1037645
234.73,-1048860
234.74,-1060394
234.75,-1071606
234.76,-1081813
234.77,-1091337
234.78,-1101747
234.79,-1111679
234.8,-1119441
234.81,-1125730
234.82,-1129965
234.83,-1131399
234.84,-1130103
234.85,-1126745
234.86,-1121141
234.87,-1112422
234.88,-1101588
234.89,-1089830
234.9,-1077507
234.91,-1066145
234.92,-1057019
234.93,-1049901
234.94,-1045699
234.95,-1043857
234.96,-1042855
234.97,-1043613
234.98,-1045436
234.99,-1046045
235.0,-1045105
235.01,-1044036
235.02,-1042554
235.03,-1038061
235.04,-1030243
235.05,-1020240
235.06,-1008312
235.07,-994788
235.08,-979538
235.09,-962938
235.1,-945947
235.11,-929314
235.12,-913857
235.13,-899098
235.14,-884831
235.15,-871647
235.16,-859023
235.17,-847180
235.18,-836384
235.19,-826399
235.2,-817930
235.21,-811111
235.22,-805626
235.23,-800035
235.24,-793521
235.25,-787722
235.26,-783252
235.27,-779915
235.28,-776595
235.29,-771615
235.3,-764944
235.31,-757020
235.32,-748486
235.33,-739228
235.34,-728663
235.35,-718259
235.36,-709107
235.37,-700753
235.38,-692693
235.39,-684095
235.4,-675906
235.41,-669453
235.42,-664067
235.43,-660007
235.44,-657402
235.45,-654407
235.46,-650113
235.47,-644912
235.48,-638102
235.49,-629466
235.5,-620625
235.51,-612484
235.52,-604889
235.53,-597138
235.54,-588467
235.55,-578276
235.56,-566608
235.57,-554152
235.58,-540363
235.59,-525470
235.6,-510894
235.61,-497345
235.62,-485184
235.63,-474602
235.64,-464850
235.65,-455170
235.66,-446044
235.67,-437915
235.68,-430922
235.69,-424944
235.7,-419754
235.71,-414772
235.72,-409657
235.73,-404579
235.74,-399522
235.75,-394879
235.76,-390657
235.77,-386906
235.78,-383905
235.79,-381192
235.8,-378473
235.81,-376291
235.82,-375061
235.83,-373750
235.84,-372034
235.85,-371900
235.86,-374520
235.87,-379402
235.88,-386486
235.89,-395953
235.9,-406955
235.91,-417849
235.92,-427756
235.93,-437035
235.94,-445551
235.95,-452791
235.96,-458902
235.97,-464946
235.98,-470949
235.99,-476250
236.0,-482711
236.01,-491403
236.02,-501203
236.03,-512013
236.04,-524175
236.05,-536709
236.06,-549391
236.07,-562357
236.08,-574856
236.09,-587698
236.1,-601476
236.11,-615757
236.12,-629538
236.13,-641767
236.14,-652038
236.15,-660426
236.16,-668516
236.17,-676772
236.18,-685136
236.19,-694228
236.2,-704238
236.21,-716158
236.22,-729459
236.23,-743424
236.24,-758111
236.25,-772012
236.26,-785197
236.27,-798063
236.28,-810042
236.29,-821016
236.3,-830949
236.31,-840379
236.32,-849461
236.33,-858258
236.34,-867479
236.35,-877172
236.36,-886452
236.37,-895613
236.38,-904183
236.39,-910485
236.4,-915190
236.41,-919097
236.42,-922325
236.43,-925385
236.44,-928995
236.45,-933173
236.46,-936893
236.47,-940013
236.48,-941382
236.49,-940462
236.5,-938461
236.51,-936166
236.52,-934243
236.53,-932130
236.54,-930774
236.55,-930988
236.56,-931320
236.57,-931740
236.58,-932373
236.59,-932377
236.6,-931510
236.61,-930455
236.62,-929425
236.63,-927004
236.64,-921991
236.65,-914832
236.66,-905547
236.67,-893353
236.68,-878916
236.69,-863564
236.7,-848197
236.71,-834032
236.72,-821841
236.73,-811439
236.74,-802872
236.75,-796055
236.76,-789558
236.77,-782952
236.78,-777108
236.79,-772412
236.8,-768498
236.81,-764964
236.82,-762855
236.83,-761942
236.84,-760571
236.85,-758995
236.86,-758173
236.87,-756867
236.88,-754440
236.89,-753487
236.9,-754363
236.91,-754266
236.92,-751937
236.93,-747609
236.94,-741459
236.95,-733289
236.96,-723064
236.97,-711988
236.98,-700888
236.99,-688850
237.0,-676382
237.01,-664703
237.02,-653603
237.03,-643641
237.04,-635105
237.05,-628145
237.06,-623561
237.07,-621802
237.08,-622600
237.09,-623399
237.1,-622529
237.11,-619831
237.12,-614813
237.13,-608411
237.14,-602126
237.15,-596593
237.16,-589972
237.17,-581648
237.18,-573270
237.19,-564044
237.2,-553276
237.21,-540944
237.22,-526918
237.23,-512208
237.24,-497597
237.25,-483996
237.26,-472076
237.27,-461159
237.28,-449399
237.29,-435151
237.3,-418305
237.31,-398364
237.32,-375693
237.33,-350606
237.34,-321924
237.35,-290687
237.36,-257612
237.37,-223339
237.38,-189138
237.39,-155177
237.4,-121790
237.41,-87922
237.42,-53395
237.43,-19631
237.44,11961
237.45,40025
237.46,64476
237.47,85065
237.48,101592
237.49,114760
237.5,126162
237.51,136661
237.52,146210
237.53,156743
237.54,169420
237.55,185166
237.56,205645
237.57,229868
237.58,256304
237.59,284535
237.6,314059
237.61,344253
237.62,374389
237.63,403023
237.64,430120
237.65,457511
237.66,485556
237.67,514199
237.68,543587
237.69,572702
237.7,601550
237.71,630975
237.72,662040
237.73,695085
237.74,729873
237.75,767661
237.76,807246
237.77,846516
237.78,885231
237.79,922309
237.8,956813
237.81,988666
237.82,1017887
237.83,1044105
237.84,1067332
237.85,1087665
237.86,1105051
237.87,1120115
237.88,1134990
237.89,1151413
237.9,1168339
237.91,1184763
237.92,1199815
237.93,1213395
237.94,1225405
237.95,1235058
237.96,1242977
237.97,1248326
237.98,1251254
237.99,1254162
238.0,1258707
238.01,1265907
238.02,1276008
238.03,1288905
238.04,1303923
238.05,1319382
238.06,1332261
238.07,1340330
238.08,1344102
238.09,1343968
238.1,1339348
238.11,1331906
238.12,1323436
238.13,1314524
238.14,1306523
238.15,1299848
238.16,1294805
238.17,1291145
238.18,1288035
238.19,1286020
238.2,1284742
238.21,1283046
238.22,1280229
238.23,1275547
238.24,1268765
238.25,1259371
238.26,1248192
238.27,1236731
238.28,1224740
238.29,1213031
238.3,1202114
238.31,1191143
238.32,1179830
238.33,1168317
238.34,1155881
238.35,1141276
238.36,1125711
238.37,1109327
238.38,1090221
238.39,1069075
238.4,1046224
238.41,1020502
238.42,993118
238.43,967898
238.44,946670
238.45,928407
238.46,913281
238.47,901228
238.48,890578
238.49,879533
238.5,867674
238.51,854691
238.52,839002
238.53,820518
238.54,800425
238.55,779836
238.56,758195
238.57,734045
238.58,707277
238.59,679031
238.6,650691
238.61,622773
238.62,596254
238.63,571273
238.64,547411
238.65,523915
238.66,498385
238.67,471377
238.68,444733
238.69,418834
238.7,394699
238.71,373681
238.72,357198
238.73,345040
238.74,336526
238.75,331077
238.76,326824
238.77,321047
238.78,312303
238.79,301454
238.8,288194
238.81,271519
238.82,251379
238.83,228805
238.84,204991
238.85,180350
238.86,156740
238.87,135552
238.88,117209
238.89,102552
238.9,91617
238.91,84027
238.92,77555
238.93,70593
238.94,64046
238.95,56246
238.96,45175
238.97,31413
238.98,15338
238.99,-3099
239.0,-23579
239.01,-45027
239.02,-66910
239.03,-89760
239.04,-113706
239.05,-138381
239.06,-163720
239.07,-189918
239.08,-216469
239.09,-242074
239.1,-265321
239.11,-285006
239.12,-301297
239.13,-315520
239.14,-328411
239.15,-340926
239.16,-354304
239.17,-368616
239.18,-382315
239.19,-393460
239.2,-402589
239.21,-411473
239.22,-420545
239.23,-430594
239.24,-441442
239.25,-452090
239.26,-462899
239.27,-472784
239.28,-481243
239.29,-489600
239.3,-498199
239.31,-507648
239.32,-517888
239.33,-527241
239.34,-534111
239.35,-539244
239.36,-544238
239.37,-548966
239.38,-554321
239.39,-559988
239.4,-563673
239.41,-564245
239.42,-561004
239.43,-554855
239.44,-546729
239.45,-537322
239.46,-528513
239.47,-521163
239.48,-515331
239.49,-511097
239.5,-508979
239.51,-507789
239.52,-504635
239.53,-499005
239.54,-491979
239.55,-482468
239.56,-468249
239.57,-451239
239.58,-434267
239.59,-416554
239.6,-398980
239.61,-383971
239.62,-370863
239.63,-358603
239.64,-349026
239.65,-343862
239.66,-341733
239.67,-341018
239.68,-341271
239.69,-340636
239.7,-336653
239.71,-329184
239.72,-320265
239.73,-310395
239.74,-299920
239.75,-290893
239.76,-282342
239.77,-272632
239.78,-261349
239.79,-246916
239.8,-228811
239.81,-207507
239.82,-184321
239.83,-160909
239.84,-138233
239.85,-117323
239.86,-98865
239.87,-83531
239.88,-71012
239.89,-60915
239.9,-53476
239.91,-47413
239.92,-42454
239.93,-38982
239.94,-35429
239.95,-31402
239.96,-27332
239.97,-21636
239.98,-13630
239.99,-3802
240.0,8181
240.01,22118
240.02,38323
240.03,57331
240.04,78500
240.05,101639
240.06,127210
240.07,154225
240.08,179853
240.09,203003
240.1,224246
240.11,242480
240.12,256901
240.13,268950
240.14,279320
240.15,287849
240.16,295335
240.17,302833
240.18,310222
240.19,316501
240.2,322919
240.21,330119
240.22,337239
240.23,344486
240.24,351936
240.25,359315
240.26,365880
240.27,371799
240.28,376161
240.29,377235
240.3,376127
240.31,374086
240.32,371116
240.33,369504
240.34,371735
240.35,377731
240.36,387425
240.37,400106
240.38,414384
240.39,427968
240.4,438976
240.41,448540
240.42,457777
240.43,466999
240.44,476262
240.45,484234
240.46,489410
240.47,491522
240.48,489274
240.49,481855
240.5,471145
240.51,458651
240.52,445613
240.53,433442
240.54,422448
240.55,411334
240.56,399197
240.57,386347
240.58,373724
240.59,361520
240.6,348566
240.61,335209
240.62,321240
240.63,306445
240.64,291757
240.65,277404
240.66,263715
240.67,251881
240.68,243283
240.69,238068
240.7,237066
240.71,239140
240.72,241488
240.73,243463
240.74,244103
240.75,242635
240.76,238669
240.77,232128
240.78,224077
240.79,214689
240.8,203413
240.81,191292
240.82,180128
240.83,170116
240.84,161035
240.85,154170
240.86,150055
240.87,148553
240.88,149932
240.89,152600
240.9,154737
240.91,155758
240.92,155781
240.93,154609
240.94,152725
240.95,151283
240.96,148811
240.97,145592
240.98,143899
240.99,144077
241.0,145625
241.01,148095
241.02,151427
241.03,154134
241.04,155819
241.05,155947
241.06,152578
241.07,146578
241.08,138722
241.09,129521
241.1,120679
241.11,113141
241.12,106327
241.13,100760
241.14,97249
241.15,94819
241.16,93849
241.17,93831
241.18,93625
241.19,92331
241.2,88731
241.21,84411
241.22,80462
241.23,76080
241.24,71854
241.25,68742
241.26,66687
241.27,65602
241.28,65544
241.29,66827
241.3,69092
241.31,72040
241.32,76282
241.33,81452
241.34,86687
241.35,90340
241.36,91186
241.37,89873
241.38,87843
241.39,86648
241.4,87283
241.41,90004
241.42,94089
241.43,98659
241.44,103137
241.45,106756
241.46,109520
241.47,113559
241.48,120318
241.49,128002
241.5,135158
241.51,141082
241.52,143287
241.53,140895
241.54,135985
241.55,129629
241.56,121517
241.57,112237
241.58,104257
241.59,99470
241.6,96632
241.61,94902
241.62,93804
241.63,91556
241.64,88260
241.65,84890
241.66,81571
241.67,78270
241.68,75321
241.69,73097
241.7,70727
241.71,67340
241.72,62132
241.73,54084
241.74,44198
241.75,33406
241.76,21220
241.77,8422
241.78,-3886
241.79,-15083
241.8,-25110
241.81,-33559
241.82,-39244
241.83,-43566
241.84,-46402
241.85,-46194
241.86,-44525
241.87,-42805
241.88,-41477
241.89,-39689
241.9,-37199
241.91,-34500
241.92,-31284
241.93,-27994
241.94,-24605
241.95,-21436
241.96,-19556
241.97,-19908
241.98,-22409
241.99,-25993
242.0,-30516
242.01,-35426
242.02,-40037
242.03,-44874
242.04,-50105
242.05,-55204
242.06,-60562
242.07,-67313
242.08,-74686
242.09,-80529
242.1,-84144
242.11,-85901
242.12,-86294
242.13,-85925
242.14,-85145
242.15,-85371
242.16,-86558
242.17,-88633
242.18,-92587
242.19,-96330
242.2,-99323
242.21,-101840
242.22,-103757
242.23,-105450
242.24,-106510
242.25,-107525
242.26,-108807
242.27,-110748
242.28,-112896
242.29,-114860
242.3,-116591
242.31,-117585
242.32,-118773
242.33,-119792
242.34,-120075
242.35,-119984
242.36,-119414
242.37,-118666
242.38,-118067
242.39,-116888
242.4,-114958
242.41,-113507
242.42,-111710
242.43,-108661
242.44,-105212
242.45,-101979
242.46,-99237
242.47,-97804
242.48,-98094
242.49,-100329
242.5,-104834
242.51,-110027
242.52,-115400
242.53,-121088
242.54,-127226
242.55,-134624
242.56,-142065
242.57,-147695
242.58,-151216
242.59,-153809
242.6,-156863
242.61,-161619
242.62,-168226
242.63,-176449
242.64,-186638
242.65,-197933
242.66,-209531
242.67,-220359
242.68,-229448
242.69,-237242
242.7,-243430
242.71,-248879
242.72,-255270
242.73,-261431
242.74,-267003
242.75,-274116
242.76,-282622
242.77,-290908
242.78,-299038
242.79,-308171
242.8,-318238
242.81,-329847
242.82,-345304
242.83,-364778
242.84,-386396
242.85,-407731
242.86,-428363
242.87,-447472
242.88,-463771
242.89,-479521
242.9,-496487
242.91,-514790
242.92,-534312
242.93,-554088
242.94,-572303
242.95,-588727
242.96,-605031
242.97,-621124
242.98,-635924
242.99,-650178
243.0,-664922
243.01,-678901
243.02,-691819
243.03,-704108
243.04,-715502
243.05,-726686
243.06,-738806
243.07,-752917
243.08,-768316
243.09,-784460
243.1,-800225
243.11,-815332
243.12,-832164
243.13,-851270
243.14,-870863
243.15,-890296
243.16,-910543
243.17,-929828
243.18,-946882
243.19,-962581
243.2,-977659
243.21,-992674
243.22,-1007136
243.23,-1020726
243.24,-1033298
243.25,-1044258
243.26,-1052373
243.27,-1057773
243.28,-1061304
243.29,-1063595
243.3,-1064627
243.31,-1063671
243.32,-1061277
243.33,-1058123
243.34,-1054943
243.35,-1051786
243.36,-1048914
243.37,-1046448
243.38,-1043736
243.39,-1041036
243.4,-1038249
243.41,-1036096
243.42,-1035702
243.43,-1037035
243.44,-1039643
243.45,-1043014
243.46,-1045676
243.47,-1046325
243.48,-1045046
243.49,-1041744
243.5,-1036608
243.51,-1029951
243.52,-1022721
243.53,-1015346
243.54,-1007157
243.55,-999294
243.56,-991883
243.57,-983321
243.58,-974072
243.59,-964160
243.6,-953534
243.61,-943861
243.62,-934438
243.63,-925184
243.64,-917272
243.65,-909846
243.66,-902530
243.67,-895777
243.68,-889889
243.69,-883845
243.7,-877305
243.71,-870509
243.72,-862961
243.73,-855626
243.74,-847613
243.75,-837989
243.76,-828205
243.77,-819075
243.78,-810429
243.79,-800813
243.8,-790361
243.81,-780131
243.82,-769161
243.83,-757206
243.84,-746531
243.85,-738092
243.86,-730988
243.87,-725331
243.88,-721836
243.89,-720790
243.9,-720475
243.91,-720108
243.92,-718803
243.93,-714682
243.94,-708018
243.95,-698518
243.96,-686249
243.97,-670872
243.98,-652105
243.99,-630337
244.0,-605252
244.01,-578671
244.02,-552392
244.03,-528452
244.04,-508221
244.05,-490913
244.06,-476044
244.07,-462294
244.08,-448778
244.09,-436341
244.1,-425705
244.11,-415964
244.12,-405204
244.13,-392991
244.14,-379701
244.15,-364045
244.16,-346006
244.17,-327147
244.18,-307892
244.19,-289261
244.2,-271165
244.21,-252708
244.22,-234764
244.23,-217603
244.24,-200588
244.25,-184012
244.26,-168122
244.27,-152708
244.28,-138467
244.29,-124976
244.3,-110982
244.31,-95568
244.32,-79798
244.33,-65504
244.34,-51663
244.35,-38791
244.36,-27291
244.37,-15159
244.38,-421
244.39,16685
244.4,33989
244.41,50973
244.42,68451
244.43,86156
244.44,103002
244.45,119742
244.46,136714
244.47,154070
244.48,173130
244.49,194673
244.5,217426
244.51,240084
244.52,262621
244.53,283479
244.54,303103
244.55,322584
244.56,341402
244.57,357772
244.58,369587
244.59,378673
244.6,386463
244.61,393058
244.62,400052
244.63,409094
244.64,420689
244.65,433859
244.66,446921
244.67,459857
244.68,472904
244.69,484226
244.7,495629
244.71,508983
244.72,523469
244.73,539608
244.74,557349
244.75,575167
244.76,590206
244.77,601380
244.78,609644
244.79,616534
244.8,622999
244.81,630103
244.82,638760
244.83,648246
244.84,658752
244.85,669025
244.86,678712
244.87,688783
244.88,698710
244.89,709182
244.9,719576
244.91,729201
244.92,738353
244.93,747040
244.94,755206
244.95,761311
244.96,764089
244.97,764885
244.98,766038
244.99,767900
245.0,770750
245.01,773524
245.02,774576
245.03,772999
245.04,768250
245.05,761817
245.06,754307
245.07,745422
245.08,735297
245.09,725535
245.1,717510
245.11,712648
245.12,710503
245.13,708576
245.14,706883
245.15,705843
245.16,706860
245.17,709556
245.18,712176
245.19,714615
245.2,716388
245.21,716495
245.22,714721
245.23,712422
245.24,709504
245.25,705554
245.26,700979
245.27,696761
245.28,692827
245.29,687751
245.3,682253
245.31,677391
245.32,673566
245.33,670364
245.34,667111
245.35,660898
245.36,649583
245.37,635193
245.38,619587
245.39,604819
245.4,591395
245.41,577969
245.42,563536
245.43,548793
245.44,535342
245.45,524218
245.46,516417
245.47,513698
245.48,516866
245.49,523142
245.5,528671
245.51,528769
245.52,520830
245.53,505145
245.54,485541
245.55,467816
245.56,454724
245.57,447509
245.58,445331
245.59,447978
245.6,453950
245.61,459800
245.62,463589
245.63,465080
245.64,465989
245.65,467133
245.66,470109
245.67,475749
245.68,482948
245.69,490184
245.7,495783
245.71,500355
245.72,502936
245.73,499538
245.74,489388
245.75,475007
245.76,458158
245.77,441178
245.78,426943
245.79,417596
245.8,412114
245.81,406438
245.82,397449
245.83,382389
245.84,360732
245.85,334696
245.86,308405
245.87,285073
245.88,266345
245.89,253016
245.9,242657
245.91,233292
245.92,222938
245.93,210721
245.94,195781
245.95,178293
245.96,162819
245.97,150930
245.98,142647
245.99,137673
246.0,134066
246.01,130516
246.02,125258
246.03,117722
246.04,108072
246.05,96414
246.06,83506
246.07,70142
246.08,57238
246.09,43560
246.1,27509
246.11,10940
246.12,-5500
246.13,-22515
246.14,-37520
246.15,-48643
246.16,-56121
246.17,-61672
246.18,-67936
246.19,-76473
246.2,-86610
246.21,-96323
246.22,-106241
246.23,-116941
246.24,-128430
246.25,-140479
246.26,-153092
246.27,-167283
246.28,-183924
246.29,-203895
246.3,-224409
246.31,-243668
246.32,-261499
246.33,-276982
246.34,-291950
246.35,-306624
246.36,-320178
246.37,-334332
246.38,-351522
246.39,-372359
246.4,-395024
246.41,-419571
246.42,-446756
246.43,-475460
246.44,-504315
246.45,-530559
246.46,-551651
246.47,-566343
246.48,-575315
246.49,-581293
246.5,-584813
246.51,-586162
246.52,-587164
246.53,-588328
246.54,-589254
246.55,-589697
246.56,-591617
246.57,-595654
246.58,-599949
246.59,-605132
246.6,-611565
246.61,-618583
246.62,-626364
246.63,-634570
246.64,-641081
246.65,-644384
246.66,-645012
246.67,-643318
246.68,-639814
246.69,-635973
246.7,-633141
246.71,-631032
246.72,-630176
246.73,-630530
246.74,-630468
246.75,-629857
246.76,-627405
246.77,-622893
246.78,-617726
246.79,-612961
246.8,-609163
246.81,-605601
246.82,-603168
246.83,-602569
246.84,-603076
246.85,-603656
246.86,-604669
246.87,-605757
246.88,-604076
246.89,-599405
246.9,-593561
246.91,-587288
246.92,-581077
246.93,-576322
246.94,-573695
246.95,-573148
246.96,-574216
246.97,-576107
246.98,-578311
246.99,-581038
247.0,-583580
247.01,-583725
247.02,-581691
247.03,-578343
247.04,-575002
247.05,-572620
247.06,-570708
247.07,-569165
247.08,-566937
247.09,-564577
247.1,-563352
247.11,-564117
247.12,-566481
247.13,-569516
247.14,-573771
247.15,-578231
247.16,-582696
247.17,-586976
247.18,-589967
247.19,-590753
247.2,-590845
247.21,-592420
247.22,-594482
247.23,-597047
247.24,-598703
247.25,-598639
247.26,-598402
247.27,-599063
247.28,-599995
247.29,-599493
247.3,-597000
247.31,-591835
247.32,-585817
247.33,-579111
247.34,-570318
247.35,-559625
247.36,-547642
247.37,-536516
247.38,-527177
247.39,-519687
247.4,-512949
247.41,-506938
247.42,-502495
247.43,-498638
247.44,-494861
247.45,-491240
247.46,-488768
247.47,-488066
247.48,-488577
247.49,-489667
247.5,-490381
247.51,-489298
247.52,-487006
247.53,-485270
247.54,-484322
247.55,-483643
247.56,-482182
247.57,-479125
247.58,-473008
247.59,-463886
247.6,-453385
247.61,-442202
247.62,-431527
247.63,-423595
247.64,-419027
247.65,-415440
247.66,-413158
247.67,-411679
247.68,-408794
247.69,-403532
247.7,-395718
247.71,-387116
247.72,-377802
247.73,-368713
247.74,-360182
247.75,-352794
247.76,-347051
247.77,-341661
247.78,-337954
247.79,-335988
247.8,-334747
247.81,-332489
247.82,-328918
247.83,-324050
247.84,-315261
247.85,-302123
247.86,-285575
247.87,-267047
247.88,-248326
247.89,-231973
247.9,-218735
247.91,-207875
247.92,-199115
247.93,-190506
247.94,-180481
247.95,-168537
247.96,-156123
247.97,-144600
247.98,-134033
247.99,-123304
248.0,-110283
248.01,-94022
248.02,-75591
248.03,-56758
248.04,-37889
248.05,-20688
248.06,-7163
248.07,2743
248.08,10897
248.09,19473
248.1,30342
248.11,44658
248.12,61354
248.13,79609
248.14,97804
248.15,113559
248.16,126160
248.17,135959
248.18,143251
248.19,150193
248.2,159604
248.21,170959
248.22,183250
248.23,195086
248.24,205663
248.25,215118
248.26,222103
248.27,225917
248.28,228753
248.29,233125
248.3,237462
248.31,241216
248.32,245940
248.33,252551
248.34,262038
248.35,274778
248.36,290977
248.37,308405
248.38,325231
248.39,340816
248.4,354411
248.41,366406
248.42,377206
248.43,387740
248.44,398947
248.45,412132
248.46,427111
248.47,443149
248.48,460357
248.49,478232
248.5,497302
248.51,517050
248.52,535181
248.53,550626
248.54,563347
248.55,573121
248.56,581597
248.57,590335
248.58,599369
248.59,609187
248.6,619442
248.61,629880
248.62,640606
248.63,651999
248.64,664393
248.65,678523
248.66,694610
248.67,711057
248.68,727874
248.69,744645
248.7,760270
248.71,774257
248.72,786479
248.73,798034
248.74,807967
248.75,815263
248.76,819651
248.77,820867
248.78,820969
248.79,821718
248.8,825274
248.81,833441
248.82,844240
248.83,855711
248.84,867266
248.85,877264
248.86,884370
248.87,889199
248.88,893372
248.89,897478
248.9,901653
248.91,906454
248.92,911424
248.93,915236
248.94,917403
248.95,919075
248.96,920535
248.97,921847
248.98,923213
248.99,925142
249.0,928795
249.01,932721
249.02,936717
249.03,940089
249.04,940021
249.05,936331
249.06,929568
249.07,921154
249.08,912009
249.09,902457
249.1,894623
249.11,889542
249.12,886501
249.13,884741
249.14,884928
249.15,886882
249.16,887918
249.17,887018
249.18,884708
249.19,879920
249.2,872019
249.21,861927
249.22,850024
249.23,835722
249.24,818785
249.25,800094
249.26,779587
249.27,758436
249.28,738565
249.29,719932
249.3,701988
249.31,684805
249.32,669371
249.33,654572
249.34,640492
249.35,628595
249.36,618239
249.37,607750
249.38,595866
249.39,582479
249.4,567284
249.41,550106
249.42,530135
249.43,507413
249.44,482376
249.45,455345
249.46,427822
249.47,400178
249.48,373225
249.49,348917
249.5,328214
249.51,309545
249.52,290636
249.53,272327
249.54,255647
249.55,239939
249.56,224636
249.57,210041
249.58,196817
249.59,183604
249.6,168440
249.61,151365
249.62,132761
249.63,111231
249.64,86081
249.65,59076
249.66,32001
249.67,5551
249.68,-20028
249.69,-45029
249.7,-69008
249.71,-91924
249.72,-115474
249.73,-140083
249.74,-165594
249.75,-192414
249.76,-221165
249.77,-250941
249.78,-280833
249.79,-311648
249.8,-342298
249.81,-371359
249.82,-397712
249.83,-421119
249.84,-442675
249.85,-461865
249.86,-479310
249.87,-498221
249.88,-519613
249.89,-541965
249.9,-565004
249.91,-586806
249.92,-604810
249.93,-620077
249.94,-635208
249.95,-652825
249.96,-672248
249.97,-692295
249.98,-712962
249.99,-732444
250.0,-750345
250.01,-767919
250.02,-785617
250.03,-802375
250.04,-818506
250.05,-834731
250.06,-850741
250.07,-866522
250.08,-882120
250.09,-897329
250.1,-910711
250.11,-922263
250.12,-932911
250.13,-943687
250.14,-954795
250.15,-965558
250.16,-975966
250.17,-985133
250.18,-992975
250.19,-1000047
250.2,-1006317
250.21,-1012223
250.22,-1019297
250.23,-1028277
250.24,-1039202
250.25,-1050610
250.26,-1061081
250.27,-1070268
250.28,-1075545
250.29,-1076557
250.3,-1073483
250.31,-1066090
250.32,-1056980
250.33,-1048221
250.34,-1040161
250.35,-1032463
250.36,-1025461
250.37,-1018503
250.38,-1010625
250.39,-1002418
250.4,-993750
250.41,-984123
250.42,-974089
250.43,-963527
250.44,-952580
250.45,-941610
250.46,-929847
250.47,-917254
250.48,-903079
250.49,-887940
250.5,-873028
250.51,-857158
250.52,-841297
250.53,-826601
250.54,-811843
250.55,-796323
250.56,-779633
250.57,-760972
250.58,-741778
250.59,-722885
250.6,-703547
250.61,-684574
250.62,-664875
250.63,-645193
250.64,-627565
250.65,-611850
250.66,-599491
250.67,-590149
250.68,-581367
250.69,-571048
250.7,-558221
250.71,-542733
250.72,-524784
250.73,-504488
250.74,-481561
250.75,-457059
250.76,-431568
250.77,-405883
250.78,-381186
250.79,-358188
250.8,-336811
250.81,-314904
250.82,-291580
250.83,-268698
250.84,-247740
250.85,-227295
250.86,-206766
250.87,-187770
250.88,-169165
250.89,-149342
250.9,-129400
250.91,-110689
250.92,-93519
250.93,-76396
250.94,-58843
250.95,-41825
250.96,-24014
250.97,-5183
250.98,13792
250.99,32377
251.0,50416
251.01,69140
251.02,87703
251.03,106360
251.04,125907
251.05,146362
251.06,168122
251.07,189314
251.08,210015
251.09,230156
251.1,248564
251.11,265432
251.12,280348
251.13,292185
251.14,301726
251.15,311497
251.16,320192
251.17,327813
251.18,336293
251.19,344999
251.2,353561
251.21,361799
251.22,370851
251.23,380547
251.24,387977
251.25,393187
251.26,396434
251.27,396926
251.28,396677
251.29,396180
251.3,395745
251.31,395994
251.32,397361
251.33,400562
251.34,404276
251.35,409336
251.36,415164
251.37,420521
251.38,426488
251.39,433443
251.4,441086
251.41,448655
251.42,457022
251.43,464285
251.44,468223
251.45,469630
251.46,469226
251.47,467642
251.48,465533
251.49,464555
251.5,463876
251.51,463234
251.52,463370
251.53,463998
251.54,465987
251.55,469400
251.56,473959
251.57,479330
251.58,485665
251.59,492184
251.6,498173
251.61,504207
251.62,509731
251.63,513765
251.64,517527
251.65,521819
251.66,524933
251.67,527232
251.68,529246
251.69,530603
251.7,530606
251.71,529698
251.72,529589
251.73,529201
251.74,528252
251.75,527412
251.76,526888
251.77,527275
251.78,528675
251.79,530175
251.8,530235
251.81,530021
251.82,530526
251.83,531384
251.84,533475
251.85,535729
251.86,536222
251.87,535714
251.88,535071
251.89,533763
251.9,532542
251.91,532621
251.92,535218
251.93,538963
251.94,541613
251.95,543398
251.96,543142
251.97,541801
251.98,541265
251.99,541198
252.0,540413
252.01,538162
252.02,536005
252.03,533308
252.04,529653
252.05,527660
252.06,527791
252.07,529881
252.08,534278
252.09,540068
252.1,545681
252.11,549633
252.12,551699
252.13,551396
252.14,549309
252.15,548241
252.16,548859
252.17,551272
252.18,556378
252.19,562896
252.2,569408
252.21,574964
252.22,578810
252.23,580986
252.24,581313
252.25,580537
252.26,579882
252.27,578621
252.28,576101
252.29,573170
252.3,568579
252.31,561688
252.32,553176
252.33,543879
252.34,535911
252.35,529830
252.36,526678
252.37,525428
252.38,523015
252.39,519075
252.4,514302
252.41,509479
252.42,504334
252.43,499212
252.44,494304
252.45,489455
252.46,485530
252.47,481568
252.48,475603
252.49,467103
252.5,457460
252.51,447338
252.52,437170
252.53,427622
252.54,418092
252.55,407692
252.56,395617
252.57,382815
252.58,370743
252.59,359684
252.6,349357
252.61,340887
252.62,335108
252.63,330489
252.64,325291
252.65,317990
252.66,308246
252.67,296886
252.68,285319
252.69,272941
252.7,258404
252.71,242393
252.72,225133
252.73,205887
252.74,184338
252.75,161925
252.76,140106
252.77,119428
252.78,99886
252.79,81912
252.8,65429
252.81,49039
252.82,32180
252.83,14663
252.84,-2829
252.85,-20619
252.86,-39567
252.87,-59485
252.88,-79433
252.89,-97768
252.9,-114794
252.91,-130388
252.92,-144269
252.93,-157162
252.94,-169060
252.95,-181384
252.96,-196092
252.97,-212355
252.98,-229170
252.99,-246849
253.0,-265016
253.01,-285102
253.02,-306413
253.03,-327403
253.04,-349451
253.05,-371706
253.06,-392703
253.07,-411213
253.08,-427664
253.09,-443112
253.1,-458395
253.11,-474929
253.12,-492495
253.13,-511144
253.14,-530771
253.15,-552777
253.16,-578339
253.17,-605568
253.18,-632823
253.19,-658929
253.2,-684189
253.21,-710411
253.22,-736825
253.23,-762368
253.24,-787690
253.25,-811824
253.26,-833988
253.27,-854725
253.28,-874508
253.29,-892498
253.3,-908904
253.31,-925170
253.32,-941421
253.33,-957258
253.34,-971339
253.35,-984256
253.36,-995136
253.37,-1003844
253.38,-1012975
253.39,-1020974
253.4,-1026769
253.41,-1030761
253.42,-1034593
253.43,-1039491
253.44,-1045649
253.45,-1053548
253.46,-1060335
253.47,-1063974
253.48,-1065374
253.49,-1066014
253.5,-1067554
253.51,-1072172
253.52,-1080816
253.53,-1094028
253.54,-1111204
253.55,-1130271
253.56,-1150394
253.57,-1169436
253.58,-1186068
253.59,-1200959
253.6,-1215174
253.61,-1228853
253.62,-1241770
253.63,-1253991
253.64,-1265649
253.65,-1276690
253.66,-1284523
253.67,-1288663
253.68,-1290085
253.69,-1289809
253.7,-1287807
253.71,-1281294
253.72,-1269533
253.73,-1251812
253.74,-1228456
253.75,-1200812
253.76,-1170286
253.77,-1138933
253.78,-1108653
253.79,-1081942
253.8,-1059587
253.81,-1042628
253.82,-1029363
253.83,-1016338
253.84,-1003047
253.85,-990562
253.86,-982328
253.87,-980003
253.88,-982187
253.89,-986240
253.9,-990563
253.91,-994565
253.92,-998650
253.93,-1006121
253.94,-1016472
253.95,-1027666
253.96,-1040434
253.97,-1055879
253.98,-1072617
253.99,-1084741
254.0,-1090321
254.01,-1088412
254.02,-1076190
254.03,-1054591
254.04,-1023929
254.05,-986378
254.06,-944605
254.07,-898964
254.08,-852384
254.09,-808199
254.1,-768226
254.11,-733244
254.12,-703198
254.13,-677119
254.14,-653971
254.15,-635060
254.16,-622700
254.17,-616000
254.18,-612958
254.19,-612338
254.2,-611553
254.21,-610378
254.22,-609433
254.23,-605935
254.24,-595705
254.25,-578123
254.26,-556733
254.27,-533843
254.28,-510963
254.29,-488883
254.3,-468506
254.31,-451416
254.32,-437977
254.33,-428735
254.34,-421830
254.35,-415208
254.36,-408126
254.37,-398403
254.38,-385834
254.39,-371229
254.4,-355758
254.41,-340827
254.42,-325092
254.43,-306028
254.44,-282502
254.45,-256522
254.46,-229403
254.47,-200947
254.48,-171853
254.49,-143725
254.5,-118273
254.51,-94579
254.52,-74009
254.53,-58825
254.54,-48209
254.55,-40347
254.56,-34096
254.57,-30114
254.58,-27203
254.59,-23208
254.6,-17261
254.61,-9984
254.62,-3071
254.63,1688
254.64,4528
254.65,6285
254.66,5228
254.67,352
254.68,-6939
254.69,-13344
254.7,-16540
254.71,-14286
254.72,-6545
254.73,3690
254.74,14022
254.75,22876
254.76,32912
254.77,46195
254.78,64127
254.79,86711
254.8,110456
254.81,132887
254.82,150324
254.83,160559
254.84,162930
254.85,158928
254.86,151820
254.87,143429
254.88,135252
254.89,127807
254.9,122047
254.91,118646
254.92,118606
254.93,123855
254.94,134585
254.95,147385
254.96,158670
254.97,166934
254.98,171526
254.99,173177
255.0,172550
255.01,171648
255.02,173410
255.03,179037
255.04,188633
255.05,202809
255.06,219496
255.07,235921
255.08,251492
255.09,266256
255.1,281940
255.11,299830
255.12,320515
255.13,341715
255.14,361050
255.15,378718
255.16,393061
255.17,401364
255.18,403786
255.19,402905
255.2,400826
255.21,399475
255.22,399993
255.23,402048
255.24,404644
255.25,407715
255.26,411599
255.27,416309
255.28,421769
255.29,428862
255.3,438305
255.31,450059
255.32,462300
255.33,471152
255.34,476581
255.35,480480
255.36,485600
255.37,494343
255.38,505253
255.39,515859
255.4,524490
255.41,530892
255.42,535538
255.43,538899
255.44,541926
255.45,546579
255.46,553790
255.47,562181
255.48,571208
255.49,581990
255.5,592641
255.51,600191
255.52,605337
255.53,608670
255.54,610728
255.55,612705
255.56,614923
255.57,618234
255.58,622161
255.59,625857
255.6,629135
255.61,630815
255.62,632420
255.63,636688
255.64,643224
255.65,650729
255.66,659391
255.67,669892
255.68,681835
255.69,694059
255.7,703144
255.71,707417
255.72,709321
255.73,710581
255.74,711543
255.75,711722
255.76,711368
255.77,710782
255.78,710584
255.79,711704
255.8,714600
255.81,720333
255.82,726984
255.83,732324
255.84,735945
255.85,736773
255.86,734794
255.87,731650
255.88,730531
255.89,733764
255.9,742453
255.91,757276
255.92,776059
255.93,794995
255.94,810374
255.95,820777
255.96,827862
255.97,832320
255.98,834011
255.99,833234
256.0,829682
256.01,823998
256.02,817814
256.03,811738
256.04,804253
256.05,794998
256.06,786434
256.07,778646
256.08,770599
256.09,762479
256.1,755283
256.11,750596
256.12,748931
256.13,750073
256.14,752668
256.15,755349
256.16,757350
256.17,758939
256.18,759485
256.19,757344
256.2,752839
256.21,746211
256.22,738649
256.23,731333
256.24,723930
256.25,716117
256.26,707083
256.27,697107
256.28,688251
256.29,682724
256.3,680162
256.31,679061
256.32,677387
256.33,671676
256.34,660374
256.35,643218
256.36,621768
256.37,599351
256.38,577309
256.39,555403
256.4,535316
256.41,518775
256.42,505965
256.43,497884
256.44,494160
256.45,494503
256.46,497792
256.47,500336
256.48,500377
256.49,496629
256.5,486819
256.51,472877
256.52,458657
256.53,444295
256.54,430540
256.55,418578
256.56,408135
256.57,399227
256.58,390621
256.59,382133
256.6,373774
256.61,364733
256.62,356706
256.63,350986
256.64,345400
256.65,337068
256.66,326577
256.67,314999
256.68,302420
256.69,291274
256.7,282436
256.71,273836
256.72,263618
256.73,251510
256.74,237985
256.75,222622
256.76,206351
256.77,192499
256.78,182217
256.79,173648
256.8,165762
256.81,157710
256.82,147323
256.83,133078
256.84,116952
256.85,101550
256.86,88147
256.87,77469
256.88,67537
256.89,55716
256.9,40135
256.91,22002
256.92,3652
256.93,-15194
256.94,-33877
256.95,-52210
256.96,-69986
256.97,-87211
256.98,-105848
256.99,-126059
257.0,-146934
257.01,-167923
257.02,-188751
257.03,-208758
257.04,-225829
257.05,-238985
257.06,-249610
257.07,-258896
257.08,-267613
257.09,-275972
257.1,-282698
257.11,-287621
257.12,-291207
257.13,-293612
257.14,-295416
257.15,-298573
257.16,-306648
257.17,-320091
257.18,-337282
257.19,-356682
257.2,-374353
257.21,-388535
257.22,-399964
257.23,-407288
257.24,-411465
257.25,-416228
257.26,-422978
257.27,-431652
257.28,-441198
257.29,-449951
257.3,-456988
257.31,-460627
257.32,-461522
257.33,-461941
257.34,-461963
257.35,-461891
257.36,-462848
257.37,-465760
257.38,-467158
257.39,-463533
257.4,-457446
257.41,-451192
257.42,-445706
257.43,-440041
257.44,-433096
257.45,-426039
257.46,-418982
257.47,-413895
257.48,-411085
257.49,-409347
257.5,-411341
257.51,-415633
257.52,-418381
257.53,-419237
257.54,-416383
257.55,-408606
257.56,-398682
257.57,-388709
257.58,-377723
257.59,-365134
257.6,-354004
257.61,-346544
257.62,-342077
257.63,-339280
257.64,-336552
257.65,-335095
257.66,-335887
257.67,-337249
257.68,-338873
257.69,-340374
257.7,-340228
257.71,-338546
257.72,-334314
257.73,-325012
257.74,-311722
257.75,-296484
257.76,-280044
257.77,-262881
257.78,-245044
257.79,-228397
257.8,-215877
257.81,-208140
257.82,-202380
257.83,-195707
257.84,-186524
257.85,-175065
257.86,-164201
257.87,-155068
257.88,-147138
257.89,-142200
257.9,-142307
257.91,-145634
257.92,-149068
257.93,-150191
257.94,-148227
257.95,-145532
257.96,-142819
257.97,-137444
257.98,-129513
257.99,-120933
258.0,-111495
258.01,-101372
258.02,-90597
258.03,-79811
258.04,-70168
258.05,-61669
258.06,-54024
258.07,-46915
258.08,-40228
258.09,-33586
258.1,-27264
258.11,-21380
258.12,-16390
258.13,-13979
258.14,-14534
258.15,-16596
258.16,-18323
258.17,-20637
258.18,-25363
258.19,-32209
258.2,-40467
258.21,-50895
258.22,-64382
258.23,-77512
258.24,-89824
258.25,-104914
258.26,-121450
258.27,-137935
258.28,-153834
258.29,-166985
258.3,-176739
258.31,-182914
258.32,-185161
258.33,-184762
258.34,-181544
258.35,-176771
258.36,-173579
258.37,-171017
258.38,-170060
258.39,-172084
258.4,-175263
258.41,-179969
258.42,-187507
258.43,-196819
258.44,-205961
258.45,-215304
258.46,-224428
258.47,-230698
258.48,-233636
258.49,-234451
258.5,-233313
258.51,-230589
258.52,-227851
258.53,-225657
258.54,-222927
258.55,-219612
258.56,-217184
258.57,-215145
258.58,-212581
258.59,-212936
258.6,-219263
258.61,-229744
258.62,-242197
258.63,-255994
258.64,-270515
258.65,-285213
258.66,-299144
258.67,-311712
258.68,-323268
258.69,-333702
258.7,-344773
258.71,-357664
258.72,-368369
258.73,-374570
258.74,-378766
258.75,-383971
258.76,-391417
258.77,-400168
258.78,-409506
258.79,-419071
258.8,-428885
258.81,-438191
258.82,-444640
258.83,-447705
258.84,-449022
258.85,-449959
258.86,-449417
258.87,-446897
258.88,-443295
258.89,-438835
258.9,-435291
258.91,-435326
258.92,-439698
258.93,-447663
258.94,-458098
258.95,-468203
258.96,-475834
258.97,-480963
258.98,-483899
258.99,-484024
259.0,-481925
259.01,-480599
259.02,-480099
259.03,-480215
259.04,-481210
259.05,-481705
259.06,-481675
259.07,-480571
259.08,-477687
259.09,-473439
259.1,-470962
259.11,-472245
259.12,-474723
259.13,-476619
259.14,-477081
259.15,-474707
259.16,-469676
259.17,-463017
259.18,-453616
259.19,-443565
259.2,-435732
259.21,-430037
259.22,-427793
259.23,-426981
259.24,-424387
259.25,-418661
259.26,-408909
259.27,-395536
259.28,-378943
259.29,-359241
259.3,-339421
259.31,-323341
259.32,-310313
259.33,-299596
259.34,-290451
259.35,-282261
259.36,-275278
259.37,-268364
259.38,-261607
259.39,-253954
259.4,-245365
259.41,-236868
259.42,-227479
259.43,-217153
259.44,-206698
259.45,-197619
259.46,-190265
259.47,-184809
259.48,-181311
259.49,-177244
259.5,-171749
259.51,-166268
259.52,-161053
259.53,-156001
259.54,-150378
259.55,-142634
259.56,-134447
259.57,-127140
259.58,-119470
259.59,-110777
259.6,-100702
259.61,-88892
259.62,-74598
259.63,-59388
259.64,-46146
259.65,-34632
259.66,-22776
259.67,-11204
259.68,-1112
259.69,7927
259.7,15281
259.71,20998
259.72,24607
259.73,25454
259.74,22857
259.75,16294
259.76,7639
259.77,-2105
259.78,-11270
259.79,-19046
259.8,-25803
259.81,-29480
259.82,-29014
259.83,-25609
259.84,-19400
259.85,-11074
259.86,-3260
259.87,4786
259.88,14789
259.89,26954
259.9,39920
259.91,50985
259.92,59522
259.93,64702
259.94,65478
259.95,63683
259.96,61411
259.97,58574
259.98,55404
259.99,52232
260.0,48690
260.01,44176
260.02,37358
260.03,27565
260.04,16372
260.05,6558
260.06,-468
260.07,-3990
260.08,-3670
260.09,-796
260.1,2474
260.11,3658
260.12,1831
260.13,-620
260.14,-1429
260.15,-918
260.16,-159
260.17,99
260.18,-1360
260.19,-4645
260.2,-7001
260.21,-7279
260.22,-5255
260.23,-709
260.24,3951
260.25,7099
260.26,9361
260.27,10686
260.28,8552
260.29,3410
260.3,-2408
260.31,-8337
260.32,-14095
260.33,-19577
260.34,-24000
260.35,-28936
260.36,-34823
260.37,-40463
260.38,-46227
260.39,-51017
260.4,-53774
260.41,-54752
260.42,-54326
260.43,-53104
260.44,-52981
260.45,-53944
260.46,-55580
260.47,-59739
260.48,-65781
260.49,-72242
260.5,-78283
260.51,-81367
260.52,-78546
260.53,-71265
260.54,-63213
260.55,-54165
260.56,-43619
260.57,-33809
260.58,-26186
260.59,-19615
260.6,-14343
260.61,-11234
260.62,-7778
260.63,-1869
260.64,4916
260.65,10306
260.66,14113
260.67,17005
260.68,18979
260.69,20611
260.7,23211
260.71,26215
260.72,30127
260.73,35947
260.74,42787
260.75,51235
260.76,61004
260.77,71808
260.78,83512
260.79,95058
260.8,106620
260.81,118205
260.82,130283
260.83,143378
260.84,156484
260.85,168162
260.86,179437
260.87,192199
260.88,207429
260.89,225142
260.9,242427
260.91,256529
260.92,267961
260.93,278952
260.94,290256
260.95,300164
260.96,307926
260.97,315854
260.98,325725
260.99,336861
261.0,348031
261.01,358602
261.02,369712
261.03,382873
261.04,397537
261.05,413590
261.06,430682
261.07,447310
261.08,463804
261.09,481374
261.1,499833
261.11,517030
261.12,533009
261.13,549099
261.14,564485
261.15,578139
261.16,588919
261.17,596568
261.18,603245
261.19,612112
261.2,624417
261.21,638351
261.22,651002
261.23,663774
261.24,677230
261.25,687619
261.26,694799
261.27,698906
261.28,701897
261.29,707702
261.3,715124
261.31,722793
261.32,730467
261.33,737061
261.34,743009
261.35,750306
261.36,758665
261.37,766343
261.38,774416
261.39,783170
261.4,791693
261.41,799427
261.42,805965
261.43,812958
261.44,819868
261.45,825285
261.46,830338
261.47,835181
261.48,840203
261.49,845665
261.5,849777
261.51,851970
261.52,853572
261.53,855963
261.54,858183
261.55,857504
261.56,854623
261.57,851440
261.58,848612
261.59,846076
261.6,842916
261.61,838200
261.62,833028
261.63,830366
261.64,827519
261.65,820657
261.66,809146
261.67,793374
261.68,775273
261.69,756381
261.7,738647
261.71,722416
261.72,707986
261.73,695015
261.74,681874
261.75,668795
261.76,656014
261.77,643907
261.78,632157
261.79,619726
261.8,607255
261.81,595106
261.82,580116
261.83,561896
261.84,541804
261.85,518079
261.86,493110
261.87,469111
261.88,444578
261.89,419549
261.9,395318
261.91,372146
261.92,349089
261.93,327352
261.94,307745
261.95,290107
261.96,274626
261.97,260927
261.98,249753
261.99,239597
262.0,228844
262.01,218160
262.02,207891
262.03,198303
262.04,188926
262.05,180594
262.06,174192
262.07,169947
262.08,166913
262.09,162369
262.1,156610
262.11,150585
262.12,144451
262.13,137210
262.14,126651
262.15,112309
262.16,94808
262.17,75324
262.18,53491
262.19,29377
262.2,4066
262.21,-21743
262.22,-46753
262.23,-70434
262.24,-91835
262.25,-111236
262.26,-129710
262.27,-146430
262.28,-161162
262.29,-173638
262.3,-184551
262.31,-194814
262.32,-203681
262.33,-212530
262.34,-222526
262.35,-233981
262.36,-247506
262.37,-261732
262.38,-274943
262.39,-287938
262.4,-301612
262.41,-313404
262.42,-323674
262.43,-334778
262.44,-346024
262.45,-358086
262.46,-371715
262.47,-385757
262.48,-399512
262.49,-413216
262.5,-426888
262.51,-440694
262.52,-455236
262.53,-469816
262.54,-483102
262.55,-496452
262.56,-512307
262.57,-529218
262.58,-544670
262.59,-558887
262.6,-572635
262.61,-586272
262.62,-599951
262.63,-612098
262.64,-621950
262.65,-630494
262.66,-637703
262.67,-644353
262.68,-650704
262.69,-655673
262.7,-660422
262.71,-665911
262.72,-670480
262.73,-673355
262.74,-676075
262.75,-680134
262.76,-685530
262.77,-692560
262.78,-701948
262.79,-712376
262.8,-722575
262.81,-732738
262.82,-744093
262.83,-757437
262.84,-771597
262.85,-785763
262.86,-798730
262.87,-810482
262.88,-822496
262.89,-834260
262.9,-845834
262.91,-858334
262.92,-872494
262.93,-887899
262.94,-902061
262.95,-912579
262.96,-920341
262.97,-927690
262.98,-934545
262.99,-939596
263.0,-940132
263.01,-935588
263.02,-928650
263.03,-919163
263.04,-907292
263.05,-896077
263.06,-887902
263.07,-882177
263.08,-878317
263.09,-877065
263.1,-877635
263.11,-879166
263.12,-882699
263.13,-890161
263.14,-900750
263.15,-913341
263.16,-927558
263.17,-941318
263.18,-953060
263.19,-961278
263.2,-965201
263.21,-967112
263.22,-968426
263.23,-968131
263.24,-965612
263.25,-960558
263.26,-953856
263.27,-946681
263.28,-939510
263.29,-932543
263.3,-925509
263.31,-918374
263.32,-910465
263.33,-900292
263.34,-887194
263.35,-871878
263.36,-854550
263.37,-837274
263.38,-823348
263.39,-812493
263.4,-803299
263.41,-796034
263.42,-790311
263.43,-783379
263.44,-775415
263.45,-767825
263.46,-759671
263.47,-751067
263.48,-741882
263.49,-731675
263.5,-720428
263.51,-709476
263.52,-698502
263.53,-685899
263.54,-672660
263.55,-658453
263.56,-643558
263.57,-627795
263.58,-610774
263.59,-593883
263.6,-576034
263.61,-558200
263.62,-542625
263.63,-529622
263.64,-518751
263.65,-510035
263.66,-503715
263.67,-498546
263.68,-494917
263.69,-492487
263.7,-489758
263.71,-486180
263.72,-480896
263.73,-473359
263.74,-463808
263.75,-452686
263.76,-440935
263.77,-430270
263.78,-421214
263.79,-414525
263.8,-409248
263.81,-403107
263.82,-396908
263.83,-391178
263.84,-384111
263.85,-376439
263.86,-370096
263.87,-364644
263.88,-361144
263.89,-360044
263.9,-361119
263.91,-363192
263.92,-363866
263.93,-362949
263.94,-360847
263.95,-357465
263.96,-353697
263.97,-352481
263.98,-352932
263.99,-353212
264.0,-353544
264.01,-353987
264.02,-354309
264.03,-353204
264.04,-351655
264.05,-349346
264.06,-346215
264.07,-344183
264.08,-343097
264.09,-339751
264.1,-332718
264.11,-325976
264.12,-319282
264.13,-311435
264.14,-304318
264.15,-297539
264.16,-289850
264.17,-281586
264.18,-275165
264.19,-269622
264.2,-262808
264.21,-257318
264.22,-256313
264.23,-257587
264.24,-258161
264.25,-259952
264.26,-264157
264.27,-268434
264.28,-271186
264.29,-273299
264.3,-273606
264.31,-272573
264.32,-271882
264.33,-269184
264.34,-262734
264.35,-252031
264.36,-237628
264.37,-219738
264.38,-200723
264.39,-183038
264.4,-166119
264.41,-150214
264.42,-134858
264.43,-121006
264.44,-108822
264.45,-97377
264.46,-85427
264.47,-70891
264.48,-55448
264.49,-40869
264.5,-27634
264.51,-16789
264.52,-8015
264.53,-85
264.54,7485
264.55,16984
264.56,29643
264.57,42917
264.58,55714
264.59,67643
264.6,78069
264.61,87464
264.62,97758
264.63,111025
264.64,127695
264.65,146016
264.66,164344
264.67,182568
264.68,200508
264.69,218617
264.7,235696
264.71,251639
264.72,268524
264.73,285629
264.74,300694
264.75,312208
264.76,321055
264.77,328365
264.78,335072
264.79,342405
264.8,350103
264.81,358497
264.82,367409
264.83,375963
264.84,383572
264.85,390355
264.86,397843
264.87,407133
264.88,418126
264.89,429692
264.9,440676
264.91,450486
264.92,459690
264.93,468601
264.94,475777
264.95,480155
264.96,482474
264.97,484310
264.98,487560
264.99,493072
265.0,501201
265.01,513442
265.02,529496
265.03,547571
265.04,565917
265.05,582991
265.06,598371
265.07,611690
265.08,621760
265.09,629239
265.1,636394
265.11,642641
265.12,647068
265.13,650608
265.14,652976
265.15,652438
265.16,649342
265.17,645789
265.18,643156
265.19,642067
265.2,641464
265.21,642665
265.22,646384
265.23,651044
265.24,656572
265.25,660205
265.26,661498
265.27,662874
265.28,665011
265.29,667695
265.3,669615
265.31,671599
265.32,675723
265.33,683454
265.34,694813
265.35,709033
265.36,725268
265.37,741507
265.38,757827
265.39,774371
265.4,790032
265.41,805002
265.42,819761
265.43,834333
265.44,848971
265.45,863606
265.46,877860
265.47,891716
265.48,903787
265.49,914299
265.5,924742
265.51,934939
265.52,944769
265.53,955264
265.54,966317
265.55,974930
265.56,979647
265.57,981124
265.58,980007
265.59,976346
265.6,972532
265.61,970134
265.62,968365
265.63,970147
265.64,974793
265.65,979372
265.66,984339
265.67,990627
265.68,998427
265.69,1007093
265.7,1017197
265.71,1027803
265.72,1037728
265.73,1046088
265.74,1052837
265.75,1059069
265.76,1063892
265.77,1068166
265.78,1072963
265.79,1077412
265.8,1081545
265.81,1085269
265.82,1087429
265.83,1087916
265.84,1087355
265.85,1085943
265.86,1082830
265.87,1077628
265.88,1072114
265.89,1067575
265.9,1063334
265.91,1057412
265.92,1050051
265.93,1042164
265.94,1032674
265.95,1022010
265.96,1011539
265.97,1001643
265.98,992065
265.99,982447
266.0,971897
266.01,960437
266.02,949017
266.03,937787
266.04,927639
266.05,918374
266.06,910443
266.07,904464
266.08,900573
266.09,899647
266.1,899032
266.11,897309
266.12,894193
266.13,887811
266.14,878478
266.15,868879
266.16,860235
266.17,851482
266.18,841664
266.19,829520
266.2,816133
266.21,803349
266.22,792742
266.23,784137
266.24,775654
266.25,767052
266.26,757000
266.27,745420
266.28,732709
266.29,721189
266.3,714041
266.31,709979
266.32,707499
266.33,705752
266.34,704009
266.35,700890
266.36,696511
266.37,691004
266.38,683689
266.39,676567
266.4,671096
266.41,667512
266.42,664206
266.43,659485
266.44,652182
266.45,642068
266.46,630872
266.47,621113
266.48,614577
266.49,609817
266.5,606969
266.51,606200
266.52,605371
266.53,603045
266.54,598918
266.55,594096
266.56,588583
266.57,581180
266.58,571987
266.59,561396
266.6,548490
266.61,534370
266.62,519535
266.63,504747
266.64,493605
266.65,486285
266.66,482131
266.67,481291
266.68,483057
266.69,486637
266.7,491714
266.71,497465
266.72,502415
266.73,505870
266.74,507708
266.75,508738
266.76,508649
266.77,507462
266.78,504830
266.79,500293
266.8,494549
266.81,487942
266.82,481941
266.83,478541
266.84,478182
266.85,477274
266.86,474397
266.87,469675
266.88,462357
266.89,455055
266.9,449157
266.91,444143
266.92,439620
266.93,435525
266.94,431541
266.95,428042
266.96,425240
266.97,423256
266.98,420764
266.99,416085
267.0,412635
267.01,411504
267.02,410741
267.03,408535
267.04,404463
267.05,400558
267.06,398001
267.07,396984
267.08,395798
267.09,395430
267.1,397089
267.11,399348
267.12,402926
267.13,406991
267.14,410291
267.15,413243
267.16,415126
267.17,416239
267.18,417248
267.19,417386
267.2,416476
267.21,412589
267.22,406051
267.23,399681
267.24,393158
267.25,387006
267.26,381371
267.27,376782
267.28,373071
267.29,370034
267.3,368659
267.31,366510
267.32,362142
267.33,354208
267.34,343835
267.35,333239
267.36,322237
267.37,312804
267.38,304422
267.39,296408
267.4,289288
267.41,282019
267.42,273922
267.43,263711
267.44,251389
267.45,237655
267.46,222055
267.47,204673
267.48,186452
267.49,168775
267.5,152138
267.51,136857
267.52,123166
267.53,108758
267.54,93145
267.55,77335
267.56,60203
267.57,43402
267.58,29221
267.59,17088
267.6,7118
267.61,408
267.62,-3899
267.63,-7770
267.64,-11607
267.65,-15999
267.66,-22694
267.67,-31324
267.68,-39451
267.69,-47578
267.7,-56438
267.71,-65597
267.72,-76133
267.73,-87137
267.74,-99061
267.75,-112929
267.76,-126396
267.77,-137305
267.78,-146121
267.79,-154080
267.8,-159495
267.81,-164874
267.82,-172309
267.83,-180277
267.84,-192118
267.85,-207202
267.86,-222647
267.87,-238286
267.88,-254655
267.89,-272929
267.9,-293347
267.91,-315646
267.92,-337820
267.93,-358959
267.94,-378091
267.95,-394724
267.96,-410207
267.97,-425100
267.98,-440909
267.99,-458661
268.0,-476359
268.01,-491531
268.02,-503870
268.03,-514118
268.04,-524135
268.05,-533824
268.06,-543155
268.07,-553338
268.08,-562537
268.09,-571088
268.1,-580504
268.11,-590777
268.12,-601778
268.13,-614531
268.14,-631051
268.15,-650593
268.16,-671404
268.17,-691636
268.18,-710284
268.19,-727706
268.2,-744247
268.21,-760583
268.22,-777492
268.23,-794731
268.24,-810374
268.25,-823328
268.26,-833212
268.27,-840973
268.28,-849141
268.29,-858051
268.3,-866356
268.31,-875421
268.32,-886422
268.33,-898520
268.34,-911250
268.35,-923474
268.36,-937374
268.37,-953785
268.38,-972056
268.39,-993479
268.4,-1015805
268.41,-1037466
268.42,-1057381
268.43,-1074350
268.44,-1089394
268.45,-1104193
268.46,-1119465
268.47,-1133998
268.48,-1146058
268.49,-1154338
268.5,-1159312
268.51,-1161732
268.52,-1162576
268.53,-1163952
268.54,-1167073
268.55,-1172540
268.56,-1180948
268.57,-1191429
268.58,-1204109
268.59,-1218254
268.6,-1230726
268.61,-1242558
268.62,-1254858
268.63,-1267731
268.64,-1282380
268.65,-1296543
268.66,-1306420
268.67,-1310548
268.68,-1309778
268.69,-1305470
268.7,-1298556
268.71,-1288740
268.72,-1278443
268.73,-1269155
268.74,-1261515
268.75,-1258422
268.76,-1256767
268.77,-1255864
268.78,-1255498
268.79,-1253394
268.8,-1253168
268.81,-1254319
268.82,-1255377
268.83,-1257747
268.84,-1259406
268.85,-1260726
268.86,-1262979
268.87,-1262122
268.88,-1259298
268.89,-1254837
268.9,-1245063
268.91,-1234388
268.92,-1222751
268.93,-1208672
268.94,-1195047
268.95,-1181534
268.96,-1168740
268.97,-1155952
268.98,-1143531
268.99,-1132851
269.0,-1123110
269.01,-1114278
269.02,-1105723
269.03,-1094805
269.04,-1079618
269.05,-1064061
269.06,-1049069
269.07,-1032282
269.08,-1016736
269.09,-1003583
269.1,-990876
269.11,-978273
269.12,-966450
269.13,-954691
269.14,-941225
269.15,-926272
269.16,-910028
269.17,-891658
269.18,-873894
269.19,-858240
269.2,-844627
269.21,-833022
269.22,-820137
269.23,-806869
269.24,-793564
269.25,-779249
269.26,-763593
269.27,-744934
269.28,-726571
269.29,-710464
269.3,-695582
269.31,-679544
269.32,-659517
269.33,-636040
269.34,-610253
269.35,-583256
269.36,-558097
269.37,-537204
269.38,-520254
269.39,-506617
269.4,-494159
269.41,-482097
269.42,-471924
269.43,-462209
269.44,-450584
269.45,-437146
269.46,-422628
269.47,-406822
269.48,-390333
269.49,-374652
269.5,-362012
269.51,-352278
269.52,-343214
269.53,-335280
269.54,-327820
269.55,-317478
269.56,-303159
269.57,-286392
269.58,-267981
269.59,-248036
269.6,-228019
269.61,-210380
269.62,-195826
269.63,-182788
269.64,-169603
269.65,-155267
269.66,-141685
269.67,-130279
269.68,-119072
269.69,-106587
269.7,-91972
269.71,-74924
269.72,-56665
269.73,-38563
269.74,-19635
269.75,-400
269.76,17330
269.77,33646
269.78,48636
269.79,62135
269.8,73778
269.81,86825
269.82,102710
269.83,118383
269.84,131490
269.85,139499
269.86,142145
269.87,141377
269.88,140850
269.89,141684
269.9,141162
269.91,139399
269.92,137693
269.93,135150
269.94,130484
269.95,124216
269.96,117910
269.97,113394
269.98,111873
269.99,112090
270.0,113441
270.01,117117
270.02,121557
270.03,125531
270.04,129173
270.05,130825
270.06,131638
270.07,133287
270.08,133967
270.09,132220
270.1,127764
270.11,121551
270.12,115361
270.13,110721
270.14,107795
270.15,105276
270.16,101279
270.17,93854
270.18,83798
270.19,72504
270.2,61379
270.21,51285
270.22,40819
270.23,29775
270.24,19000
270.25,9763
270.26,2438
270.27,-4664
270.28,-12687
270.29,-19441
270.3,-23867
270.31,-29480
270.32,-37797
270.33,-48262
270.34,-61530
270.35,-76633
270.36,-91558
270.37,-106280
270.38,-119944
270.39,-130777
270.4,-138603
270.41,-144027
270.42,-149390
270.43,-156057
270.44,-161990
270.45,-166711
270.46,-172286
270.47,-179134
270.48,-187236
270.49,-195953
270.5,-203132
270.51,-207673
270.52,-209293
270.53,-208742
270.54,-208052
270.55,-210181
270.56,-216208
270.57,-225753
270.58,-238842
270.59,-254205
270.6,-271165
270.61,-288925
270.62,-307310
270.63,-326685
270.64,-345756
270.65,-363459
270.66,-378705
270.67,-390691
270.68,-398168
270.69,-401151
270.7,-402712
270.71,-404573
270.72,-407299
270.73,-412252
270.74,-417767
270.75,-420350
270.76,-420208
270.77,-417875
270.78,-413923
270.79,-410999
270.8,-409757
270.81,-408811
270.82,-407519
270.83,-405445
270.84,-400130
270.85,-391377
270.86,-381328
270.87,-370458
270.88,-359419
270.89,-348594
270.9,-338578
270.91,-332302
270.92,-330005
270.93,-328248
270.94,-327539
270.95,-326972
270.96,-325155
270.97,-322836
270.98,-317080
270.99,-310022
271.0,-304013
271.01,-298244
271.02,-294549
271.03,-291440
271.04,-286207
271.05,-278973
271.06,-269332
271.07,-257617
271.08,-248505
271.09,-242220
271.1,-235484
271.11,-228253
271.12,-219590
271.13,-209578
271.14,-198298
271.15,-183038
271.16,-163681
271.17,-144054
271.18,-124708
271.19,-105420
271.2,-86362
271.21,-66857
271.22,-50100
271.23,-37139
271.24,-28106
271.25,-22604
271.26,-17510
271.27,-13307
271.28,-12239
271.29,-13994
271.3,-17753
271.31,-25419
271.32,-36646
271.33,-49030
271.34,-59985
271.35,-65685
271.36,-66737
271.37,-66552
271.38,-65592
271.39,-62980
271.4,-59416
271.41,-55217
271.42,-50276
271.43,-43772
271.44,-33579
271.45,-19282
271.46,-2369
271.47,14682
271.48,30053
271.49,42564
271.5,52192
271.51,60808
271.52,70365
271.53,82323
271.54,96405
271.55,110844
271.56,124337
271.57,135997
271.58,144090
271.59,147410
271.6,145205
271.61,138678
271.62,129863
271.63,118856
271.64,105700
271.65,89339
271.66,71341
271.67,52481
271.68,32967
271.69,16103
271.7,2908
271.71,-4661
271.72,-5140
271.73,891
271.74,11072
271.75,23574
271.76,38732
271.77,54285
271.78,67764
271.79,79046
271.8,89305
271.81,99544
271.82,110825
271.83,121409
271.84,129878
271.85,139116
271.86,150400
271.87,163657
271.88,178248
271.89,192574
271.9,205928
271.91,216322
271.92,220884
271.93,221145
271.94,219126
271.95,215615
271.96,212841
271.97,210492
271.98,209606
271.99,211315
272.0,213396
272.01,215439
272.02,217753
272.03,220824
272.04,225973
272.05,232661
272.06,240179
272.07,249275
272.08,259656
272.09,272957
272.1,288619
272.11,300304
272.12,307463
272.13,313302
272.14,317180
272.15,319655
272.16,324339
272.17,331519
272.18,339580
272.19,348981
272.2,359152
272.21,370217
272.22,383866
272.23,399938
272.24,415986
272.25,430897
272.26,443831
272.27,453772
272.28,461503
272.29,468163
272.3,474655
272.31,480488
272.32,485549
272.33,489111
272.34,491696
272.35,495165
272.36,498223
272.37,500642
272.38,504019
272.39,509172
272.4,514843
272.41,521046
272.42,528246
272.43,536249
272.44,546771
272.45,558396
272.46,570174
272.47,582783
272.48,595426
272.49,606822
272.5,615848
272.51,622702
272.52,627697
272.53,631698
272.54,634098
272.55,635421
272.56,636190
272.57,635247
272.58,635083
272.59,636808
272.6,639473
272.61,643131
272.62,647098
272.63,651028
272.64,655937
272.65,662514
272.66,671736
272.67,683292
272.68,696305
272.69,713849
272.7,735101
272.71,757236
272.72,779985
272.73,800899
272.74,818888
272.75,834670
272.76,847713
272.77,857597
272.78,864690
272.79,868140
272.8,870124
272.81,873297
272.82,876798
272.83,881846
272.84,889369
272.85,897674
272.86,903526
272.87,907441
272.88,910451
272.89,912508
272.9,916335
272.91,920190
272.92,923759
272.93,927596
272.94,929164
272.95,929071
272.96,929177
272.97,929430
272.98,927725
272.99,924348
273.0,920973
273.01,917440
273.02,914741
273.03,915599
273.04,919440
273.05,923521
273.06,928466
273.07,935319
273.08,942953
273.09,950629
273.1,957431
273.11,961045
273.12,963659
273.13,969550
273.14,977873
273.15,985335
273.16,988977
273.17,988265
273.18,982879
273.19,973326
273.2,962015
273.21,948954
273.22,933509
273.23,916063
273.24,898189
273.25,879699
273.26,859132
273.27,836450
273.28,811834
273.29,786268
273.3,761382
273.31,738875
273.32,717356
273.33,694828
273.34,670148
273.35,643390
273.36,617226
273.37,593131
273.38,572167
273.39,554389
273.4,538761
273.41,523398
273.42,506427
273.43,487824
273.44,466959
273.45,441984
273.46,413449
273.47,385617
273.48,360850
273.49,337981
273.5,314660
273.51,290356
273.52,263573
273.53,230725
273.54,194393
273.55,159422
273.56,128577
273.57,102800
273.58,80364
273.59,59522
273.6,38681
273.61,16323
273.62,-7469
273.63,-30940
273.64,-53958
273.65,-75733
273.66,-96106
273.67,-115883
273.68,-133965
273.69,-151126
273.7,-167525
273.71,-183932
273.72,-201124
273.73,-218816
273.74,-237664
273.75,-256211
273.76,-273674
273.77,-291087
273.78,-308502
273.79,-324456
273.8,-337483
273.81,-347196
273.82,-356199
273.83,-366264
273.84,-376269
273.85,-387587
273.86,-401610
273.87,-418794
273.88,-438399
273.89,-458293
273.9,-477756
273.91,-496722
273.92,-515312
273.93,-534927
273.94,-555962
273.95,-576818
273.96,-597797
273.97,-617626
273.98,-633521
273.99,-644608
274.0,-651064
274.01,-653747
274.02,-653059
274.03,-650990
274.04,-649421
274.05,-649135
274.06,-651448
274.07,-656938
274.08,-663327
274.09,-668543
274.1,-673174
274.11,-677725
274.12,-683191
274.13,-688643
274.14,-691833
274.15,-691641
274.16,-687281
274.17,-679247
274.18,-669882
274.19,-662121
274.2,-657372
274.21,-654834
274.22,-653029
274.23,-651344
274.24,-647850
274.25,-641554
274.26,-634429
274.27,-628628
274.28,-625079
274.29,-624261
274.3,-626354
274.31,-628727
274.32,-629249
274.33,-626937
274.34,-622626
274.35,-618929
274.36,-615799
274.37,-613524
274.38,-611045
274.39,-607109
274.4,-600510
274.41,-589403
274.42,-575527
274.43,-559823
274.44,-542628
274.45,-524324
274.46,-505830
274.47,-488718
274.48,-473991
274.49,-463220
274.5,-457128
274.51,-456497
274.52,-461433
274.53,-470497
274.54,-480108
274.55,-487962
274.56,-493721
274.57,-496983
274.58,-498278
274.59,-497628
274.6,-495418
274.61,-490898
274.62,-485123
274.63,-481180
274.64,-478618
274.65,-475917
274.66,-473758
274.67,-472011
274.68,-468759
274.69,-464206
274.7,-458442
274.71,-451154
274.72,-442626
274.73,-433830
274.74,-425849
274.75,-418693
274.76,-413793
274.77,-411359
274.78,-409986
274.79,-409320
274.8,-409282
274.81,-408871
274.82,-407921
274.83,-407211
274.84,-407622
274.85,-410846
274.86,-416725
274.87,-423878
274.88,-430876
274.89,-437610
274.9,-442954
274.91,-443143
274.92,-438208
274.93,-430378
274.94,-420689
274.95,-409126
274.96,-398471
274.97,-392187
274.98,-388183
274.99,-386267
275.0,-386230
275.01,-385021
275.02,-381993
275.03,-377805
275.04,-374612
275.05,-373280
275.06,-373074
275.07,-374079
275.08,-376652
275.09,-380507
275.1,-384652
275.11,-388485
275.12,-391263
275.13,-394214
275.14,-399532
275.15,-406504
275.16,-413725
275.17,-420725
275.18,-425832
275.19,-428950
275.2,-431225
275.21,-431660
275.22,-431216
275.23,-431929
275.24,-434355
275.25,-438055
275.26,-441866
275.27,-443781
275.28,-442728
275.29,-440980
275.3,-438588
275.31,-434523
275.32,-430565
275.33,-427937
275.34,-426211
275.35,-424178
275.36,-421545
275.37,-419161
275.38,-418014
275.39,-418455
275.4,-418844
275.41,-416910
275.42,-413889
275.43,-411973
275.44,-411493
275.45,-411584
275.46,-411999
275.47,-413787
275.48,-414256
275.49,-412512
275.5,-411311
275.51,-410871
275.52,-409806
275.53,-408328
275.54,-409152
275.55,-410860
275.56,-409712
275.57,-405557
275.58,-400465
275.59,-395982
275.6,-392267
275.61,-388488
275.62,-384293
275.63,-381218
275.64,-379091
275.65,-377508
275.66,-375837
275.67,-373027
275.68,-370162
275.69,-367488
275.7,-364786
275.71,-361487
275.72,-356881
275.73,-351747
275.74,-346159
275.75,-339613
275.76,-331985
275.77,-322986
275.78,-311829
275.79,-297674
275.8,-281658
275.81,-264415
275.82,-246261
275.83,-228533
275.84,-211387
275.85,-196973
275.86,-186795
275.87,-178914
275.88,-172195
275.89,-166692
275.9,-162684
275.91,-158686
275.92,-153940
275.93,-149835
275.94,-146252
275.95,-143167
275.96,-140818
275.97,-139359
275.98,-138344
275.99,-136333
276.0,-132384
276.01,-126681
276.02,-120220
276.03,-112889
276.04,-104205
276.05,-94265
276.06,-83718
276.07,-70987
276.08,-55480
276.09,-39308
276.1,-23512
276.11,-9640
276.12,2682
276.13,12999
276.14,21445
276.15,30136
276.16,37650
276.17,43548
276.18,48475
276.19,52382
276.2,55693
276.21,59622
276.22,65138
276.23,72842
276.24,84334
276.25,98702
276.26,112654
276.27,124218
276.28,133942
276.29,141207
276.3,144787
276.31,146380
276.32,148215
276.33,152138
276.34,158147
276.35,165158
276.36,172725
276.37,180173
276.38,187936
276.39,196992
276.4,206695
276.41,217274
276.42,228639
276.43,238848
276.44,248637
276.45,256716
276.46,260836
276.47,262072
276.48,261413
276.49,261624
276.5,263636
276.51,265906
276.52,268623
276.53,272433
276.54,276425
276.55,279541
276.56,282876
276.57,287896
276.58,294443
276.59,301715
276.6,311324
276.61,323476
276.62,337178
276.63,351660
276.64,364441
276.65,374931
276.66,383878
276.67,392547
276.68,400108
276.69,405547
276.7,410889
276.71,417524
276.72,425695
276.73,434314
276.74,442438
276.75,449596
276.76,455907
276.77,463131
276.78,471008
276.79,476997
276.8,481734
276.81,487263
276.82,492639
276.83,497998
276.84,504305
276.85,510719
276.86,517160
276.87,524643
276.88,531806
276.89,536198
276.9,538779
276.91,540102
276.92,539467
276.93,537864
276.94,535888
276.95,535304
276.96,538982
276.97,547413
276.98,558687
276.99,570687
277.0,582101
277.01,590784
277.02,596031
277.03,598629
277.04,599916
277.05,600836
277.06,600491
277.07,600103
277.08,599256
277.09,596862
277.1,595075
277.11,595870
277.12,599111
277.13,603449
277.14,609641
277.15,618056
277.16,629444
277.17,643601
277.18,658164
277.19,672908
277.2,686474
277.21,696415
277.22,701212
277.23,702413
277.24,703098
277.25,702452
277.26,700828
277.27,700959
277.28,702271
277.29,702914
277.3,703951
277.31,706827
277.32,710670
277.33,715670
277.34,722329
277.35,729498
277.36,736489
277.37,743491
277.38,750632
277.39,757883
277.4,766508
277.41,775598
277.42,783677
277.43,790842
277.44,796064
277.45,799967
277.46,801677
277.47,801421
277.48,803097
277.49,807967
277.5,816849
277.51,830908
277.52,849342
277.53,870435
277.54,891877
277.55,910268
277.56,922509
277.57,928693
277.58,931577
277.59,931968
277.6,929929
277.61,928959
277.62,930808
277.63,933343
277.64,937333
277.65,944969
277.66,953836
277.67,962279
277.68,971836
277.69,981741
277.7,990600
277.71,998565
277.72,1005998
277.73,1012368
277.74,1015955
277.75,1016486
277.76,1015272
277.77,1013156
277.78,1011209
277.79,1010682
277.8,1011396
277.81,1013284
277.82,1017349
277.83,1021675
277.84,1025594
277.85,1030533
277.86,1035549
277.87,1040291
277.88,1044532
277.89,1048534
277.9,1050064
277.91,1048406
277.92,1047371
277.93,1048108
277.94,1050489
277.95,1053871
277.96,1058395
277.97,1062980
277.98,1066317
277.99,1068552
278.0,1068455
278.01,1068019
278.02,1069372
278.03,1071559
278.04,1073714
278.05,1075617
278.06,1078336
278.07,1081870
278.08,1083777
278.09,1082389
278.1,1077164
278.11,1068134
278.12,1057410
278.13,1047291
278.14,1038176
278.15,1030967
278.16,1027643
278.17,1027449
278.18,1028066
278.19,1028515
278.2,1027604
278.21,1023864
278.22,1016843
278.23,1007323
278.24,995790
278.25,982652
278.26,968703
278.27,953842
278.28,939424
278.29,926519
278.3,914376
278.31,904712
278.32,899204
278.33,896885
278.34,897749
278.35,902354
278.36,909352
278.37,916248
278.38,921728
278.39,924254
278.4,922956
278.41,919043
278.42,911688
278.43,901388
278.44,889828
278.45,877579
278.46,865472
278.47,854588
278.48,845722
278.49,837526
278.5,830014
278.51,822801
278.52,815104
278.53,808479
278.54,802757
278.55,796265
278.56,790037
278.57,787097
278.58,786609
278.59,785506
278.6,783596
278.61,781696
278.62,779026
278.63,772984
278.64,761978
278.65,746750
278.66,726428
278.67,701794
278.68,673952
278.69,643046
278.7,612170
278.71,582169
278.72,554590
278.73,531467
278.74,511974
278.75,495255
278.76,480373
278.77,467042
278.78,455418
278.79,444860
278.8,433763
278.81,422364
278.82,411101
278.83,398952
278.84,385471
278.85,370692
278.86,354764
278.87,337346
278.88,318689
278.89,298505
278.9,276235
278.91,253369
278.92,231338
278.93,210185
278.94,189335
278.95,170046
278.96,154151
278.97,140161
278.98,126782
278.99,112893
279.0,95989
279.01,75522
279.02,51740
279.03,25743
279.04,126
279.05,-24064
279.06,-49140
279.07,-76692
279.08,-105340
279.09,-134702
279.1,-165399
279.11,-197526
279.12,-229274
279.13,-257514
279.14,-282055
279.15,-303557
279.16,-321856
279.17,-338526
279.18,-354022
279.19,-368593
279.2,-383177
279.21,-397255
279.22,-411807
279.23,-426761
279.24,-440795
279.25,-454162
279.26,-467215
279.27,-480084
279.28,-491716
279.29,-502024
279.3,-511181
279.31,-520146
279.32,-530881
279.33,-542723
279.34,-555837
279.35,-572129
279.36,-592285
279.37,-615317
279.38,-640592
279.39,-667567
279.4,-695209
279.41,-721639
279.42,-744367
279.43,-764141
279.44,-781122
279.45,-794298
279.46,-805897
279.47,-817345
279.48,-827268
279.49,-835056
279.5,-841050
279.51,-844082
279.52,-845234
279.53,-847248
279.54,-849634
279.55,-853295
279.56,-860747
279.57,-870753
279.58,-881346
279.59,-893296
279.6,-907712
279.61,-924272
279.62,-941922
279.63,-959653
279.64,-976187
279.65,-991065
279.66,-1004179
279.67,-1014347
279.68,-1021888
279.69,-1027383
279.7,-1028993
279.71,-1027701
279.72,-1025811
279.73,-1022520
279.74,-1018733
279.75,-1015541
279.76,-1011567
279.77,-1006167
279.78,-999634
279.79,-991473
279.8,-981876
279.81,-973110
279.82,-967761
279.83,-966345
279.84,-967959
279.85,-972584
279.86,-980558
279.87,-990737
279.88,-1000373
279.89,-1008822
279.9,-1016699
279.91,-1023763
279.92,-1030519
279.93,-1037885
279.94,-1046132
279.95,-1054189
279.96,-1060748
279.97,-1065013
279.98,-1068407
279.99,-1072464
280.0,-1077579
280.01,-1084537
280.02,-1092558
280.03,-1102320
280.04,-1113003
280.05,-1121430
280.06,-1127734
280.07,-1131759
280.08,-1133608
280.09,-1135062
280.1,-1137011
280.11,-1139084
280.12,-1140409
280.13,-1140877
280.14,-1140362
280.15,-1139290
280.16,-1139341
280.17,-1141772
280.18,-1146210
280.19,-1151977
280.2,-1158668
280.21,-1165788
280.22,-1172390
280.23,-1177473
280.24,-1181126
280.25,-1183236
280.26,-1185149
280.27,-1188095
280.28,-1191396
280.29,-1195801
280.3,-1201127
280.31,-1205855
280.32,-1209655
280.33,-1212805
280.34,-1215521
280.35,-1216634
280.36,-1215722
280.37,-1213632
280.38,-1209391
280.39,-1203785
280.4,-1199795
280.41,-1198089
280.42,-1198146
280.43,-1200440
280.44,-1205535
280.45,-1212622
280.46,-1220608
280.47,-1229396
280.48,-1239281
280.49,-1249498
280.5,-1258265
280.51,-1264639
280.52,-1268940
280.53,-1271318
280.54,-1271095
280.55,-1267290
280.56,-1260070
280.57,-1251841
280.58,-1243116
280.59,-1233646
280.6,-1226589
280.61,-1222892
280.62,-1220962
280.63,-1220458
280.64,-1221790
280.65,-1223562
280.66,-1223271
280.67,-1221266
280.68,-1217929
280.69,-1213082
280.7,-1206744
280.71,-1199676
280.72,-1193613
280.73,-1187772
280.74,-1181387
280.75,-1175320
280.76,-1169931
280.77,-1164923
280.78,-1160303
280.79,-1155673
280.8,-1149620
280.81,-1141322
280.82,-1131560
280.83,-1122327
280.84,-1113651
280.85,-1103904
280.86,-1092247
280.87,-1078474
280.88,-1063761
280.89,-1049882
280.9,-1036512
280.91,-1022535
280.92,-1008315
280.93,-992839
280.94,-975592
280.95,-958290
280.96,-941244
280.97,-924584
280.98,-907768
280.99,-889833
281.0,-871123
281.01,-852336
281.02,-835234
281.03,-821353
281.04,-811446
281.05,-806301
281.06,-805164
281.07,-804983
281.08,-803246
281.09,-798820
281.1,-789700
281.11,-775797
281.12,-759003
281.13,-739342
281.14,-716885
281.15,-692500
281.16,-666954
281.17,-641205
281.18,-616858
281.19,-595722
281.2,-577408
281.21,-560742
281.22,-546128
281.23,-534026
281.24,-523061
281.25,-513186
281.26,-505181
281.27,-497354
281.28,-489209
281.29,-480845
281.3,-472624
281.31,-465095
281.32,-457948
281.33,-451706
281.34,-446106
281.35,-440872
281.36,-434765
281.37,-426045
281.38,-414819
281.39,-401359
281.4,-386325
281.41,-370138
281.42,-352493
281.43,-333414
281.44,-313404
281.45,-293548
281.46,-273913
281.47,-255703
281.48,-240143
281.49,-225005
281.5,-210479
281.51,-196981
281.52,-182563
281.53,-166758
281.54,-150907
281.55,-135947
281.56,-119816
281.57,-102024
281.58,-82756
281.59,-62168
281.6,-41587
281.61,-19588
281.62,4624
281.63,29867
281.64,54473
281.65,77000
281.66,97941
281.67,116926
281.68,133268
281.69,148037
281.7,161048
281.71,171569
281.72,179826
281.73,187727
281.74,197776
281.75,209884
281.76,222917
281.77,237377
281.78,254820
281.79,274471
281.8,294228
281.81,313174
281.82,332027
281.83,350893
281.84,368131
281.85,383073
281.86,395113
281.87,404697
281.88,412544
281.89,419370
281.9,426437
281.91,432292
281.92,436532
281.93,441199
281.94,447174
281.95,454034
281.96,461193
281.97,468420
281.98,476429
281.99,485303
282.0,494202
282.01,503745
282.02,512738
282.03,520457
282.04,528079
282.05,534760
282.06,540011
282.07,545295
282.08,552825
282.09,562644
282.1,573789
282.11,585730
282.12,597786
282.13,609467
282.14,620089
282.15,629362
282.16,637645
282.17,645335
282.18,653303
282.19,661871
282.2,669558
282.21,676402
282.22,682334
282.23,687320
282.24,691985
282.25,695931
282.26,699503
282.27,704446
282.28,713101
282.29,722638
282.3,731058
282.31,740176
282.32,748194
282.33,755978
282.34,766215
282.35,777211
282.36,786644
282.37,795225
282.38,805217
282.39,815607
282.4,824178
282.41,832760
282.42,842464
282.43,851756
282.44,861003
282.45,869923
282.46,878352
282.47,886172
282.48,892253
282.49,896794
282.5,899395
282.51,900743
282.52,902756
282.53,906096
282.54,908835
282.55,910583
282.56,913951
282.57,918648
282.58,924602
282.59,933160
282.6,943060
282.61,952782
282.62,962355
282.63,970808
282.64,978263
282.65,986083
282.66,992322
282.67,995618
282.68,998380
282.69,1002482
282.7,1006297
282.71,1009298
282.72,1012587
282.73,1016926
282.74,1023702
282.75,1030401
282.76,1034897
282.77,1038470
282.78,1043087
282.79,1049191
282.8,1054488
282.81,1059064
282.82,1062553
282.83,1062584
282.84,1058919
282.85,1054389
282.86,1048899
282.87,1041272
282.88,1032851
282.89,1022144
282.9,1010713
282.91,1001931
282.92,996809
282.93,994365
282.94,994034
282.95,996818
282.96,1000220
282.97,1002040
282.98,1002293
282.99,1001560
283.0,999691
283.01,996639
283.02,992952
283.03,989237
283.04,984535
283.05,976327
283.06,965249
283.07,952963
283.08,941364
283.09,930140
283.1,919373
283.11,910565
283.12,901299
283.13,892066
283.14,884885
283.15,878676
283.16,872121
283.17,866184
283.18,862626
283.19,859751
283.2,855997
283.21,852220
283.22,848223
283.23,841519
283.24,831114
283.25,818185
283.26,803146
283.27,788023
283.28,775268
283.29,764396
283.3,754615
283.31,746474
283.32,739858
283.33,734296
283.34,729700
283.35,726022
283.36,723754
283.37,721531
283.38,718928
283.39,717928
283.4,717944
283.41,718170
283.42,719335
283.43,720689
283.44,721406
283.45,722071
283.46,722428
283.47,720945
283.48,716670
283.49,711370
283.5,706128
283.51,700481
283.52,694944
283.53,690445
283.54,688889
283.55,689598
283.56,690977
283.57,693373
283.58,696606
283.59,698839
283.6,698694
283.61,697954
283.62,698181
283.63,698792
283.64,700257
283.65,702946
283.66,704797
283.67,706599
283.68,708422
283.69,708611
283.7,708127
283.71,707008
283.72,706716
283.73,708380
283.74,711698
283.75,716070
283.76,720421
283.77,725085
283.78,729323
283.79,732796
283.8,735263
283.81,736023
283.82,737225
283.83,738936
283.84,740030
283.85,742292
283.86,744844
283.87,746124
283.88,745317
283.89,742644
283.9,740048
283.91,736192
283.92,732032
283.93,730300
283.94,730864
283.95,732803
283.96,734094
283.97,735642
283.98,737572
283.99,737820
284.0,736531
284.01,734393
284.02,732768
284.03,731020
284.04,728470
284.05,725449
284.06,720271
284.07,713994
284.08,708573
284.09,703344
284.1,699255
284.11,696654
284.12,694352
284.13,691944
284.14,687556
284.15,679510
284.16,667548
284.17,651976
284.18,634310
284.19,617656
284.2,603351
284.21,590289
284.22,578945
284.23,567154
284.24,552776
284.25,537632
284.26,522367
284.27,506511
284.28,490111
284.29,474894
284.3,460809
284.31,446867
284.32,433704
284.33,421389
284.34,408893
284.35,394908
284.36,381482
284.37,368980
284.38,354638
284.39,338277
284.4,321371
284.41,304648
284.42,287925
284.43,271506
284.44,255477
284.45,239642
284.46,223481
284.47,207341
284.48,191194
284.49,174765
284.5,159257
284.51,143710
284.52,126938
284.53,109974
284.54,93632
284.55,76811
284.56,59579
284.57,42464
284.58,25541
284.59,9626
284.6,-5749
284.61,-19184
284.62,-30932
284.63,-42970
284.64,-56232
284.65,-70020
284.66,-82116
284.67,-95119
284.68,-110402
284.69,-127558
284.7,-146181
284.71,-164629
284.72,-182715
284.73,-200018
284.74,-218245
284.75,-237703
284.76,-258194
284.77,-281120
284.78,-306115
284.79,-331940
284.8,-356923
284.81,-380560
284.82,-403728
284.83,-427316
284.84,-448809
284.85,-466987
284.86,-484587
284.87,-501756
284.88,-517569
284.89,-532948
284.9,-548940
284.91,-566225
284.92,-585192
284.93,-605294
284.94,-627068
284.95,-649225
284.96,-669341
284.97,-687437
284.98,-704289
284.99,-722117
285.0,-742418
285.01,-765688
285.02,-790656
285.03,-816308
285.04,-842804
285.05,-868146
285.06,-891768
285.07,-914159
285.08,-935537
285.09,-955875
285.1,-976679
285.11,-1000935
285.12,-1026721
285.13,-1050050
285.14,-1070472
285.15,-1088358
285.16,-1103977
285.17,-1118493
285.18,-1132321
285.19,-1146092
285.2,-1160736
285.21,-1176028
285.22,-1190265
285.23,-1202253
285.24,-1212931
285.25,-1222285
285.26,-1230759
285.27,-1238772
285.28,-1246075
285.29,-1254031
285.3,-1262931
285.31,-1272936
285.32,-1284677
285.33,-1297749
285.34,-1310949
285.35,-1324323
285.36,-1337712
285.37,-1349909
285.38,-1361579
285.39,-1372480
285.4,-1381934
285.41,-1388766
285.42,-1391200
285.43,-1389597
285.44,-1386195
285.45,-1382867
285.46,-1380013
285.47,-1378768
285.48,-1378138
285.49,-1377033
285.5,-1375393
285.51,-1372753
285.52,-1370338
285.53,-1367377
285.54,-1363297
285.55,-1358623
285.56,-1353053
285.57,-1346298
285.58,-1338481
285.59,-1329819
285.6,-1318722
285.61,-1305282
285.62,-1292227
285.63,-1279982
285.64,-1266689
285.65,-1253143
285.66,-1241200
285.67,-1231188
285.68,-1222063
285.69,-1213325
285.7,-1205952
285.71,-1198842
285.72,-1191116
285.73,-1182438
285.74,-1172609
285.75,-1161200
285.76,-1148761
285.77,-1135979
285.78,-1121150
285.79,-1105888
285.8,-1090522
285.81,-1073370
285.82,-1054501
285.83,-1035634
285.84,-1018459
285.85,-1001112
285.86,-984735
285.87,-970842
285.88,-957426
285.89,-942956
285.9,-927386
285.91,-910622
285.92,-892340
285.93,-873738
285.94,-854783
285.95,-834184
285.96,-811363
285.97,-787876
285.98,-763456
285.99,-737136
286.0,-710956
286.01,-685236
286.02,-659565
286.03,-634015
286.04,-609596
286.05,-585891
286.06,-562113
286.07,-539399
286.08,-516723
286.09,-493509
286.1,-469759
286.11,-445810
286.12,-422482
286.13,-398499
286.14,-373675
286.15,-348612
286.16,-322751
286.17,-297496
286.18,-273599
286.19,-248754
286.2,-222739
286.21,-196702
286.22,-171446
286.23,-148265
286.24,-127691
286.25,-109589
286.26,-93886
286.27,-80300
286.28,-66922
286.29,-52585
286.3,-36563
286.31,-19136
286.32,-2141
286.33,16075
286.34,36027
286.35,55504
286.36,74416
286.37,93446
286.38,111670
286.39,128578
286.4,144791
286.41,159721
286.42,174371
286.43,189650
286.44,204933
286.45,220399
286.46,236351
286.47,252775
286.48,268850
286.49,283453
286.5,295508
286.51,306412
286.52,316796
286.53,325386
286.54,332305
286.55,337654
286.56,343424
286.57,350303
286.58,356939
286.59,364197
286.6,372520
286.61,381150
286.62,390672
286.63,400714
286.64,410927
286.65,422510
286.66,433221
286.67,441953
286.68,450655
286.69,459221
286.7,466311
286.71,472420
286.72,477330
286.73,478448
286.74,476924
286.75,475785
286.76,474928
286.77,471026
286.78,464652
286.79,458872
286.8,452293
286.81,445813
286.82,441357
286.83,439016
286.84,438854
286.85,440032
286.86,441731
286.87,444369
286.88,447876
286.89,450532
286.9,454093
286.91,460754
286.92,469337
286.93,478383
286.94,486502
286.95,492053
286.96,493703
286.97,491787
286.98,487229
286.99,481492
287.0,475625
287.01,470038
287.02,464818
287.03,459601
287.04,454690
287.05,449532
287.06,443270
287.07,435587
287.08,427728
287.09,419531
287.1,410890
287.11,403762
287.12,397914
287.13,393435
287.14,389367
287.15,385483
287.16,382533
287.17,379077
287.18,374539
287.19,369154
287.2,364270
287.21,359952
287.22,354882
287.23,348401
287.24,341565
287.25,336047
287.26,331852
287.27,329540
287.28,329082
287.29,329417
287.3,330113
287.31,330702
287.32,329833
287.33,328214
287.34,327418
287.35,327505
287.36,327709
287.37,325908
287.38,323368
287.39,321989
287.4,320949
287.41,319124
287.42,316483
287.43,314072
287.44,311889
287.45,309756
287.46,307001
287.47,304003
287.48,300044
287.49,293940
287.5,285759
287.51,275174
287.52,263683
287.53,252973
287.54,245096
287.55,240064
287.56,236757
287.57,234441
287.58,232082
287.59,228875
287.6,222713
287.61,213915
287.62,204832
287.63,196696
287.64,187575
287.65,178100
287.66,169632
287.67,159849
287.68,149515
287.69,139390
287.7,130650
287.71,123314
287.72,116283
287.73,110404
287.74,104886
287.75,98912
287.76,92083
287.77,84802
287.78,76195
287.79,65576
287.8,53907
287.81,42004
287.82,30457
287.83,18492
287.84,5985
287.85,-6434
287.86,-17418
287.87,-26310
287.88,-32521
287.89,-35642
287.9,-36201
287.91,-34572
287.92,-32080
287.93,-29217
287.94,-25503
287.95,-21098
287.96,-17473
287.97,-14652
287.98,-13066
287.99,-13796
288.0,-16156
288.01,-20278
288.02,-25854
288.03,-32786
288.04,-40543
288.05,-48198
288.06,-55660
288.07,-63001
288.08,-70371
288.09,-77438
288.1,-83504
288.11,-87662
288.12,-90491
288.13,-92715
288.14,-94326
288.15,-95318
288.16,-95295
288.17,-93739
288.18,-90658
288.19,-87070
288.2,-83729
288.21,-80187
288.22,-75225
288.23,-69491
288.24,-63797
288.25,-57248
288.26,-50657
288.27,-45414
288.28,-41283
288.29,-38076
288.3,-36533
288.31,-36616
288.32,-38450
288.33,-41380
288.34,-44016
288.35,-46144
288.36,-46285
288.37,-44976
288.38,-43023
288.39,-39256
288.4,-34332
288.41,-28542
288.42,-20734
288.43,-10329
288.44,192
288.45,8343
288.46,13993
288.47,17409
288.48,17688
288.49,13994
288.5,7999
288.51,786
288.52,-7133
288.53,-15735
288.54,-24930
288.55,-34279
288.56,-43598
288.57,-51625
288.58,-58210
288.59,-62175
288.6,-62693
288.61,-60546
288.62,-54707
288.63,-45346
288.64,-33753
288.65,-20284
288.66,-6643
288.67,5004
288.68,14755
288.69,22987
288.7,30306
288.71,37125
288.72,42676
288.73,46246
288.74,47074
288.75,46633
288.76,45689
288.77,43635
288.78,42625
288.79,44139
288.8,47911
288.81,54180
288.82,61835
288.83,70460
288.84,80911
288.85,91420
288.86,101394
288.87,110927
288.88,119071
288.89,126264
288.9,132635
288.91,138524
288.92,143631
288.93,147401
288.94,149947
288.95,150362
288.96,150174
288.97,151814
288.98,153494
288.99,154515
289.0,156612
289.01,158993
289.02,160823
289.03,162107
289.04,164481
289.05,169739
289.06,176243
289.07,183089
289.08,190412
289.09,198263
289.1,205965
289.11,212977
289.12,220544
289.13,228808
289.14,235899
289.15,240723
289.16,244894
289.17,247595
289.18,247102
289.19,244609
289.2,240024
289.21,232938
289.22,224355
289.23,215149
289.24,206480
289.25,199533
289.26,193633
289.27,188141
289.28,182888
289.29,177482
289.3,172088
289.31,166381
289.32,160588
289.33,156065
289.34,154200
289.35,153409
289.36,151549
289.37,148748
289.38,144603
289.39,139589
289.4,132541
289.41,121924
289.42,109141
289.43,94308
289.44,77467
289.45,59829
289.46,41420
289.47,21911
289.48,2188
289.49,-17200
289.5,-36501
289.51,-55808
289.52,-73937
289.53,-89188
289.54,-102600
289.55,-115267
289.56,-128047
289.57,-141609
289.58,-155595
289.59,-170075
289.6,-183903
289.61,-197561
289.62,-212217
289.63,-227636
289.64,-243721
289.65,-260454
289.66,-276985
289.67,-293466
289.68,-310442
289.69,-326064
289.7,-340693
289.71,-354930
289.72,-369742
289.73,-385764
289.74,-401528
289.75,-417119
289.76,-432413
289.77,-447884
289.78,-463938
289.79,-480933
289.8,-499042
289.81,-517963
289.82,-537041
289.83,-556003
289.84,-575508
289.85,-594506
289.86,-612339
289.87,-629263
289.88,-644871
289.89,-657699
289.9,-668630
289.91,-679993
289.92,-692326
289.93,-706180
289.94,-721846
289.95,-738419
289.96,-754394
289.97,-771281
289.98,-788361
289.99,-803378
290.0,-817360
290.01,-830153
290.02,-841979
290.03,-852363
290.04,-862058
290.05,-872414
290.06,-882679
290.07,-893709
290.08,-906644
290.09,-920104
290.1,-932582
290.11,-946166
290.12,-961125
290.13,-976431
290.14,-992924
290.15,-1010326
290.16,-1026994
290.17,-1042086
290.18,-1056516
290.19,-1069568
290.2,-1080883
290.21,-1090829
290.22,-1099679
290.23,-1108443
290.24,-1117324
290.25,-1125813
290.26,-1132843
290.27,-1137454
290.28,-1139513
290.29,-1139930
290.3,-1137492
290.31,-1132087
290.32,-1126566
290.33,-1121319
290.34,-1114817
290.35,-1107028
290.36,-1099849
290.37,-1092979
290.38,-1086305
290.39,-1081007
290.4,-1078455
290.41,-1079238
290.42,-1080933
290.43,-1083866
290.44,-1088540
290.45,-1093581
290.46,-1098684
290.47,-1104197
290.48,-1110309
290.49,-1115138
290.5,-1118128
290.51,-1120752
290.52,-1123683
290.53,-1124767
290.54,-1123415
290.55,-1121668
290.56,-1117667
290.57,-1110876
290.58,-1103598
290.59,-1096168
290.6,-1088591
290.61,-1081393
290.62,-1075252
290.63,-1070669
290.64,-1067443
290.65,-1064076
290.66,-1058958
290.67,-1052592
290.68,-1045730
290.69,-1037168
290.7,-1027557
290.71,-1017706
290.72,-1007031
290.73,-996616
290.74,-985677
290.75,-973994
290.76,-962072
290.77,-949691
290.78,-937883
290.79,-926455
290.8,-915632
290.81,-906539
290.82,-899466
290.83,-894246
290.84,-891077
290.85,-888676
290.86,-885143
290.87,-880281
290.88,-873822
290.89,-865750
290.9,-857816
290.91,-850705
290.92,-842622
290.93,-833703
290.94,-825323
290.95,-818246
290.96,-811394
290.97,-803578
290.98,-794781
290.99,-783544
291.0,-770061
291.01,-754118
291.02,-735061
291.03,-713682
291.04,-691134
291.05,-668958
291.06,-647253
291.07,-627643
291.08,-610972
291.09,-595824
291.1,-581386
291.11,-568511
291.12,-558445
291.13,-548972
291.14,-539856
291.15,-530708
291.16,-519659
291.17,-506949
291.18,-491457
291.19,-473040
291.2,-451895
291.21,-430170
291.22,-410551
291.23,-391804
291.24,-373676
291.25,-356252
291.26,-337916
291.27,-319163
291.28,-300351
291.29,-279671
291.3,-258758
291.31,-239199
291.32,-218856
291.33,-196492
291.34,-174173
291.35,-152465
291.36,-129409
291.37,-106322
291.38,-83522
291.39,-60188
291.4,-36414
291.41,-12466
291.42,10901
291.43,35422
291.44,61992
291.45,88073
291.46,112272
291.47,135873
291.48,158920
291.49,181106
291.5,201916
291.51,221954
291.52,241580
291.53,259685
291.54,279325
291.55,300160
291.56,319618
291.57,338695
291.58,357912
291.59,377333
291.6,396997
291.61,417539
291.62,439453
291.63,463619
291.64,488623
291.65,513965
291.66,540243
291.67,564735
291.68,587906
291.69,610654
291.7,632307
291.71,652512
291.72,671937
291.73,691752
291.74,710409
291.75,726964
291.76,742650
291.77,758744
291.78,774140
291.79,789077
291.8,804991
291.81,821563
291.82,838768
291.83,856522
291.84,873768
291.85,888625
291.86,902536
291.87,916382
291.88,929398
291.89,943000
291.9,957105
291.91,971297
291.92,985141
291.93,997667
291.94,1009927
291.95,1023126
291.96,1036386
291.97,1050532
291.98,1065602
291.99,1079317
292.0,1092433
292.01,1105121
292.02,1116807
292.03,1128376
292.04,1140155
292.05,1152274
292.06,1164966
292.07,1178040
292.08,1190912
292.09,1202431
292.1,1211714
292.11,1220591
292.12,1230326
292.13,1241455
292.14,1254127
292.15,1267224
292.16,1281743
292.17,1297068
292.18,1311738
292.19,1326221
292.2,1339428
292.21,1349925
292.22,1358451
292.23,1366489
292.24,1374847
292.25,1383815
292.26,1393388
292.27,1402135
292.28,1407772
292.29,1412322
292.3,1417813
292.31,1423145
292.32,1428244
292.33,1432732
292.34,1436762
292.35,1440144
292.36,1442449
292.37,1443096
292.38,1442485
292.39,1443289
292.4,1445554
292.41,1448095
292.42,1450537
292.43,1452769
292.44,1454258
292.45,1455514
292.46,1458196
292.47,1462468
292.48,1468182
292.49,1474844
292.5,1482590
292.51,1490828
292.52,1497967
292.53,1503751
292.54,1507333
292.55,1507302
292.56,1504630
292.57,1501408
292.58,1497767
292.59,1494632
292.6,1492736
292.61,1490960
292.62,1488238
292.63,1484239
292.64,1479722
292.65,1475197
292.66,1472263
292.67,1471494
292.68,1471974
292.69,1473479
292.7,1474896
292.71,1474527
292.72,1472307
292.73,1469217
292.74,1464565
292.75,1458105
292.76,1449514
292.77,1439122
292.78,1427272
292.79,1413841
292.8,1400611
292.81,1387400
292.82,1374224
292.83,1362271
292.84,1351374
292.85,1340784
292.86,1331050
292.87,1322035
292.88,1312239
292.89,1302471
292.9,1293032
292.91,1283503
292.92,1272976
292.93,1260217
292.94,1245778
292.95,1230078
292.96,1213465
292.97,1197902
292.98,1184246
292.99,1172333
293.0,1163102
293.01,1155574
293.02,1149359
293.03,1143281
293.04,1136453
293.05,1131245
293.06,1126350
293.07,1119947
293.08,1111369
293.09,1099991
293.1,1086065
293.11,1069345
293.12,1049915
293.13,1027220
293.14,1001893
293.15,976163
293.16,951980
293.17,928937
293.18,906657
293.19,886333
293.2,867309
293.21,849656
293.22,833727
293.23,819361
293.24,806698
293.25,795468
293.26,785678
293.27,776848
293.28,768557
293.29,760410
293.3,752218
293.31,743360
293.32,732868
293.33,722143
293.34,713162
293.35,705385
293.36,697972
293.37,691333
293.38,684156
293.39,675698
293.4,667025
293.41,657390
293.42,646517
293.43,636155
293.44,626561
293.45,617039
293.46,608190
293.47,599395
293.48,590066
293.49,580124
293.5,570240
293.51,561241
293.52,551361
293.53,540517
293.54,529493
293.55,518399
293.56,507390
293.57,496673
293.58,486665
293.59,477544
293.6,470628
293.61,465573
293.62,460292
293.63,454078
293.64,447561
293.65,441864
293.66,437314
293.67,434015
293.68,432896
293.69,433359
293.7,435451
293.71,438803
293.72,440084
293.73,438624
293.74,434807
293.75,429057
293.76,421937
293.77,414330
293.78,408019
293.79,401870
293.8,396193
293.81,391066
293.82,385013
293.83,378755
293.84,371707
293.85,363842
293.86,356031
293.87,348394
293.88,341113
293.89,333640
293.9,325755
293.91,318009
293.92,310372
293.93,301680
293.94,291659
293.95,280507
293.96,268709
293.97,257281
293.98,245526
293.99,232956
294.0,220625
294.01,208443
294.02,195102
294.03,182891
294.04,174720
294.05,169918
294.06,168410
294.07,170083
294.08,173203
294.09,176496
294.1,180706
294.11,184925
294.12,186950
294.13,187916
294.14,189333
294.15,190557
294.16,190237
294.17,188552
294.18,184178
294.19,176201
294.2,165969
294.21,153062
294.22,138952
294.23,125373
294.24,111693
294.25,98328
294.26,86437
294.27,75501
294.28,65091
294.29,55820
294.3,48723
294.31,44598
294.32,42593
294.33,42487
294.34,43947
294.35,45483
294.36,45207
294.37,42560
294.38,37237
294.39,29087
294.4,18954
294.41,6698
294.42,-6036
294.43,-19462
294.44,-34322
294.45,-49030
294.46,-63234
294.47,-76780
294.48,-90318
294.49,-103880
294.5,-116850
294.51,-127647
294.52,-136100
294.53,-143623
294.54,-150110
294.55,-156710
294.56,-164174
294.57,-172910
294.58,-182024
294.59,-189602
294.6,-196503
294.61,-203971
294.62,-211187
294.63,-218184
294.64,-226683
294.65,-236727
294.66,-248670
294.67,-262920
294.68,-278369
294.69,-293468
294.7,-308482
294.71,-324170
294.72,-339253
294.73,-353691
294.74,-366970
294.75,-378504
294.76,-388256
294.77,-396745
294.78,-405377
294.79,-414308
294.8,-424372
294.81,-435646
294.82,-447553
294.83,-459675
294.84,-472042
294.85,-485603
294.86,-500684
294.87,-517188
294.88,-535036
294.89,-553503
294.9,-571014
294.91,-586838
294.92,-600308
294.93,-612594
294.94,-624957
294.95,-635985
294.96,-645319
294.97,-653155
294.98,-660274
294.99,-666666
295.0,-671161
295.01,-674802
295.02,-678299
295.03,-681707
295.04,-687413
295.05,-696441
295.06,-707211
295.07,-719473
295.08,-731423
295.09,-741803
295.1,-751647
295.11,-760434
295.12,-768601
295.13,-775673
295.14,-781098
295.15,-785821
295.16,-790975
295.17,-797065
295.18,-803747
295.19,-811615
295.2,-819612
295.21,-827383
295.22,-836056
295.23,-845571
295.24,-855201
295.25,-864176
295.26,-872676
295.27,-880418
295.28,-887003
295.29,-893312
295.3,-899408
295.31,-905222
295.32,-912087
295.33,-920181
295.34,-929239
295.35,-939214
295.36,-949946
295.37,-961874
295.38,-974740
295.39,-986592
295.4,-995966
295.41,-1003380
295.42,-1007250
295.43,-1007268
295.44,-1005473
295.45,-1000918
295.46,-993997
295.47,-985702
295.48,-976118
295.49,-966313
295.5,-957097
295.51,-951209
295.52,-950263
295.53,-952941
295.54,-958793
295.55,-967181
295.56,-976327
295.57,-985293
295.58,-993577
295.59,-1000252
295.6,-1005588
295.61,-1010098
295.62,-1013272
295.63,-1014277
295.64,-1013534
295.65,-1012399
295.66,-1011598
295.67,-1011277
295.68,-1010391
295.69,-1008948
295.7,-1007212
295.71,-1004558
295.72,-1001731
295.73,-998927
295.74,-996446
295.75,-995446
295.76,-996394
295.77,-999156
295.78,-1002598
295.79,-1005586
295.8,-1007832
295.81,-1009672
295.82,-1010691
295.83,-1010067
295.84,-1009029
295.85,-1008149
295.86,-1006084
295.87,-1002684
295.88,-998768
295.89,-994990
295.9,-990288
295.91,-984054
295.92,-978690
295.93,-974657
295.94,-970210
295.95,-964849
295.96,-959139
295.97,-953326
295.98,-947516
295.99,-942774
296.0,-939742
296.01,-937648
296.02,-934863
296.03,-931154
296.04,-926449
296.05,-919551
296.06,-910845
296.07,-901568
296.08,-892321
296.09,-883625
296.1,-874869
296.11,-864814
296.12,-853345
296.13,-840330
296.14,-827600
296.15,-816460
296.16,-806612
296.17,-798892
296.18,-792999
296.19,-788766
296.2,-785227
296.21,-782022
296.22,-778550
296.23,-772698
296.24,-765352
296.25,-757522
296.26,-748788
296.27,-739098
296.28,-729106
296.29,-718134
296.3,-705522
296.31,-692755
296.32,-680354
296.33,-669257
296.34,-659951
296.35,-652693
296.36,-648246
296.37,-645614
296.38,-644431
296.39,-643665
296.4,-642559
296.41,-642112
296.42,-642285
296.43,-641828
296.44,-639746
296.45,-637179
296.46,-635167
296.47,-632623
296.48,-628107
296.49,-620792
296.5,-610398
296.51,-599012
296.52,-589737
296.53,-583441
296.54,-579612
296.55,-577301
296.56,-575686
296.57,-575095
296.58,-576733
296.59,-578526
296.6,-579301
296.61,-581703
296.62,-584877
296.63,-587112
296.64,-588426
296.65,-588289
296.66,-585483
296.67,-579894
296.68,-573272
296.69,-565158
296.7,-553495
296.71,-539356
296.72,-525597
296.73,-512700
296.74,-499485
296.75,-484873
296.76,-470084
296.77,-456421
296.78,-443285
296.79,-431958
296.8,-422518
296.81,-413642
296.82,-405369
296.83,-396285
296.84,-384901
296.85,-373547
296.86,-363542
296.87,-353638
296.88,-346403
296.89,-342730
296.9,-340417
296.91,-337858
296.92,-332381
296.93,-323995
296.94,-314950
296.95,-306780
296.96,-298506
296.97,-288594
296.98,-278627
296.99,-268841
297.0,-257514
297.01,-243312
297.02,-225281
297.03,-204664
297.04,-182862
297.05,-159600
297.06,-136180
297.07,-114537
297.08,-94192
297.09,-74656
297.1,-56287
297.11,-39014
297.12,-22155
297.13,-4236
297.14,14396
297.15,31974
297.16,47998
297.17,62655
297.18,77288
297.19,91564
297.2,104578
297.21,118759
297.22,134251
297.23,149291
297.24,162261
297.25,172029
297.26,180616
297.27,188701
297.28,195055
297.29,199253
297.3,203268
297.31,208975
297.32,214052
297.33,218265
297.34,223921
297.35,230392
297.36,236710
297.37,243016
297.38,250769
297.39,261386
297.4,272957
297.41,284539
297.42,297055
297.43,311583
297.44,329051
297.45,347517
297.46,365717
297.47,382959
297.48,397428
297.49,408955
297.5,418321
297.51,426173
297.52,432356
297.53,437006
297.54,441241
297.55,445674
297.56,449686
297.57,452185
297.58,453052
297.59,453141
297.6,454253
297.61,457700
297.62,462374
297.63,467699
297.64,474667
297.65,482603
297.66,491540
297.67,502533
297.68,514566
297.69,526228
297.7,536657
297.71,545520
297.72,552045
297.73,556572
297.74,561288
297.75,564978
297.76,565765
297.77,566361
297.78,568759
297.79,571577
297.8,574647
297.81,579037
297.82,584269
297.83,590150
297.84,597122
297.85,603363
297.86,608457
297.87,613518
297.88,617423
297.89,620844
297.9,624470
297.91,628536
297.92,633619
297.93,636856
297.94,638458
297.95,640505
297.96,643164
297.97,647337
297.98,653036
297.99,661028
298.0,671746
298.01,684059
298.02,696716
298.03,711005
298.04,727896
298.05,744690
298.06,761307
298.07,778317
298.08,794665
298.09,810946
298.1,827078
298.11,841580
298.12,853680
298.13,864006
298.14,873484
298.15,880255
298.16,882902
298.17,884451
298.18,887071
298.19,889323
298.2,891308
298.21,895052
298.22,899350
298.23,901801
298.24,901589
298.25,900475
298.26,901085
298.27,903070
298.28,906150
298.29,910217
298.3,914908
298.31,920864
298.32,926992
298.33,930857
298.34,933174
298.35,935825
298.36,937320
298.37,937664
298.38,938117
298.39,938811
298.4,939370
298.41,939067
298.42,939767
298.43,941360
298.44,941854
298.45,941119
298.46,939393
298.47,937040
298.48,934431
298.49,932310
298.5,929688
298.51,924619
298.52,917696
298.53,910461
298.54,903317
298.55,895944
298.56,887869
298.57,879302
298.58,870018
298.59,859011
298.6,846868
298.61,833729
298.62,819394
298.63,805183
298.64,790636
298.65,775662
298.66,762410
298.67,751284
298.68,742318
298.69,736020
298.7,731725
298.71,729628
298.72,728762
298.73,727304
298.74,725348
298.75,722187
298.76,717363
298.77,711635
298.78,705158
298.79,697838
298.8,689895
298.81,681272
298.82,671913
298.83,663033
298.84,654832
298.85,646433
298.86,638584
298.87,630350
298.88,620759
298.89,611970
298.9,604669
298.91,598767
298.92,594162
298.93,589711
298.94,584818
298.95,578817
298.96,572591
298.97,567777
298.98,562666
298.99,555734
299.0,548381
299.01,540499
299.02,532006
299.03,525568
299.04,521824
299.05,519741
299.06,519530
299.07,519958
299.08,519467
299.09,518237
299.1,517206
299.11,516947
299.12,516149
299.13,514970
299.14,515581
299.15,517260
299.16,517732
299.17,516387
299.18,512330
299.19,503911
299.2,492392
299.21,480156
299.22,467323
299.23,454455
299.24,443325
299.25,433906
299.26,424185
299.27,413119
299.28,402294
299.29,392797
299.3,383287
299.31,374096
299.32,365132
299.33,353995
299.34,340281
299.35,324691
299.36,308271
299.37,291916
299.38,275618
299.39,259296
299.4,242487
299.41,224575
299.42,206531
299.43,189329
299.44,171915
299.45,156051
299.46,143979
299.47,133940
299.48,123778
299.49,112024
299.5,99406
299.51,88107
299.52,77626
299.53,67526
299.54,59283
299.55,52818
299.56,47119
299.57,42142
299.58,37548
299.59,31911
299.6,24754
299.61,16447
299.62,6903
299.63,-3021
299.64,-12813
299.65,-23561
299.66,-35935
299.67,-49523
299.68,-64313
299.69,-80437
299.7,-96490
299.71,-112731
299.72,-130025
299.73,-145461
299.74,-157841
299.75,-168410
299.76,-177303
299.77,-184376
299.78,-190016
299.79,-195310
299.8,-200530
299.81,-206453
299.82,-213335
299.83,-219546
299.84,-225176
299.85,-231539
299.86,-237968
299.87,-244409
299.88,-251665
299.89,-258950
299.9,-267098
299.91,-276980
299.92,-287897
299.93,-299732
299.94,-311394
299.95,-321686
299.96,-330858
299.97,-337763
299.98,-342913
299.99,-349595
300.0,-357146
300.01,-365623
300.02,-376023
300.03,-386577
300.04,-397699
300.05,-409744
300.06,-423118
300.07,-437775
300.08,-452192
300.09,-467687
300.1,-483919
300.11,-498030
300.12,-509976
300.13,-520325
300.14,-528073
300.15,-533578
300.16,-539607
300.17,-546445
300.18,-551898
300.19,-556355
300.2,-561187
300.21,-566873
300.22,-572860
300.23,-579749
300.24,-589208
300.25,-599054
300.26,-607944
300.27,-618115
300.28,-629332
300.29,-639045
300.3,-646596
300.31,-654744
300.32,-664498
300.33,-674305
300.34,-685010
300.35,-696793
300.36,-708453
300.37,-719098
300.38,-728824
300.39,-737876
300.4,-744954
300.41,-750420
300.42,-755357
300.43,-759882
300.44,-763682
300.45,-766834
300.46,-769098
300.47,-769831
300.48,-770513
300.49,-771663
300.5,-773076
300.51,-774688
300.52,-776045
300.53,-777917
300.54,-780261
300.55,-783060
300.56,-786567
300.57,-790675
300.58,-795709
300.59,-801749
300.6,-808051
300.61,-814744
300.62,-822750
300.63,-831677
300.64,-840856
300.65,-849244
300.66,-857802
300.67,-866876
300.68,-874202
300.69,-880098
300.7,-885001
300.71,-888019
300.72,-888315
300.73,-886123
300.74,-881524
300.75,-874819
300.76,-867611
300.77,-859941
300.78,-852342
300.79,-844983
300.8,-837775
300.81,-831110
300.82,-824742
300.83,-819124
300.84,-814328
300.85,-811083
300.86,-809708
300.87,-809459
300.88,-809948
300.89,-810748
300.9,-811309
300.91,-811281
300.92,-811101
300.93,-811204
300.94,-810897
300.95,-808534
300.96,-804286
300.97,-798288
300.98,-789322
300.99,-778635
301.0,-767397
301.01,-754200
301.02,-739100
301.03,-723791
301.04,-707876
301.05,-690923
301.06,-673920
301.07,-656965
301.08,-639911
301.09,-623034
301.1,-607053
301.11,-593111
301.12,-581331
301.13,-571532
301.14,-563357
301.15,-555869
301.16,-549290
301.17,-544124
301.18,-540942
301.19,-539543
301.2,-538064
301.21,-536100
301.22,-533593
301.23,-529575
301.24,-524419
301.25,-518413
301.26,-510987
301.27,-502503
301.28,-493351
301.29,-483637
301.3,-473419
301.31,-462889
301.32,-452016
301.33,-439659
301.34,-426347
301.35,-413057
301.36,-399829
301.37,-386305
301.38,-372966
301.39,-361277
301.4,-349663
301.41,-337972
301.42,-328492
301.43,-321660
301.44,-315366
301.45,-309258
301.46,-305938
301.47,-303782
301.48,-300457
301.49,-296054
301.5,-292314
301.51,-289385
301.52,-284877
301.53,-280297
301.54,-276460
301.55,-271653
301.56,-266097
301.57,-261052
301.58,-256632
301.59,-251948
301.6,-246094
301.61,-239839
301.62,-233984
301.63,-226257
301.64,-217340
301.65,-208778
301.66,-198725
301.67,-187625
301.68,-176994
301.69,-166587
301.7,-155936
301.71,-145129
301.72,-133373
301.73,-120950
301.74,-109525
301.75,-98233
301.76,-87180
301.77,-77548
301.78,-68724
301.79,-59411
301.8,-49556
301.81,-40712
301.82,-33311
301.83,-26554
301.84,-18934
301.85,-10262
301.86,-846
301.87,10202
301.88,23050
301.89,37078
301.9,52073
301.91,67918
301.92,83145
301.93,97507
301.94,111892
301.95,125248
301.96,136878
301.97,147124
301.98,155144
301.99,160950
302.0,164830
302.01,166449
302.02,166795
302.03,166034
302.04,163775
302.05,160270
302.06,156554
302.07,153226
302.08,149315
302.09,145368
302.1,142879
302.11,142247
302.12,142750
302.13,143873
302.14,145279
302.15,145823
302.16,145863
302.17,146631
302.18,147577
302.19,146834
302.2,144870
302.21,141720
302.22,135866
302.23,129501
302.24,122801
302.25,115791
302.26,110985
302.27,108042
302.28,106892
302.29,107040
302.3,108757
302.31,113338
302.32,120597
302.33,129516
302.34,139320
302.35,149405
302.36,157062
302.37,162873
302.38,168539
302.39,172647
302.4,174957
302.41,175819
302.42,175592
302.43,174308
302.44,172209
302.45,169589
302.46,166690
302.47,165280
302.48,165581
302.49,166686
302.5,169001
302.51,172325
302.52,176517
302.53,181247
302.54,185807
302.55,189475
302.56,191561
302.57,192738
302.58,191770
302.59,188481
302.6,185260
302.61,181193
302.62,175711
302.63,169366
302.64,162212
302.65,155378
302.66,149387
302.67,144378
302.68,140258
302.69,137309
302.7,136088
302.71,136757
302.72,138725
302.73,141628
302.74,147182
302.75,155289
302.76,164358
302.77,174317
302.78,183521
302.79,189540
302.8,193712
302.81,198137
302.82,202244
302.83,206099
302.84,209886
302.85,212500
302.86,213780
302.87,213572
302.88,211877
302.89,210016
302.9,208105
302.91,206456
302.92,205560
302.93,204841
302.94,205581
302.95,208269
302.96,211187
302.97,213532
302.98,215239
302.99,216728
303.0,218411
303.01,219875
303.02,221452
303.03,223065
303.04,224340
303.05,225555
303.06,226189
303.07,226419
303.08,226309
303.09,225657
303.1,225501
303.11,226695
303.12,228860
303.13,231157
303.14,233162
303.15,234274
303.16,235016
303.17,236230
303.18,238347
303.19,242076
303.2,247059
303.21,252773
303.22,257911
303.23,261653
303.24,264198
303.25,265474
303.26,266748
303.27,268652
303.28,270846
303.29,273700
303.3,276338
303.31,277577
303.32,278402
303.33,279441
303.34,281591
303.35,285356
303.36,290274
303.37,297935
303.38,307745
303.39,318662
303.4,331021
303.41,343604
303.42,355608
303.43,366542
303.44,375141
303.45,381147
303.46,386353
303.47,390738
303.48,394075
303.49,397060
303.5,400170
303.51,404195
303.52,407656
303.53,409945
303.54,411381
303.55,411922
303.56,411789
303.57,410853
303.58,409566
303.59,407771
303.6,405676
303.61,403885
303.62,401392
303.63,397573
303.64,394701
303.65,393527
303.66,393464
303.67,394912
303.68,396513
303.69,397659
303.7,397608
303.71,396385
303.72,395718
303.73,395703
303.74,395474
303.75,395235
303.76,396002
303.77,395976
303.78,394376
303.79,392745
303.8,390816
303.81,387994
303.82,385446
303.83,384565
303.84,384102
303.85,383801
303.86,384478
303.87,384196
303.88,382751
303.89,381947
303.9,381815
303.91,382733
303.92,383676
303.93,383716
303.94,384380
303.95,384895
303.96,384092
303.97,382263
303.98,380233
303.99,376832
304.0,371532
304.01,366425
304.02,360530
304.03,353933
304.04,347503
304.05,340973
304.06,334187
304.07,326832
304.08,319844
304.09,312421
304.1,304615
304.11,297207
304.12,289350
304.13,280355
304.14,270919
304.15,261740
304.16,251659
304.17,241725
304.18,233402
304.19,226710
304.2,221100
304.21,215747
304.22,211005
304.23,206533
304.24,202153
304.25,198084
304.26,194599
304.27,192027
304.28,189906
304.29,186640
304.3,180651
304.31,173255
304.32,166304
304.33,159049
304.34,150693
304.35,142434
304.36,133885
304.37,124608
304.38,116068
304.39,108121
304.4,100447
304.41,92724
304.42,84959
304.43,78041
304.44,70716
304.45,61508
304.46,51447
304.47,41371
304.48,31695
304.49,22940
304.5,14388
304.51,5579
304.52,-4088
304.53,-14059
304.54,-22962
304.55,-30681
304.56,-37418
304.57,-43812
304.58,-48805
304.59,-52243
304.6,-55126
304.61,-56889
304.62,-57553
304.63,-57295
304.64,-56262
304.65,-54188
304.66,-51297
304.67,-48600
304.68,-46126
304.69,-43372
304.7,-41058
304.71,-39968
304.72,-39032
304.73,-37699
304.74,-35600
304.75,-32079
304.76,-27979
304.77,-24418
304.78,-20964
304.79,-17699
304.8,-15534
304.81,-13510
304.82,-10929
304.83,-8390
304.84,-6512
304.85,-4436
304.86,-1290
304.87,2071
304.88,4744
304.89,6316
304.9,7322
304.91,8282
304.92,9423
304.93,10129
304.94,11086
304.95,13923
304.96,17940
304.97,22875
304.98,28722
304.99,34912
305.0,41245
305.01,48458
305.02,56477
305.03,64424
305.04,73486
305.05,82276
305.06,89041
305.07,95482
305.08,101806
305.09,107202
305.1,111357
305.11,115723
305.12,120709
305.13,124833
305.14,129525
305.15,134720
305.16,138874
305.17,143090
305.18,147518
305.19,151023
305.2,153063
305.21,154219
305.22,155437
305.23,156343
305.24,157833
305.25,159517
305.26,160070
305.27,160128
305.28,158155
305.29,154260
305.3,150399
305.31,147457
305.32,144909
305.33,141199
305.34,137182
305.35,133533
305.36,129595
305.37,125031
305.38,121154
305.39,118692
305.4,116970
305.41,116478
305.42,116165
305.43,114982
305.44,113743
305.45,113665
305.46,115067
305.47,116717
305.48,118784
305.49,122300
305.5,127029
305.51,131830
305.52,135836
305.53,138676
305.54,140789
305.55,142395
305.56,143045
305.57,143711
305.58,144628
305.59,143889
305.6,139978
305.61,133811
305.62,125750
305.63,116721
305.64,108857
305.65,102072
305.66,96463
305.67,90912
305.68,85035
305.69,79898
305.7,75452
305.71,70924
305.72,66327
305.73,62747
305.74,58118
305.75,52783
305.76,49167
305.77,46870
305.78,45221
305.79,43373
305.8,40459
305.81,35462
305.82,28584
305.83,20505
305.84,11918
305.85,3578
305.86,-3654
305.87,-10736
305.88,-18926
305.89,-26632
305.9,-34655
305.91,-42668
305.92,-49385
305.93,-56714
305.94,-65313
305.95,-73665
305.96,-80985
305.97,-87582
305.98,-93426
305.99,-99629
306.0,-106239
306.01,-112440
306.02,-117539
306.03,-122116
306.04,-127023
306.05,-130859
306.06,-134416
306.07,-137799
306.08,-141337
306.09,-145540
306.1,-149447
306.11,-154211
306.12,-160015
306.13,-166405
306.14,-172544
306.15,-176781
306.16,-178877
306.17,-180456
306.18,-182213
306.19,-184511
306.2,-188441
306.21,-193308
306.22,-198541
306.23,-203581
306.24,-207687
306.25,-210081
306.26,-211814
306.27,-215730
306.28,-221784
306.29,-227435
306.3,-232319
306.31,-238661
306.32,-245622
306.33,-252433
306.34,-259917
306.35,-268082
306.36,-277527
306.37,-287632
306.38,-296918
306.39,-304618
306.4,-311733
306.41,-318813
306.42,-325440
306.43,-331284
306.44,-335380
306.45,-338251
306.46,-340698
306.47,-341932
306.48,-341486
306.49,-340916
306.5,-341404
306.51,-342725
306.52,-344716
306.53,-347379
306.54,-349951
306.55,-351803
306.56,-353895
306.57,-355730
306.58,-358310
306.59,-362907
306.6,-367918
306.61,-373055
306.62,-377908
306.63,-381871
306.64,-384375
306.65,-385859
306.66,-388270
306.67,-392036
306.68,-395374
306.69,-396908
306.7,-398293
306.71,-401055
306.72,-404844
306.73,-409243
306.74,-415456
306.75,-423558
306.76,-431245
306.77,-437588
306.78,-442808
306.79,-447567
306.8,-451592
306.81,-454704
306.82,-457672
306.83,-459675
306.84,-460621
306.85,-462022
306.86,-463542
306.87,-463597
306.88,-462772
306.89,-462346
306.9,-461599
306.91,-459687
306.92,-457712
306.93,-456029
306.94,-453826
306.95,-451058
306.96,-447971
306.97,-446158
306.98,-445737
306.99,-445897
307.0,-448133
307.01,-452098
307.02,-456543
307.03,-461439
307.04,-465855
307.05,-469226
307.06,-471649
307.07,-474192
307.08,-477540
307.09,-480111
307.1,-481055
307.11,-480475
307.12,-478156
307.13,-474355
307.14,-470190
307.15,-466500
307.16,-462507
307.17,-457238
307.18,-451592
307.19,-446940
307.2,-442539
307.21,-437245
307.22,-431597
307.23,-425138
307.24,-417614
307.25,-410410
307.26,-403962
307.27,-398616
307.28,-394001
307.29,-389650
307.3,-385837
307.31,-383136
307.32,-380895
307.33,-377784
307.34,-374790
307.35,-371933
307.36,-368395
307.37,-363955
307.38,-359442
307.39,-354887
307.4,-349506
307.41,-344609
307.42,-340052
307.43,-335330
307.44,-330886
307.45,-326954
307.46,-323015
307.47,-318546
307.48,-313823
307.49,-308616
307.5,-303048
307.51,-296697
307.52,-289474
307.53,-282695
307.54,-276558
307.55,-269130
307.56,-261101
307.57,-253630
307.58,-243802
307.59,-232324
307.6,-221880
307.61,-211887
307.62,-201432
307.63,-191446
307.64,-182753
307.65,-173498
307.66,-162133
307.67,-149762
307.68,-137846
307.69,-125804
307.7,-114509
307.71,-104630
307.72,-95824
307.73,-88769
307.74,-82157
307.75,-75194
307.76,-67632
307.77,-58877
307.78,-49346
307.79,-40554
307.8,-32680
307.81,-24741
307.82,-17213
307.83,-9901
307.84,-3534
307.85,3337
307.86,12017
307.87,19723
307.88,27679
307.89,36704
307.9,45145
307.91,52787
307.92,60529
307.93,69709
307.94,79088
307.95,89682
307.96,102662
307.97,115241
307.98,127371
307.99,141114
308.0,156435
308.01,172192
308.02,187153
308.03,201051
308.04,213996
308.05,226442
308.06,238933
308.07,249672
308.08,258116
308.09,265023
308.1,271084
308.11,277645
308.12,284664
308.13,291949
308.14,298496
308.15,304479
308.16,310867
308.17,316094
308.18,320419
308.19,326871
308.2,336184
308.21,345748
308.22,354441
308.23,362801
308.24,371134
308.25,380031
308.26,389630
308.27,399682
308.28,409332
308.29,417755
308.3,424860
308.31,430743
308.32,436390
308.33,442873
308.34,449557
308.35,456547
308.36,462324
308.37,465163
308.38,466371
308.39,465859
308.4,465132
308.41,465402
308.42,464930
308.43,463545
308.44,462728
308.45,461951
308.46,460922
308.47,461150
308.48,461634
308.49,462021
308.5,463169
308.51,465654
308.52,468985
308.53,473499
308.54,480244
308.55,488046
308.56,496510
308.57,504119
308.58,510410
308.59,516484
308.6,522665
308.61,529483
308.62,537604
308.63,545886
308.64,551453
308.65,555479
308.66,558669
308.67,561793
308.68,565836
308.69,570062
308.7,575364
308.71,579714
308.72,582922
308.73,585418
308.74,586454
308.75,587564
308.76,588545
308.77,588730
308.78,588060
308.79,587516
308.8,587781
308.81,588910
308.82,590948
308.83,593624
308.84,597069
308.85,600373
308.86,602801
308.87,605329
308.88,608789
308.89,613274
308.9,619194
308.91,625896
308.92,632241
308.93,637339
308.94,640945
308.95,644240
308.96,648123
308.97,652724
308.98,656907
308.99,660173
309.0,661944
309.01,662226
309.02,662702
309.03,662556
309.04,661765
309.05,660858
309.06,658805
309.07,655297
309.08,651592
309.09,648360
309.1,644360
309.11,640943
309.12,638234
309.13,634522
309.14,629922
309.15,625333
309.16,621920
309.17,619596
309.18,618901
309.19,618200
309.2,616567
309.21,615750
309.22,613929
309.23,610745
309.24,607462
309.25,603737
309.26,600604
309.27,598497
309.28,595996
309.29,592943
309.3,589519
309.31,585223
309.32,580230
309.33,574473
309.34,568571
309.35,563808
309.36,560296
309.37,557046
309.38,553434
309.39,548838
309.4,543180
309.41,538225
309.42,534691
309.43,531804
309.44,528468
309.45,524427
309.46,520452
309.47,516615
309.48,512559
309.49,508083
309.5,503121
309.51,497786
309.52,492634
309.53,486871
309.54,479393
309.55,471006
309.56,462265
309.57,453415
309.58,444592
309.59,435578
309.6,425609
309.61,413969
309.62,401612
309.63,388808
309.64,375602
309.65,363775
309.66,354157
309.67,345442
309.68,335751
309.69,324561
309.7,312147
309.71,299245
309.72,288021
309.73,278218
309.74,268226
309.75,259146
309.76,251155
309.77,244070
309.78,238220
309.79,232303
309.8,225716
309.81,219013
309.82,212961
309.83,208028
309.84,204223
309.85,201407
309.86,198613
309.87,194955
309.88,191026
309.89,187368
309.9,183800
309.91,180435
309.92,177441
309.93,174704
309.94,170991
309.95,165817
309.96,159792
309.97,154208
309.98,149214
309.99,142856
310.0,134783
310.01,125061
310.02,115362
310.03,106216
310.04,95736
310.05,84091
310.06,72687
310.07,61778
310.08,49896
310.09,39242
310.1,31617
310.11,25092
310.12,18849
310.13,14032
310.14,10091
310.15,4362
310.16,550
310.17,988
310.18,2260
310.19,2092
310.2,-358
310.21,-3260
310.22,-6333
310.23,-10266
310.24,-14926
310.25,-20046
310.26,-26076
310.27,-33996
310.28,-42872
310.29,-52665
310.3,-62646
310.31,-71616
310.32,-79877
310.33,-87740
310.34,-94838
310.35,-101308
310.36,-109070
310.37,-118562
310.38,-127309
310.39,-133657
310.4,-139204
310.41,-144467
310.42,-149490
310.43,-155136
310.44,-161116
310.45,-169094
310.46,-178333
310.47,-185781
310.48,-191626
310.49,-196058
310.5,-199640
310.51,-203590
310.52,-208266
310.53,-212436
310.54,-214700
310.55,-216492
310.56,-218847
310.57,-221135
310.58,-222258
310.59,-221916
310.6,-220697
310.61,-219666
310.62,-219808
310.63,-220535
310.64,-220299
310.65,-218989
310.66,-217906
310.67,-217140
310.68,-217214
310.69,-218648
310.7,-221441
310.71,-224212
310.72,-225457
310.73,-226874
310.74,-229131
310.75,-231465
310.76,-234078
310.77,-237240
310.78,-240941
310.79,-245367
310.8,-249606
310.81,-252869
310.82,-256351
310.83,-260931
310.84,-265224
310.85,-267917
310.86,-270656
310.87,-274133
310.88,-278006
310.89,-281436
310.9,-282591
310.91,-281396
310.92,-278000
310.93,-273225
310.94,-269480
310.95,-267217
310.96,-265774
310.97,-266206
310.98,-266702
310.99,-264847
311.0,-260760
311.01,-255369
311.02,-250788
311.03,-246864
311.04,-244185
311.05,-244288
311.06,-245637
311.07,-247240
311.08,-249934
311.09,-253473
311.1,-256477
311.11,-258490
311.12,-258838
311.13,-256893
311.14,-253346
311.15,-249845
311.16,-247853
311.17,-246530
311.18,-243313
311.19,-236787
311.2,-227784
311.21,-217302
311.22,-206924
311.23,-198521
311.24,-191949
311.25,-186545
311.26,-182307
311.27,-178390
311.28,-174164
311.29,-171154
311.3,-169369
311.31,-167716
311.32,-165599
311.33,-163945
311.34,-163271
311.35,-160792
311.36,-156894
311.37,-152274
311.38,-146993
311.39,-142925
311.4,-138775
311.41,-131212
311.42,-119410
311.43,-106382
311.44,-93825
311.45,-82229
311.46,-73079
311.47,-66469
311.48,-61060
311.49,-55147
311.5,-49421
311.51,-46113
311.52,-45824
311.53,-48796
311.54,-55190
311.55,-63585
311.56,-71834
311.57,-78486
311.58,-85590
311.59,-94905
311.6,-102870
311.61,-106878
311.62,-109511
311.63,-113272
311.64,-116371
311.65,-117781
311.66,-117883
311.67,-117218
311.68,-118051
311.69,-119598
311.7,-119685
311.71,-117503
311.72,-113094
311.73,-107514
311.74,-103093
311.75,-101914
311.76,-103775
311.77,-108515
311.78,-112139
311.79,-111668
311.8,-108516
311.81,-103773
311.82,-99844
311.83,-96847
311.84,-95425
311.85,-95446
311.86,-94812
311.87,-94507
311.88,-95384
311.89,-98622
311.9,-104190
311.91,-109425
311.92,-111818
311.93,-111398
311.94,-110376
311.95,-110650
311.96,-113741
311.97,-121489
311.98,-133793
311.99,-146386
312.0,-156224
312.01,-163246
312.02,-167890
312.03,-169905
312.04,-171954
312.05,-179021
312.06,-190126
312.07,-202568
312.08,-213784
312.09,-220349
312.1,-221525
312.11,-219410
312.12,-215713
312.13,-210370
312.14,-206432
312.15,-206096
312.16,-207830
312.17,-209490
312.18,-209163
312.19,-207564
312.2,-207340
312.21,-209239
312.22,-211624
312.23,-213223
312.24,-213106
312.25,-212127
312.26,-210978
312.27,-209998
312.28,-210615
312.29,-211888
312.3,-214013
312.31,-218396
312.32,-224743
312.33,-232102
312.34,-239302
312.35,-246502
312.36,-255072
312.37,-265925
312.38,-278083
312.39,-288807
312.4,-295691
312.41,-298795
312.42,-300601
312.43,-303292
312.44,-307792
312.45,-315257
312.46,-323563
312.47,-328338
312.48,-330058
312.49,-330059
312.5,-326734
312.51,-318029
312.52,-306327
312.53,-297189
312.54,-292020
312.55,-290217
312.56,-291275
312.57,-294408
312.58,-296261
312.59,-294324
312.6,-290659
312.61,-285372
312.62,-279069
312.63,-274416
312.64,-272882
312.65,-273789
312.66,-276210
312.67,-279784
312.68,-281299
312.69,-278621
312.7,-271541
312.71,-260487
312.72,-246449
312.73,-231278
312.74,-219331
312.75,-214113
312.76,-215843
312.77,-219829
312.78,-221430
312.79,-219646
312.8,-214841
312.81,-209074
312.82,-204289
312.83,-200715
312.84,-198337
312.85,-198404
312.86,-200696
312.87,-203515
312.88,-205517
312.89,-205633
312.9,-203839
312.91,-202004
312.92,-201378
312.93,-198820
312.94,-191911
312.95,-182103
312.96,-171863
312.97,-162420
312.98,-155211
312.99,-150679
313.0,-147496
313.01,-145965
313.02,-144141
313.03,-140719
313.04,-136226
313.05,-132276
313.06,-131232
313.07,-132660
313.08,-137148
313.09,-143565
313.1,-151499
313.11,-159800
313.12,-163514
313.13,-162164
313.14,-156911
313.15,-149375
313.16,-142929
313.17,-139312
313.18,-137583
313.19,-136923
313.2,-135408
313.21,-130012
313.22,-122520
313.23,-115019
313.24,-106578
313.25,-98522
313.26,-93803
313.27,-91341
313.28,-88667
313.29,-84523
313.3,-79233
313.31,-73835
313.32,-68583
313.33,-65470
313.34,-64968
313.35,-65049
313.36,-63073
313.37,-58177
313.38,-50029
313.39,-39412
313.4,-30014
313.41,-23448
313.42,-19364
313.43,-16219
313.44,-12515
313.45,-6172
313.46,3794
313.47,15309
313.48,25855
313.49,33742
313.5,38169
313.51,37274
313.52,34548
313.53,35655
313.54,41421
313.55,52290
313.56,65165
313.57,74986
313.58,80587
313.59,83432
313.6,85191
313.61,87980
313.62,94029
313.63,103962
313.64,117059
313.65,130896
313.66,143260
313.67,154533
313.68,165380
313.69,174551
313.7,182452
313.71,189456
313.72,197598
313.73,209996
313.74,223049
313.75,234544
313.76,243870
313.77,249655
313.78,253447
313.79,256695
313.8,259415
313.81,260949
313.82,261929
313.83,264560
313.84,270505
313.85,276292
313.86,280092
313.87,283075
313.88,284079
313.89,284401
313.9,286148
313.91,290108
313.92,294879
313.93,299513
313.94,305519
313.95,313040
313.96,319758
313.97,323515
313.98,325502
313.99,327220
314.0,328725
314.01,329298
314.02,328355
314.03,325949
314.04,323040
314.05,320738
314.06,318932
314.07,317934
314.08,317055
314.09,315932
314.1,314615
314.11,312972
314.12,312455
314.13,314644
314.14,319246
314.15,324835
314.16,332150
314.17,340536
314.18,349022
314.19,357284
314.2,363444
314.21,366472
314.22,366429
314.23,366126
314.24,367278
314.25,369118
314.26,371333
314.27,373339
314.28,375001
314.29,377336
314.3,379373
314.31,379759
314.32,380877
314.33,383795
314.34,387378
314.35,390653
314.36,393492
314.37,394629
314.38,393062
314.39,391400
314.4,391064
314.41,392733
314.42,395207
314.43,396268
314.44,396610
314.45,395977
314.46,393539
314.47,390314
314.48,387078
314.49,383375
314.5,381096
314.51,381156
314.52,382347
314.53,384524
314.54,385609
314.55,385128
314.56,383513
314.57,379480
314.58,372617
314.59,363355
314.6,352119
314.61,339920
314.62,329721
314.63,322756
314.64,318196
314.65,313790
314.66,307333
314.67,299141
314.68,289768
314.69,280877
314.7,273212
314.71,266997
314.72,262909
314.73,259015
314.74,255112
314.75,251759
314.76,246052
314.77,235743
314.78,222851
314.79,210076
314.8,197837
314.81,185698
314.82,172062
314.83,156336
314.84,141541
314.85,129136
314.86,116738
314.87,104539
314.88,92831
314.89,80445
314.9,68684
314.91,57827
314.92,46783
314.93,34974
314.94,24128
314.95,15969
314.96,9659
314.97,2341
314.98,-8215
314.99,-20321
315.0,-33553
315.01,-47432
315.02,-60758
315.03,-73762
315.04,-87073
315.05,-100684
315.06,-112331
315.07,-122411
315.08,-132896
315.09,-144245
315.1,-156100
315.11,-169506
315.12,-183911
315.13,-197251
315.14,-210676
315.15,-222187
315.16,-230232
315.17,-236821
315.18,-243668
315.19,-251390
315.2,-259235
315.21,-267113
315.22,-274824
315.23,-282263
315.24,-289098
315.25,-295673
315.26,-301965
315.27,-308398
315.28,-316668
315.29,-326015
315.3,-335249
315.31,-344350
315.32,-352991
315.33,-360556
315.34,-368378
315.35,-377489
315.36,-386972
315.37,-396078
315.38,-405576
315.39,-415589
315.4,-424371
315.41,-433303
315.42,-443947
315.43,-456076
315.44,-470107
315.45,-486292
315.46,-503815
315.47,-521312
315.48,-537926
315.49,-551766
315.5,-562982
315.51,-573877
315.52,-585734
315.53,-598803
315.54,-612133
315.55,-624472
315.56,-635077
315.57,-644426
315.58,-653020
315.59,-660841
315.6,-668214
315.61,-676302
315.62,-685366
315.63,-693756
315.64,-700970
315.65,-708237
315.66,-716923
315.67,-726695
315.68,-736264
315.69,-744648
315.7,-751277
315.71,-756541
315.72,-760814
315.73,-763625
315.74,-764913
315.75,-767201
315.76,-771658
315.77,-776749
315.78,-781379
315.79,-784577
315.8,-786042
315.81,-786388
315.82,-787329
315.83,-789721
315.84,-793039
315.85,-796999
315.86,-801373
315.87,-804825
315.88,-805854
315.89,-805156
315.9,-803758
315.91,-802617
315.92,-801959
315.93,-801634
315.94,-800863
315.95,-797131
315.96,-790411
315.97,-782435
315.98,-773697
315.99,-764829
316.0,-756455
316.01,-747937
316.02,-739852
316.03,-732007
316.04,-722288
316.05,-711657
316.06,-701664
316.07,-692480
316.08,-684776
316.09,-679139
316.1,-674478
316.11,-669275
316.12,-664154
316.13,-658943
316.14,-653774
316.15,-650147
316.16,-648100
316.17,-646623
316.18,-644175
316.19,-640444
316.2,-635737
316.21,-630230
316.22,-624334
316.23,-619078
316.24,-615055
316.25,-610398
316.26,-604198
316.27,-597003
316.28,-588146
316.29,-576523
316.3,-563667
316.31,-552878
316.32,-544656
316.33,-537939
316.34,-532618
316.35,-527875
316.36,-521886
316.37,-514140
316.38,-505656
316.39,-496156
316.4,-485809
316.41,-476255
316.42,-467561
316.43,-461129
316.44,-456668
316.45,-451015
316.46,-443221
316.47,-433439
316.48,-423792
316.49,-415251
316.5,-407604
316.51,-401133
316.52,-395093
316.53,-389616
316.54,-383704
316.55,-376196
316.56,-366744
316.57,-356282
316.58,-346189
316.59,-336230
316.6,-328206
316.61,-322535
316.62,-316191
316.63,-308089
316.64,-299340
316.65,-290380
316.66,-281109
316.67,-271499
316.68,-261291
316.69,-251537
316.7,-242490
316.71,-233232
316.72,-224091
316.73,-214886
316.74,-205146
316.75,-195021
316.76,-184471
316.77,-172737
316.78,-159821
316.79,-146685
316.8,-132855
316.81,-118132
316.82,-104321
316.83,-92750
316.84,-82396
316.85,-71641
316.86,-59595
316.87,-45554
316.88,-30326
316.89,-15791
316.9,-2083
316.91,10243
316.92,19843
316.93,28368
316.94,36747
316.95,45602
316.96,57615
316.97,72442
316.98,87234
316.99,100362
317.0,111966
317.01,122592
317.02,133069
317.03,142858
317.04,151551
317.05,160322
317.06,168277
317.07,174892
317.08,180383
317.09,184602
317.1,187085
317.11,188652
317.12,191757
317.13,195963
317.14,200433
317.15,204576
317.16,208198
317.17,212807
317.18,219144
317.19,226960
317.2,235699
317.21,244630
317.22,252793
317.23,259643
317.24,264499
317.25,268277
317.26,272587
317.27,278230
317.28,285536
317.29,293604
317.3,302008
317.31,310410
317.32,319142
317.33,327753
317.34,334444
317.35,338575
317.36,340596
317.37,341129
317.38,340219
317.39,338320
317.4,336667
317.41,335897
317.42,334763
317.43,332460
317.44,328576
317.45,322593
317.46,315153
317.47,308063
317.48,303176
317.49,299951
317.5,297260
317.51,293828
317.52,289644
317.53,285082
317.54,280111
317.55,275861
317.56,271133
317.57,266311
317.58,262772
317.59,259712
317.6,257705
317.61,256647
317.62,255107
317.63,252570
317.64,248716
317.65,243528
317.66,239450
317.67,237614
317.68,236962
317.69,237243
317.7,237453
317.71,236143
317.72,232865
317.73,228528
317.74,222559
317.75,215698
317.76,210339
317.77,205627
317.78,200088
317.79,193686
317.8,187121
317.81,180205
317.82,174190
317.83,169885
317.84,165306
317.85,160351
317.86,156564
317.87,155087
317.88,153566
317.89,149909
317.9,145695
317.91,141798
317.92,138586
317.93,135420
317.94,131735
317.95,127605
317.96,122160
317.97,115342
317.98,108784
317.99,103933
318.0,99837
318.01,95316
318.02,90712
318.03,86963
318.04,83917
318.05,78731
318.06,71506
318.07,66017
318.08,62551
318.09,59923
318.1,58098
318.11,56947
318.12,56091
318.13,55995
318.14,57319
318.15,58632
318.16,58854
318.17,58131
318.18,56878
318.19,55455
318.2,53725
318.21,51125
318.22,47440
318.23,44202
318.24,42055
318.25,40762
318.26,40355
318.27,40318
318.28,41199
318.29,41687
318.3,40899
318.31,41248
318.32,43626
318.33,47554
318.34,52345
318.35,57603
318.36,63246
318.37,68332
318.38,71507
318.39,73517
318.4,74690
318.41,74376
318.42,73665
318.43,72914
318.44,74008
318.45,77489
318.46,81023
318.47,83802
318.48,85295
318.49,85313
318.5,83943
318.51,81349
318.52,78532
318.53,75822
318.54,73280
318.55,72264
318.56,72323
318.57,71424
318.58,69687
318.59,69232
318.6,70395
318.61,72143
318.62,75359
318.63,79604
318.64,84298
318.65,89990
318.66,95799
318.67,100609
318.68,104082
318.69,107061
318.7,109485
318.71,110548
318.72,111019
318.73,111493
318.74,111950
318.75,113134
318.76,114990
318.77,116357
318.78,116848
318.79,116527
318.8,115341
318.81,114422
318.82,114570
318.83,114847
318.84,115125
318.85,116015
318.86,118636
318.87,122212
318.88,125349
318.89,129557
318.9,134647
318.91,139346
318.92,143433
318.93,146809
318.94,148427
318.95,146897
318.96,144354
318.97,143008
318.98,142133
318.99,141799
319.0,142120
319.01,141650
319.02,139151
319.03,135462
319.04,132056
319.05,129413
319.06,128211
319.07,127696
319.08,126894
319.09,126465
319.1,128114
319.11,130928
319.12,131617
319.13,130399
319.14,128801
319.15,128695
319.16,130153
319.17,131787
319.18,134194
319.19,137589
319.2,141987
319.21,146125
319.22,148725
319.23,149809
319.24,149683
319.25,148766
319.26,147733
319.27,147987
319.28,148839
319.29,149721
319.3,151070
319.31,151463
319.32,150554
319.33,150119
319.34,150874
319.35,151261
319.36,151526
319.37,153018
319.38,154702
319.39,155860
319.4,157359
319.41,159600
319.42,161305
319.43,162600
319.44,164127
319.45,164644
319.46,163644
319.47,162510
319.48,162730
319.49,163362
319.5,163609
319.51,164740
319.52,167109
319.53,170161
319.54,173588
319.55,176440
319.56,178371
319.57,180376
319.58,183764
319.59,188728
319.6,193679
319.61,197892
319.62,201149
319.63,203285
319.64,205563
319.65,208741
319.66,212903
319.67,218884
319.68,226958
319.69,235772
319.7,243504
319.71,250117
319.72,257160
319.73,264242
319.74,269189
319.75,271589
319.76,273829
319.77,277623
319.78,282402
319.79,288012
319.8,293210
319.81,297114
319.82,301489
319.83,306139
319.84,310226
319.85,314601
319.86,319737
319.87,325861
319.88,332969
319.89,340153
319.9,346436
319.91,352716
319.92,359270
319.93,364695
319.94,369109
319.95,373625
319.96,378889
319.97,383904
319.98,387154
319.99,390011
320.0,394029
320.01,398676
320.02,403412
320.03,407350
320.04,410452
320.05,413681
320.06,417188
320.07,420503
320.08,423851
320.09,427850
320.1,432298
320.11,437273
320.12,442878
320.13,450122
320.14,458065
320.15,463633
320.16,466828
320.17,468268
320.18,468832
320.19,469525
320.2,469868
320.21,469540
320.22,469019
320.23,469023
320.24,469876
320.25,471276
320.26,472594
320.27,473390
320.28,472522
320.29,471392
320.3,472242
320.31,474353
320.32,478666
320.33,485209
320.34,491775
320.35,498007
320.36,504103
320.37,509490
320.38,512589
320.39,513815
320.4,515584
320.41,518031
320.42,521122
320.43,525086
320.44,528813
320.45,531350
320.46,532133
320.47,532247
320.48,532916
320.49,534986
320.5,539751
320.51,545572
320.52,551292
320.53,558021
320.54,565591
320.55,572277
320.56,577101
320.57,580889
320.58,583675
320.59,586198
320.6,588776
320.61,590248
320.62,590407
320.63,589758
320.64,588009
320.65,585073
320.66,583086
320.67,582445
320.68,581991
320.69,581134
320.7,580507
320.71,580750
320.72,581218
320.73,581857
320.74,581985
320.75,581652
320.76,581661
320.77,582855
320.78,584805
320.79,586286
320.8,588695
320.81,591134
320.82,591235
320.83,589106
320.84,585798
320.85,582032
320.86,577044
320.87,571596
320.88,566677
320.89,560933
320.9,554854
320.91,549939
320.92,545410
320.93,541163
320.94,537476
320.95,533368
320.96,528112
320.97,522290
320.98,517406
320.99,513153
321.0,508389
321.01,504141
321.02,501264
321.03,496467
321.04,489588
321.05,483216
321.06,474725
321.07,464300
321.08,454758
321.09,445862
321.1,437671
321.11,429810
321.12,422162
321.13,415959
321.14,410477
321.15,405097
321.16,399801
321.17,393960
321.18,388170
321.19,383532
321.2,380028
321.21,376131
321.22,371201
321.23,365262
321.24,358443
321.25,350878
321.26,342677
321.27,334089
321.28,324305
321.29,313484
321.3,302449
321.31,291692
321.32,281449
321.33,273128
321.34,267215
321.35,261632
321.36,256195
321.37,250874
321.38,245725
321.39,241272
321.4,236972
321.41,232194
321.42,226891
321.43,221771
321.44,217201
321.45,213747
321.46,210650
321.47,206063
321.48,199323
321.49,190315
321.5,179739
321.51,169134
321.52,159610
321.53,151434
321.54,143356
321.55,133864
321.56,123531
321.57,112331
321.58,100335
321.59,89340
321.6,80235
321.61,72736
321.62,65531
321.63,59123
321.64,53986
321.65,47852
321.66,40703
321.67,33867
321.68,27651
321.69,21524
321.7,14731
321.71,8160
321.72,1129
321.73,-7042
321.74,-14127
321.75,-20815
321.76,-28341
321.77,-36581
321.78,-46304
321.79,-56501
321.8,-67223
321.81,-77987
321.82,-87259
321.83,-96052
321.84,-106227
321.85,-118607
321.86,-132282
321.87,-146235
321.88,-158615
321.89,-169098
321.9,-178770
321.91,-188282
321.92,-199438
321.93,-211335
321.94,-221536
321.95,-229655
321.96,-237623
321.97,-247232
321.98,-257729
321.99,-268685
322.0,-280213
322.01,-291337
322.02,-302172
322.03,-313824
322.04,-325257
322.05,-336006
322.06,-346813
322.07,-357162
322.08,-367501
322.09,-378794
322.1,-389749
322.11,-399608
322.12,-409803
322.13,-419486
322.14,-428146
322.15,-437549
322.16,-447600
322.17,-456669
322.18,-463886
322.19,-469532
322.2,-474874
322.21,-481335
322.22,-487572
322.23,-492336
322.24,-496426
322.25,-499886
322.26,-502649
322.27,-505430
322.28,-508908
322.29,-513077
322.3,-518087
322.31,-524880
322.32,-533756
322.33,-541594
322.34,-546163
322.35,-549620
322.36,-553247
322.37,-556531
322.38,-558835
322.39,-561167
322.4,-564703
322.41,-567969
322.42,-571173
322.43,-575109
322.44,-577961
322.45,-580187
322.46,-583211
322.47,-585949
322.48,-588283
322.49,-589815
322.5,-590710
322.51,-591233
322.52,-589414
322.53,-586436
322.54,-583613
322.55,-580799
322.56,-579643
322.57,-581229
322.58,-584730
322.59,-588233
322.6,-590652
322.61,-592211
322.62,-593584
322.63,-594996
322.64,-597306
322.65,-600187
322.66,-601782
322.67,-601655
322.68,-599201
322.69,-594150
322.7,-587698
322.71,-581425
322.72,-576203
322.73,-572052
322.74,-569451
322.75,-568913
322.76,-568355
322.77,-567780
322.78,-569539
322.79,-572308
322.8,-575978
322.81,-579512
322.82,-582056
322.83,-585359
322.84,-588052
322.85,-589536
322.86,-588736
322.87,-585881
322.88,-583797
322.89,-582296
322.9,-581709
322.91,-582534
322.92,-583327
322.93,-583400
322.94,-583200
322.95,-582728
322.96,-581122
322.97,-579572
322.98,-580293
322.99,-581024
323.0,-579196
323.01,-576329
323.02,-572820
323.03,-568136
323.04,-562902
323.05,-557405
323.06,-552221
323.07,-547758
323.08,-543964
323.09,-541001
323.1,-538882
323.11,-536825
323.12,-534119
323.13,-530595
323.14,-526812
323.15,-523730
323.16,-520936
323.17,-518337
323.18,-515251
323.19,-510801
323.2,-506025
323.21,-501795
323.22,-498498
323.23,-495896
323.24,-493747
323.25,-491470
323.26,-488761
323.27,-486669
323.28,-486185
323.29,-487663
323.3,-489082
323.31,-488853
323.32,-488267
323.33,-487210
323.34,-484832
323.35,-482652
323.36,-481005
323.37,-478782
323.38,-476995
323.39,-476610
323.4,-476949
323.41,-476473
323.42,-474037
323.43,-469623
323.44,-463223
323.45,-455287
323.46,-448058
323.47,-442391
323.48,-436906
323.49,-432495
323.5,-428570
323.51,-422994
323.52,-415767
323.53,-406829
323.54,-396662
323.55,-386163
323.56,-377038
323.57,-370008
323.58,-364564
323.59,-359434
323.6,-352228
323.61,-342179
323.62,-329800
323.63,-317554
323.64,-307032
323.65,-298160
323.66,-290955
323.67,-284381
323.68,-277919
323.69,-270546
323.7,-261465
323.71,-252444
323.72,-245808
323.73,-240525
323.74,-234796
323.75,-229109
323.76,-221842
323.77,-212093
323.78,-200995
323.79,-188504
323.8,-175703
323.81,-163921
323.82,-152609
323.83,-141237
323.84,-129628
323.85,-116733
323.86,-102679
323.87,-89050
323.88,-76881
323.89,-66081
323.9,-57006
323.91,-49299
323.92,-40610
323.93,-29444
323.94,-16247
323.95,-3704
323.96,7048
323.97,16494
323.98,23740
323.99,29901
324.0,37898
324.01,48431
324.02,60398
324.03,73720
324.04,87173
324.05,99178
324.06,110228
324.07,121338
324.08,132609
324.09,143572
324.1,155938
324.11,170376
324.12,185603
324.13,200363
324.14,213173
324.15,224732
324.16,236632
324.17,248807
324.18,260133
324.19,270026
324.2,278451
324.21,285773
324.22,292326
324.23,298777
324.24,305186
324.25,311051
324.26,317053
324.27,322776
324.28,328988
324.29,336485
324.3,344250
324.31,351752
324.32,359110
324.33,367858
324.34,377618
324.35,386820
324.36,395508
324.37,404417
324.38,414038
324.39,424219
324.4,434778
324.41,445381
324.42,455795
324.43,465544
324.44,474906
324.45,483858
324.46,492041
324.47,500202
324.48,508492
324.49,516551
324.5,523393
324.51,529637
324.52,536469
324.53,543156
324.54,549300
324.55,555209
324.56,560902
324.57,565963
324.58,570661
324.59,575194
324.6,579576
324.61,583260
324.62,586283
324.63,589869
324.64,593247
324.65,596618
324.66,600437
324.67,602970
324.68,605084
324.69,608349
324.7,612162
324.71,616362
324.72,620400
324.73,623745
324.74,626685
324.75,629183
324.76,631710
324.77,634481
324.78,636998
324.79,638388
324.8,640066
324.81,643583
324.82,647185
324.83,650641
324.84,653062
324.85,652864
324.86,650778
324.87,648248
324.88,646913
324.89,646401
324.9,646338
324.91,646868
324.92,647365
324.93,648035
324.94,649160
324.95,649272
324.96,647685
324.97,646846
324.98,647671
324.99,649501
325.0,652130
325.01,654446
325.02,656169
325.03,657385
325.04,657492
325.05,656691
325.06,655089
325.07,652186
325.08,647916
325.09,642828
325.1,637720
325.11,632325
325.12,626598
325.13,621222
325.14,615419
325.15,609024
325.16,602934
325.17,596642
325.18,589040
325.19,581120
325.2,574707
325.21,569152
325.22,563301
325.23,557975
325.24,554188
325.25,550815
325.26,547672
325.27,544238
325.28,539295
325.29,534372
325.3,529440
325.31,523635
325.32,517085
325.33,511337
325.34,507138
325.35,503167
325.36,498713
325.37,493330
325.38,487748
325.39,482092
325.4,477175
325.41,472620
325.42,468328
325.43,466130
325.44,464166
325.45,462305
325.46,460938
325.47,458332
325.48,454426
325.49,450262
325.5,446977
325.51,443994
325.52,440214
325.53,435754
325.54,432244
325.55,429777
325.56,427691
325.57,427162
325.58,427204
325.59,427127
325.6,428389
325.61,430375
325.62,430863
325.63,429071
325.64,425715
325.65,420976
325.66,414810
325.67,408874
325.68,403814
325.69,398559
325.7,393870
325.71,389172
325.72,382251
325.73,373507
325.74,365129
325.75,357637
325.76,350184
325.77,343729
325.78,338547
325.79,333519
325.8,328933
325.81,325100
325.82,321477
325.83,317702
325.84,314287
325.85,312146
325.86,310838
325.87,309187
325.88,307276
325.89,305470
325.9,304599
325.91,304816
325.92,303564
325.93,300184
325.94,295452
325.95,288709
325.96,280643
325.97,273485
325.98,268524
325.99,264440
326.0,259786
326.01,253781
326.02,245791
326.03,237240
326.04,229441
326.05,221470
326.06,213293
326.07,205337
326.08,196545
326.09,187653
326.1,179054
326.11,169710
326.12,159914
326.13,150863
326.14,143199
326.15,135644
326.16,128298
326.17,121897
326.18,115655
326.19,109672
326.2,103886
326.21,97752
326.22,91362
326.23,84718
326.24,78874
326.25,75275
326.26,72050
326.27,66721
326.28,59283
326.29,50886
326.3,42179
326.31,33866
326.32,26207
326.33,17355
326.34,7955
326.35,-915
326.36,-10001
326.37,-19914
326.38,-31063
326.39,-42510
326.4,-53064
326.41,-62009
326.42,-70584
326.43,-78384
326.44,-84864
326.45,-91546
326.46,-98948
326.47,-107128
326.48,-114669
326.49,-121694
326.5,-128483
326.51,-134372
326.52,-140023
326.53,-147202
326.54,-157408
326.55,-169401
326.56,-181899
326.57,-194556
326.58,-207378
326.59,-219120
326.6,-228954
326.61,-237914
326.62,-245664
326.63,-252139
326.64,-258778
326.65,-266114
326.66,-273099
326.67,-280192
326.68,-287998
326.69,-296558
326.7,-305502
326.71,-314401
326.72,-324628
326.73,-335771
326.74,-346488
326.75,-356007
326.76,-364494
326.77,-372703
326.78,-381490
326.79,-391793
326.8,-401903
326.81,-410620
326.82,-419233
326.83,-428061
326.84,-436701
326.85,-445572
326.86,-454017
326.87,-462250
326.88,-471017
326.89,-479362
326.9,-487610
326.91,-496567
326.92,-507279
326.93,-518413
326.94,-527364
326.95,-535026
326.96,-542522
326.97,-550044
326.98,-557279
326.99,-564170
327.0,-570343
327.01,-575843
327.02,-581504
327.03,-587636
327.04,-594304
327.05,-600557
327.06,-606492
327.07,-612273
327.08,-617228
327.09,-621372
327.1,-626255
327.11,-632505
327.12,-638317
327.13,-642831
327.14,-646475
327.15,-649648
327.16,-651839
327.17,-653780
327.18,-657622
327.19,-664588
327.2,-673420
327.21,-681809
327.22,-690322
327.23,-699573
327.24,-708145
327.25,-716073
327.26,-725072
327.27,-734885
327.28,-745574
327.29,-757741
327.3,-769079
327.31,-777132
327.32,-780656
327.33,-781431
327.34,-781318
327.35,-781731
327.36,-784747
327.37,-788869
327.38,-792945
327.39,-796784
327.4,-799496
327.41,-800840
327.42,-802440
327.43,-805667
327.44,-810798
327.45,-819241
327.46,-829955
327.47,-840765
327.48,-850774
327.49,-859831
327.5,-867903
327.51,-874121
327.52,-878822
327.53,-883446
327.54,-887415
327.55,-890144
327.56,-892229
327.57,-893092
327.58,-892770
327.59,-890732
327.6,-887020
327.61,-882776
327.62,-878966
327.63,-876351
327.64,-873228
327.65,-870288
327.66,-868785
327.67,-867570
327.68,-866277
327.69,-864364
327.7,-861922
327.71,-859299
327.72,-857159
327.73,-855030
327.74,-851760
327.75,-847643
327.76,-842930
327.77,-839192
327.78,-837174
327.79,-836862
327.8,-838723
327.81,-841601
327.82,-844188
327.83,-845497
327.84,-845830
327.85,-845689
327.86,-844712
327.87,-844230
327.88,-845947
327.89,-848706
327.9,-851105
327.91,-852369
327.92,-850995
327.93,-847035
327.94,-841685
327.95,-835980
327.96,-830268
327.97,-825875
327.98,-823787
327.99,-823560
328.0,-823965
328.01,-823297
328.02,-820945
328.03,-815524
328.04,-807419
328.05,-799304
328.06,-792181
328.07,-785446
328.08,-780033
328.09,-776048
328.1,-770602
328.11,-764304
328.12,-758165
328.13,-751044
328.14,-743579
328.15,-738575
328.16,-736849
328.17,-735363
328.18,-734303
328.19,-732279
328.2,-726561
328.21,-719345
328.22,-712880
328.23,-708618
328.24,-706186
328.25,-704139
328.26,-702072
328.27,-699368
328.28,-694994
328.29,-689717
328.3,-683899
328.31,-676471
328.32,-668664
328.33,-661474
328.34,-653710
328.35,-645303
328.36,-638226
328.37,-632310
328.38,-626469
328.39,-621172
328.4,-616770
328.41,-612925
328.42,-608092
328.43,-602871
328.44,-599280
328.45,-598277
328.46,-598826
328.47,-597911
328.48,-595059
328.49,-591044
328.5,-585988
328.51,-578232
328.52,-567481
328.53,-555792
328.54,-542612
328.55,-528562
328.56,-514810
328.57,-502478
328.58,-492802
328.59,-484893
328.6,-478803
328.61,-474869
328.62,-471808
328.63,-468321
328.64,-464148
328.65,-459277
328.66,-453807
328.67,-448359
328.68,-443838
328.69,-439617
328.7,-435073
328.71,-429499
328.72,-422326
328.73,-415835
328.74,-409751
328.75,-402455
328.76,-394556
328.77,-386597
328.78,-378897
328.79,-371225
328.8,-363226
328.81,-355025
328.82,-347632
328.83,-341510
328.84,-336934
328.85,-333125
328.86,-329156
328.87,-325413
328.88,-320244
328.89,-312800
328.9,-303466
328.91,-292983
328.92,-281901
328.93,-269707
328.94,-257093
328.95,-245077
328.96,-232675
328.97,-218911
328.98,-205168
328.99,-191066
329.0,-177062
329.01,-164463
329.02,-152953
329.03,-142138
329.04,-131142
329.05,-120879
329.06,-111910
329.07,-104133
329.08,-95836
329.09,-86252
329.1,-76040
329.11,-63724
329.12,-50549
329.13,-38230
329.14,-26402
329.15,-14319
329.16,-2155
329.17,11176
329.18,27006
329.19,43029
329.2,56615
329.21,67335
329.22,77994
329.23,90320
329.24,103910
329.25,117530
329.26,131016
329.27,145135
329.28,158101
329.29,169628
329.3,179999
329.31,188900
329.32,196225
329.33,203489
329.34,212773
329.35,224131
329.36,236768
329.37,248674
329.38,259480
329.39,269271
329.4,278407
329.41,287860
329.42,297584
329.43,307774
329.44,318562
329.45,330054
329.46,341012
329.47,350323
329.48,357522
329.49,361764
329.5,363465
329.51,365677
329.52,370093
329.53,374662
329.54,379740
329.55,386696
329.56,395298
329.57,404834
329.58,413661
329.59,420626
329.6,427255
329.61,436390
329.62,448229
329.63,461629
329.64,475194
329.65,488731
329.66,501830
329.67,513205
329.68,523670
329.69,534038
329.7,545118
329.71,556390
329.72,566984
329.73,576885
329.74,586148
329.75,595036
329.76,602653
329.77,610209
329.78,617610
329.79,623081
329.8,628291
329.81,634428
329.82,641097
329.83,648508
329.84,656080
329.85,662881
329.86,669247
329.87,675166
329.88,682256
329.89,689956
329.9,696206
329.91,702827
329.92,709183
329.93,715294
329.94,721759
329.95,728031
329.96,734665
329.97,741065
329.98,747730
329.99,755005
330.0,764121
330.01,775309
330.02,786194
330.03,796134
330.04,805397
330.05,814473
330.06,824454
330.07,835608
330.08,847033
330.09,858724
330.1,870943
330.11,884323
330.12,899004
330.13,913951
330.14,929160
330.15,943500
330.16,955198
330.17,965480
330.18,975504
330.19,984514
330.2,993518
330.21,1003248
330.22,1013203
330.23,1022606
330.24,1030260
330.25,1035832
330.26,1039741
330.27,1043487
330.28,1047967
330.29,1053500
330.3,1059787
330.31,1065699
330.32,1070267
330.33,1073096
330.34,1074816
330.35,1075200
330.36,1072844
330.37,1067246
330.38,1059565
330.39,1050835
330.4,1042651
330.41,1037122
330.42,1034289
330.43,1032804
330.44,1031830
330.45,1030688
330.46,1027589
330.47,1023498
330.48,1020309
330.49,1015939
330.5,1009643
330.51,1000975
330.52,988993
330.53,975768
330.54,963280
330.55,952864
330.56,943463
330.57,934340
330.58,925975
330.59,917300
330.6,909064
330.61,901237
330.62,893105
330.63,884915
330.64,878207
330.65,874535
330.66,872635
330.67,871513
330.68,871314
330.69,871694
330.7,871078
330.71,868795
330.72,865519
330.73,861982
330.74,859967
330.75,860645
330.76,861950
330.77,862185
330.78,860115
330.79,854291
330.8,846266
330.81,836553
330.82,826075
330.83,816557
330.84,809258
330.85,805022
330.86,803043
330.87,804146
330.88,807864
330.89,813651
330.9,821646
330.91,830804
330.92,839262
330.93,844976
330.94,848162
330.95,847560
330.96,842318
330.97,833817
330.98,822724
330.99,809364
331.0,795076
331.01,781178
331.02,766687
331.03,750429
331.04,732865
331.05,716147
331.06,702185
331.07,691743
331.08,685020
331.09,682552
331.1,683907
331.11,687861
331.12,692815
331.13,695654
331.14,696221
331.15,694969
331.16,692941
331.17,691153
331.18,687322
331.19,680436
331.2,671029
331.21,660118
331.22,646889
331.23,632285
331.24,618944
331.25,607651
331.26,600397
331.27,597562
331.28,596795
331.29,595682
331.3,593390
331.31,588668
331.32,580611
331.33,569592
331.34,557242
331.35,546099
331.36,536146
331.37,527382
331.38,519297
331.39,510707
331.4,501234
331.41,491608
331.42,483678
331.43,478263
331.44,476507
331.45,478083
331.46,481573
331.47,485649
331.48,487782
331.49,485425
331.5,476847
331.51,463012
331.52,446302
331.53,429127
331.54,413560
331.55,399719
331.56,386673
331.57,373567
331.58,358633
331.59,340083
331.6,318792
331.61,297284
331.62,276742
331.63,257373
331.64,241045
331.65,227339
331.66,213826
331.67,200955
331.68,188365
331.69,175137
331.7,161361
331.71,148073
331.72,136485
331.73,126835
331.74,120145
331.75,115945
331.76,111143
331.77,102987
331.78,92370
331.79,80972
331.8,70692
331.81,65834
331.82,68937
331.83,79649
331.84,95270
331.85,113573
331.86,132297
331.87,147963
331.88,160058
331.89,168774
331.9,173488
331.91,174712
331.92,171825
331.93,163272
331.94,149119
331.95,129958
331.96,106327
331.97,79202
331.98,51012
331.99,23627
332.0,-3216
332.01,-30451
332.02,-60538
332.03,-93447
332.04,-127372
332.05,-160593
332.06,-189023
332.07,-210628
332.08,-226392
332.09,-236915
332.1,-242603
332.11,-245110
332.12,-245421
332.13,-244179
332.14,-241203
332.15,-235840
332.16,-228254
332.17,-217148
332.18,-202664
332.19,-185378
332.2,-165120
332.21,-140976
332.22,-112089
332.23,-80245
332.24,-48087
332.25,-18311
332.26,7024
332.27,25416
332.28,36499
332.29,40862
332.3,37540
332.31,27791
332.32,13445
332.33,-5925
332.34,-30490
332.35,-58426
332.36,-89648
332.37,-123386
332.38,-158458
332.39,-194516
332.4,-228356
332.41,-257041
332.42,-278612
332.43,-293190
332.44,-301961
332.45,-304841
332.46,-300715
332.47,-289745
332.48,-274628
332.49,-254495
332.5,-229369
332.51,-202245
332.52,-175354
332.53,-150469
332.54,-129158
332.55,-113776
332.56,-103717
332.57,-98577
332.58,-98907
332.59,-105301
332.6,-117251
332.61,-131597
332.62,-148855
332.63,-169471
332.64,-191425
332.65,-213832
332.66,-236462
332.67,-258814
332.68,-280059
332.69,-300430
332.7,-320040
332.71,-336254
332.72,-347837
332.73,-356611
332.74,-363335
332.75,-369784
332.76,-377591
332.77,-386662
332.78,-396178
332.79,-406068
332.8,-416973
332.81,-427877
332.82,-439052
332.83,-449986
332.84,-460310
332.85,-470551
332.86,-478978
332.87,-484839
332.88,-488567
332.89,-492051
332.9,-496352
332.91,-500905
332.92,-506081
332.93,-511874
332.94,-517209
332.95,-521239
332.96,-525663
332.97,-531135
332.98,-536670
332.99,-542551
333.0,-547518
333.01,-548527
333.02,-544294
333.03,-535753
333.04,-524377
333.05,-513146
333.06,-504253
333.07,-498444
333.08,-495028
333.09,-492831
333.1,-493114
333.11,-495376
333.12,-499857
333.13,-509115
333.14,-523274
333.15,-540267
333.16,-557476
333.17,-572026
333.18,-581592
333.19,-586263
333.2,-586678
333.21,-583609
333.22,-578519
333.23,-573539
333.24,-570233
333.25,-567967
333.26,-565615
333.27,-562540
333.28,-558065
333.29,-551937
333.3,-547876
333.31,-548127
333.32,-552012
333.33,-560010
333.34,-570338
333.35,-582510
333.36,-595947
333.37,-609530
333.38,-624013
333.39,-638505
333.4,-652682
333.41,-666741
333.42,-679813
333.43,-690437
333.44,-695889
333.45,-693992
333.46,-684900
333.47,-669472
333.48,-650111
333.49,-628831
333.5,-606957
333.51,-586299
333.52,-566928
333.53,-550156
333.54,-536258
333.55,-525739
333.56,-519018
333.57,-513562
333.58,-509912
333.59,-510665
333.6,-516261
333.61,-525484
333.62,-538641
333.63,-553833
333.64,-569096
333.65,-584798
333.66,-598544
333.67,-608512
333.68,-614170
333.69,-617661
333.7,-621607
333.71,-626267
333.72,-629478
333.73,-627823
333.74,-621574
333.75,-613049
333.76,-604683
333.77,-596402
333.78,-587130
333.79,-577883
333.8,-571180
333.81,-568617
333.82,-569977
333.83,-574900
333.84,-581550
333.85,-588184
333.86,-593584
333.87,-599032
333.88,-604815
333.89,-608697
333.9,-609103
333.91,-602652
333.92,-590772
333.93,-577044
333.94,-562173
333.95,-547664
333.96,-534762
333.97,-524043
333.98,-515879
333.99,-512271
334.0,-514081
334.01,-519028
334.02,-525099
334.03,-531264
334.04,-536252
334.05,-539876
334.06,-542794
334.07,-545323
334.08,-548774
334.09,-552861
334.1,-556507
334.11,-558984
334.12,-561011
334.13,-565147
334.14,-571717
334.15,-581429
334.16,-592994
334.17,-601588
334.18,-604931
334.19,-603206
334.2,-595785
334.21,-582359
334.22,-565023
334.23,-544155
334.24,-518340
334.25,-488553
334.26,-457533
334.27,-427587
334.28,-400963
334.29,-380363
334.3,-366786
334.31,-359323
334.32,-356950
334.33,-358630
334.34,-362995
334.35,-369084
334.36,-377326
334.37,-387520
334.38,-396886
334.39,-404354
334.4,-410443
334.41,-415477
334.42,-420110
334.43,-422149
334.44,-420192
334.45,-415190
334.46,-408538
334.47,-402561
334.48,-397753
334.49,-393925
334.5,-390380
334.51,-385892
334.52,-380526
334.53,-374571
334.54,-368972
334.55,-365268
334.56,-364103
334.57,-365811
334.58,-370131
334.59,-374605
334.6,-377189
334.61,-376714
334.62,-373088
334.63,-367940
334.64,-361803
334.65,-354914
334.66,-347532
334.67,-339565
334.68,-329283
334.69,-314760
334.7,-296069
334.71,-273079
334.72,-247700
334.73,-224367
334.74,-205394
334.75,-190729
334.76,-180635
334.77,-174145
334.78,-169650
334.79,-166212
334.8,-162805
334.81,-158964
334.82,-153613
334.83,-146367
334.84,-137158
334.85,-125249
334.86,-110686
334.87,-93699
334.88,-75033
334.89,-56670
334.9,-41146
334.91,-29976
334.92,-24166
334.93,-23564
334.94,-27037
334.95,-33494
334.96,-41758
334.97,-52237
334.98,-64235
334.99,-75637
335.0,-84782
335.01,-90655
335.02,-92527
335.03,-89052
335.04,-81270
335.05,-70656
335.06,-56779
335.07,-41379
335.08,-26170
335.09,-9194
335.1,9696
335.11,28230
335.12,45308
335.13,59567
335.14,70718
335.15,80568
335.16,91161
335.17,103710
335.18,117486
335.19,130372
335.2,141403
335.21,151071
335.22,159966
335.23,168897
335.24,178338
335.25,188068
335.26,197627
335.27,206164
335.28,212988
335.29,218052
335.3,220860
335.31,220822
335.32,219038
335.33,214642
335.34,208043
335.35,203084
335.36,199595
335.37,197840
335.38,199268
335.39,203220
335.4,209101
335.41,216084
335.42,223851
335.43,231876
335.44,239205
335.45,244782
335.46,247957
335.47,248647
335.48,249324
335.49,252161
335.5,255440
335.51,259879
335.52,266200
335.53,271732
335.54,275615
335.55,278545
335.56,279703
335.57,278696
335.58,277343
335.59,277604
335.6,279174
335.61,280562
335.62,281190
335.63,280317
335.64,277647
335.65,274129
335.66,272607
335.67,273242
335.68,274475
335.69,278122
335.7,283769
335.71,292045
335.72,304685
335.73,320389
335.74,338068
335.75,356967
335.76,377620
335.77,399149
335.78,418600
335.79,434055
335.8,445235
335.81,452533
335.82,455870
335.83,456070
335.84,453270
335.85,448237
335.86,443448
335.87,438777
335.88,433586
335.89,430315
335.9,431243
335.91,436662
335.92,445714
335.93,456254
335.94,466827
335.95,477268
335.96,487464
335.97,496726
335.98,505121
335.99,510973
336.0,512162
336.01,509924
336.02,503959
336.03,495546
336.04,486240
336.05,475442
336.06,464898
336.07,456397
336.08,451423
336.09,450483
336.1,453305
336.11,459257
336.12,467985
336.13,478876
336.14,489916
336.15,500317
336.16,510494
336.17,520289
336.18,528365
336.19,534535
336.2,540486
336.21,547470
336.22,553042
336.23,554802
336.24,553858
336.25,551898
336.26,551714
336.27,553817
336.28,556987
336.29,561787
336.3,567263
336.31,572811
336.32,579913
336.33,587523
336.34,593288
336.35,596788
336.36,598359
336.37,599630
336.38,601415
336.39,602301
336.4,601306
336.41,597602
336.42,590640
336.43,580782
336.44,569963
336.45,559579
336.46,550322
336.47,544139
336.48,540236
336.49,537138
336.5,535462
336.51,536278
336.52,538312
336.53,539265
336.54,539949
336.55,541151
336.56,543049
336.57,544583
336.58,544049
336.59,540673
336.6,535095
336.61,529542
336.62,524537
336.63,521184
336.64,519998
336.65,520097
336.66,521660
336.67,523414
336.68,523934
336.69,522325
336.7,518498
336.71,514600
336.72,512525
336.73,512532
336.74,514361
336.75,516185
336.76,515346
336.77,511486
336.78,505360
336.79,496667
336.8,485552
336.81,473416
336.82,460252
336.83,446649
336.84,434679
336.85,424935
336.86,416614
336.87,408958
336.88,401475
336.89,394569
336.9,390515
336.91,388510
336.92,387139
336.93,385916
336.94,383883
336.95,382800
336.96,383437
336.97,386758
336.98,392115
336.99,395768
337.0,396868
337.01,395978
337.02,391996
337.03,383780
337.04,372427
337.05,359754
337.06,346197
337.07,332335
337.08,319999
337.09,307692
337.1,293536
337.11,280696
337.12,270480
337.13,261324
337.14,253750
337.15,248688
337.16,244585
337.17,240236
337.18,236121
337.19,231849
337.2,226779
337.21,220348
337.22,211676
337.23,201443
337.24,191420
337.25,180826
337.26,169458
337.27,158399
337.28,146760
337.29,133713
337.3,118467
337.31,101800
337.32,84917
337.33,68115
337.34,52445
337.35,38239
337.36,25972
337.37,14773
337.38,3733
337.39,-6482
337.4,-16236
337.41,-25448
337.42,-33653
337.43,-39081
337.44,-39437
337.45,-35758
337.46,-30151
337.47,-23868
337.48,-17287
337.49,-11136
337.5,-8299
337.51,-9935
337.52,-16754
337.53,-29353
337.54,-44859
337.55,-60495
337.56,-74644
337.57,-87913
337.58,-102152
337.59,-118711
337.6,-136992
337.61,-155830
337.62,-176213
337.63,-195265
337.64,-210190
337.65,-221099
337.66,-227223
337.67,-229223
337.68,-229109
337.69,-229066
337.7,-229250
337.71,-228905
337.72,-228261
337.73,-227517
337.74,-226890
337.75,-226716
337.76,-227455
337.77,-227711
337.78,-226238
337.79,-224392
337.8,-222741
337.81,-222253
337.82,-223971
337.83,-226583
337.84,-228643
337.85,-229140
337.86,-228500
337.87,-227226
337.88,-224787
337.89,-222708
337.9,-222758
337.91,-224571
337.92,-227562
337.93,-231821
337.94,-236855
337.95,-241739
337.96,-246938
337.97,-252363
337.98,-257495
337.99,-263839
338.0,-272630
338.01,-284398
338.02,-298790
338.03,-314325
338.04,-330960
338.05,-347683
338.06,-362235
338.07,-375045
338.08,-387175
338.09,-398093
338.1,-407907
338.11,-417104
338.12,-426076
338.13,-434784
338.14,-442677
338.15,-449991
338.16,-454830
338.17,-455655
338.18,-453450
338.19,-450725
338.2,-449776
338.21,-450681
338.22,-454326
338.23,-460715
338.24,-468576
338.25,-475753
338.26,-481139
338.27,-484484
338.28,-485811
338.29,-487001
338.3,-487104
338.31,-485031
338.32,-481212
338.33,-477700
338.34,-476580
338.35,-477311
338.36,-480587
338.37,-486122
338.38,-492986
338.39,-501264
338.4,-510080
338.41,-518774
338.42,-527914
338.43,-538524
338.44,-550656
338.45,-563079
338.46,-574969
338.47,-586990
338.48,-598299
338.49,-606941
338.5,-613033
338.51,-617325
338.52,-620485
338.53,-623799
338.54,-627450
338.55,-629797
338.56,-630391
338.57,-629607
338.58,-627122
338.59,-623184
338.6,-619289
338.61,-616456
338.62,-614108
338.63,-612094
338.64,-611191
338.65,-612660
338.66,-615998
338.67,-620047
338.68,-625024
338.69,-630279
338.7,-635310
338.71,-638439
338.72,-639308
338.73,-640475
338.74,-641321
338.75,-641367
338.76,-641104
338.77,-639698
338.78,-637017
338.79,-633533
338.8,-629432
338.81,-625350
338.82,-623644
338.83,-625014
338.84,-629146
338.85,-635758
338.86,-642968
338.87,-649402
338.88,-654642
338.89,-657758
338.9,-658282
338.91,-656143
338.92,-651521
338.93,-646708
338.94,-642814
338.95,-638720
338.96,-634182
338.97,-631324
338.98,-631818
338.99,-634584
339.0,-637747
339.01,-640799
339.02,-644738
339.03,-649059
339.04,-654182
339.05,-660580
339.06,-666673
339.07,-671809
339.08,-675764
339.09,-679245
339.1,-682082
339.11,-682378
339.12,-680405
339.13,-677191
339.14,-672845
339.15,-668821
339.16,-666281
339.17,-663672
339.18,-658273
339.19,-650629
339.2,-642686
339.21,-634404
339.22,-626668
339.23,-619984
339.24,-614928
339.25,-611497
339.26,-607987
339.27,-603896
339.28,-598688
339.29,-592644
339.3,-586447
339.31,-580810
339.32,-576867
339.33,-574724
339.34,-574410
339.35,-574606
339.36,-573628
339.37,-571240
339.38,-567199
339.39,-561775
339.4,-556216
339.41,-550647
339.42,-543667
339.43,-534463
339.44,-524653
339.45,-516269
339.46,-508242
339.47,-499816
339.48,-491613
339.49,-482821
339.5,-473964
339.51,-466235
339.52,-458652
339.53,-452168
339.54,-447258
339.55,-441651
339.56,-435084
339.57,-427365
339.58,-419689
339.59,-413386
339.6,-408572
339.61,-405965
339.62,-404041
339.63,-400020
339.64,-392639
339.65,-385156
339.66,-378324
339.67,-369952
339.68,-361082
339.69,-351348
339.7,-340067
339.71,-327506
339.72,-315279
339.73,-304584
339.74,-295438
339.75,-287690
339.76,-279654
339.77,-271031
339.78,-261747
339.79,-252329
339.8,-242665
339.81,-231795
339.82,-220191
339.83,-207384
339.84,-193686
339.85,-179486
339.86,-164720
339.87,-150155
339.88,-136280
339.89,-123386
339.9,-111273
339.91,-99583
339.92,-88607
339.93,-78996
339.94,-71305
339.95,-65480
339.96,-61002
339.97,-56945
339.98,-52083
339.99,-47944
340.0,-45114
340.01,-40756
340.02,-34532
340.03,-25745
340.04,-12388
340.05,4915
340.06,24560
340.07,44925
340.08,64406
340.09,82930
340.1,99958
340.11,115139
340.12,130612
340.13,146264
340.14,161928
340.15,177183
340.16,190377
340.17,202788
340.18,214343
340.19,224582
340.2,234608
340.21,245457
340.22,257142
340.23,267745
340.24,276463
340.25,284008
340.26,290625
340.27,296136
340.28,301703
340.29,308126
340.3,313735
340.31,319150
340.32,327337
340.33,337905
340.34,349547
340.35,360645
340.36,368360
340.37,372190
340.38,372869
340.39,372171
340.4,371827
340.41,371975
340.42,371368
340.43,369443
340.44,368039
340.45,367005
340.46,366585
340.47,369200
340.48,374784
340.49,383251
340.5,394508
340.51,407805
340.52,423381
340.53,440043
340.54,457144
340.55,475058
340.56,493025
340.57,510576
340.58,527259
340.59,540964
340.6,550243
340.61,555996
340.62,559400
340.63,560880
340.64,560561
340.65,559360
340.66,557198
340.67,553904
340.68,551910
340.69,553336
340.7,556882
340.71,560125
340.72,563826
340.73,569908
340.74,578501
340.75,589025
340.76,601064
340.77,614107
340.78,627441
340.79,640129
340.8,651678
340.81,661383
340.82,667260
340.83,668932
340.84,666296
340.85,658550
340.86,647269
340.87,635380
340.88,625122
340.89,618096
340.9,614893
340.91,614484
340.92,617350
340.93,624034
340.94,633486
340.95,645634
340.96,659853
340.97,675402
340.98,691417
340.99,706719
341.0,720463
341.01,731087
341.02,737284
341.03,738757
341.04,738156
341.05,736680
341.06,732793
341.07,727699
341.08,721615
341.09,714453
341.1,706716
341.11,698330
341.12,691001
341.13,685281
341.14,680615
341.15,677518
341.16,676045
341.17,676841
341.18,682017
341.19,691168
341.2,701970
341.21,713073
341.22,724362
341.23,736142
341.24,747664
341.25,758079
341.26,767709
341.27,776997
341.28,784252
341.29,789244
341.3,792774
341.31,793857
341.32,792890
341.33,790672
341.34,786859
341.35,781232
341.36,775215
341.37,769574
341.38,763664
341.39,757649
341.4,752007
341.41,747567
341.42,744131
341.43,741439
341.44,739365
341.45,737013
341.46,733547
341.47,729321
341.48,726724
341.49,725639
341.5,725147
341.51,725559
341.52,725795
341.53,724449
341.54,720670
341.55,714636
341.56,707053
341.57,699475
341.58,693153
341.59,687625
341.6,682124
341.61,676324
341.62,669885
341.63,662810
341.64,655979
341.65,650708
341.66,648011
341.67,647288
341.68,646860
341.69,646142
341.7,644757
341.71,642209
341.72,639697
341.73,637746
341.74,634888
341.75,630216
341.76,624001
341.77,616419
341.78,606724
341.79,594834
341.8,582053
341.81,569252
341.82,556940
341.83,545394
341.84,533377
341.85,519227
341.86,502742
341.87,486452
341.88,472817
341.89,461752
341.9,452961
341.91,445961
341.92,440048
341.93,433066
341.94,424075
341.95,414746
341.96,405101
341.97,395592
341.98,386864
341.99,379097
342.0,372972
342.01,368042
342.02,362642
342.03,356505
342.04,350359
342.05,343117
342.06,334164
342.07,323737
342.08,311854
342.09,298160
342.1,283259
342.11,267440
342.12,249831
342.13,231014
342.14,210139
342.15,187088
342.16,163644
342.17,141474
342.18,121403
342.19,103396
342.2,87649
342.21,72760
342.22,58536
342.23,45847
342.24,35925
342.25,29640
342.26,25721
342.27,22873
342.28,19732
342.29,15335
342.3,9021
342.31,1283
342.32,-6260
342.33,-14734
342.34,-25607
342.35,-37149
342.36,-49779
342.37,-64707
342.38,-79770
342.39,-93961
342.4,-108137
342.41,-123364
342.42,-139755
342.43,-156140
342.44,-171637
342.45,-185352
342.46,-195797
342.47,-202806
342.48,-208720
342.49,-214284
342.5,-218552
342.51,-220716
342.52,-219792
342.53,-216453
342.54,-212196
342.55,-208650
342.56,-208226
342.57,-213170
342.58,-223401
342.59,-236938
342.6,-252601
342.61,-268234
342.62,-281704
342.63,-294385
342.64,-306693
342.65,-317668
342.66,-328302
342.67,-338827
342.68,-347548
342.69,-353082
342.7,-356043
342.71,-358687
342.72,-362365
342.73,-368083
342.74,-376749
342.75,-387078
342.76,-398149
342.77,-409189
342.78,-420726
342.79,-433286
342.8,-445023
342.81,-455868
342.82,-466450
342.83,-476773
342.84,-485794
342.85,-492928
342.86,-498033
342.87,-500430
342.88,-500542
342.89,-499087
342.9,-497413
342.91,-496192
342.92,-495087
342.93,-493929
342.94,-492448
342.95,-491381
342.96,-491446
342.97,-493204
342.98,-495774
342.99,-497366
343.0,-500238
343.01,-506368
343.02,-516077
343.03,-527649
343.04,-537905
343.05,-546931
343.06,-554701
343.07,-561618
343.08,-568082
343.09,-574150
343.1,-579536
343.11,-582335
343.12,-580666
343.13,-573826
343.14,-565127
343.15,-557709
343.16,-552285
343.17,-549086
343.18,-547658
343.19,-547617
343.2,-548315
343.21,-550662
343.22,-554579
343.23,-558009
343.24,-562046
343.25,-568763
343.26,-578423
343.27,-589270
343.28,-598792
343.29,-606057
343.3,-609680
343.31,-608897
343.32,-605335
343.33,-601113
343.34,-596793
343.35,-591595
343.36,-585866
343.37,-579670
343.38,-572748
343.39,-566306
343.4,-562006
343.41,-561517
343.42,-565004
343.43,-570985
343.44,-577690
343.45,-584173
343.46,-590264
343.47,-594451
343.48,-596428
343.49,-597388
343.5,-597265
343.51,-596222
343.52,-593717
343.53,-589344
343.54,-583033
343.55,-574385
343.56,-564955
343.57,-556110
343.58,-547990
343.59,-538847
343.6,-526535
343.61,-512667
343.62,-499880
343.63,-488209
343.64,-476914
343.65,-467285
343.66,-460790
343.67,-457888
343.68,-458504
343.69,-460881
343.7,-463433
343.71,-466516
343.72,-469467
343.73,-471616
343.74,-475661
343.75,-480805
343.76,-483475
343.77,-484431
343.78,-482447
343.79,-475318
343.8,-464203
343.81,-448658
343.82,-429633
343.83,-409345
343.84,-388440
343.85,-368722
343.86,-351309
343.87,-336879
343.88,-325115
343.89,-315284
343.9,-307345
343.91,-300987
343.92,-297128
343.93,-296136
343.94,-297550
343.95,-299856
343.96,-302970
343.97,-307119
343.98,-308953
343.99,-307039
344.0,-302355
344.01,-295057
344.02,-284113
344.03,-269884
344.04,-253787
344.05,-236101
344.06,-217721
344.07,-199119
344.08,-180606
344.09,-160974
344.1,-140129
344.11,-121185
344.12,-104945
344.13,-91813
344.14,-82028
344.15,-74050
344.16,-66441
344.17,-58378
344.18,-49641
344.19,-40230
344.2,-30921
344.21,-21906
344.22,-11963
344.23,-1125
344.24,9432
344.25,19927
344.26,30139
344.27,40272
344.28,50122
344.29,57605
344.3,63078
344.31,67900
344.32,72815
344.33,77732
344.34,83277
344.35,89013
344.36,92201
344.37,92998
344.38,92968
344.39,93726
344.4,95090
344.41,96014
344.42,96530
344.43,96364
344.44,97293
344.45,100818
344.46,106702
344.47,113956
344.48,120456
344.49,127153
344.5,136818
344.51,149327
344.52,164088
344.53,180172
344.54,195496
344.55,208345
344.56,217792
344.57,223902
344.58,227381
344.59,229716
344.6,231372
344.61,232341
344.62,233337
344.63,234541
344.64,236036
344.65,238475
344.66,242750
344.67,247699
344.68,252967
344.69,259356
344.7,266834
344.71,276115
344.72,286367
344.73,295650
344.74,302367
344.75,307974
344.76,313532
344.77,318337
344.78,325027
344.79,333631
344.8,342608
344.81,352033
344.82,361264
344.83,369715
344.84,377318
344.85,384178
344.86,389234
344.87,392504
344.88,395423
344.89,399276
344.9,403335
344.91,404559
344.92,402210
344.93,399451
344.94,399094
344.95,401362
344.96,405049
344.97,407805
344.98,409052
344.99,409949
345.0,411369
345.01,414028
345.02,417607
345.03,420243
345.04,421303
345.05,422273
345.06,423902
345.07,425781
345.08,426699
345.09,427562
345.1,429335
345.11,430665
345.12,431455
345.13,431578
345.14,430431
345.15,427885
345.16,425097
345.17,423114
345.18,420995
345.19,417637
345.2,413118
345.21,409687
345.22,407368
345.23,405269
345.24,404122
345.25,402808
345.26,401081
345.27,399511
345.28,399336
345.29,400632
345.3,400722
345.31,398661
345.32,395056
345.33,390753
345.34,386976
345.35,385796
345.36,387228
345.37,387277
345.38,384475
345.39,382351
345.4,382535
345.41,384042
345.42,386695
345.43,390382
345.44,395214
345.45,400359
345.46,406169
345.47,413121
345.48,419043
345.49,422808
345.5,423814
345.51,421892
345.52,418561
345.53,415931
345.54,414327
345.55,412838
345.56,410239
345.57,405122
345.58,398809
345.59,392272
345.6,385177
345.61,378114
345.62,371544
345.63,365037
345.64,359018
345.65,353605
345.66,348268
345.67,343598
345.68,338103
345.69,332473
345.7,328363
345.71,324486
345.72,321086
345.73,319609
345.74,320413
345.75,321974
345.76,324133
345.77,326961
345.78,329290
345.79,332128
345.8,336519
345.81,340694
345.82,343242
345.83,344717
345.84,345021
345.85,345630
345.86,347968
345.87,350547
345.88,350592
345.89,346458
345.9,339240
345.91,328836
345.92,316270
345.93,304319
345.94,293533
345.95,283646
345.96,274934
345.97,267463
345.98,260013
345.99,251422
346.0,241300
346.01,231353
346.02,222318
346.03,213816
346.04,207666
346.05,203456
346.06,200052
346.07,197126
346.08,194047
346.09,191411
346.1,188819
346.11,184502
346.12,178853
346.13,173556
346.14,168317
346.15,162547
346.16,155825
346.17,148570
346.18,141378
346.19,133226
346.2,125013
346.21,117594
346.22,109440
346.23,100829
346.24,93489
346.25,87959
346.26,83897
346.27,80298
346.28,75921
346.29,69961
346.3,63846
346.31,58837
346.32,53984
346.33,50354
346.34,48308
346.35,46980
346.36,45443
346.37,43208
346.38,41530
346.39,39726
346.4,38105
346.41,37918
346.42,39767
346.43,44579
346.44,52444
346.45,62065
346.46,70826
346.47,78526
346.48,85607
346.49,92214
346.5,98876
346.51,104308
346.52,107330
346.53,106867
346.54,104164
346.55,100887
346.56,96124
346.57,89508
346.58,81074
346.59,72458
346.6,63952
346.61,54598
346.62,45304
346.63,36216
346.64,28399
346.65,23821
346.66,22365
346.67,23279
346.68,26066
346.69,30386
346.7,36140
346.71,41473
346.72,45461
346.73,49258
346.74,53255
346.75,57136
346.76,60660
346.77,63688
346.78,65480
346.79,66743
346.8,67591
346.81,66353
346.82,63512
346.83,61250
346.84,60922
346.85,63045
346.86,68066
346.87,73974
346.88,79473
346.89,85999
346.9,92202
346.91,95480
346.92,97528
346.93,101731
346.94,107707
346.95,112315
346.96,115673
346.97,119666
346.98,121275
346.99,120302
347.0,120374
347.01,120832
347.02,120664
347.03,121349
347.04,122498
347.05,121541
347.06,119688
347.07,119063
347.08,119490
347.09,119308
347.1,118137
347.11,117252
347.12,115018
347.13,112222
347.14,108867
347.15,102989
347.16,94530
347.17,84105
347.18,75010
347.19,66860
347.2,59585
347.21,55029
347.22,52341
347.23,52048
347.24,53241
347.25,54526
347.26,55758
347.27,56651
347.28,57269
347.29,58280
347.3,61112
347.31,66105
347.32,73006
347.33,81854
347.34,90170
347.35,95010
347.36,97751
347.37,100411
347.38,103600
347.39,108420
347.4,114679
347.41,119295
347.42,120881
347.43,121586
347.44,122473
347.45,123969
347.46,124158
347.47,121796
347.48,118341
347.49,114268
347.5,111382
347.51,109048
347.52,106129
347.53,103810
347.54,102899
347.55,102888
347.56,101581
347.57,98665
347.58,96097
347.59,95630
347.6,94528
347.61,90575
347.62,85300
347.63,79977
347.64,76209
347.65,73443
347.66,70674
347.67,67939
347.68,65281
347.69,64507
347.7,66473
347.71,68112
347.72,69248
347.73,72040
347.74,74954
347.75,77680
347.76,80230
347.77,81611
347.78,82099
347.79,82916
347.8,84558
347.81,86333
347.82,87976
347.83,87446
347.84,83355
347.85,77470
347.86,72189
347.87,67694
347.88,63257
347.89,59184
347.9,54927
347.91,51061
347.92,49715
347.93,51137
347.94,52826
347.95,55293
347.96,60148
347.97,66310
347.98,74246
347.99,83354
348.0,92121
348.01,99739
348.02,105838
348.03,109879
348.04,111047
348.05,109946
348.06,107138
348.07,104125
348.08,103105
348.09,104092
348.1,105866
348.11,108074
348.12,110097
348.13,111617
348.14,111237
348.15,107087
348.16,99343
348.17,88650
348.18,77879
348.19,67833
348.2,57518
348.21,47884
348.22,39680
348.23,34080
348.24,30408
348.25,27793
348.26,26780
348.27,27812
348.28,29692
348.29,32186
348.3,36892
348.31,41961
348.32,46486
348.33,50970
348.34,53538
348.35,51087
348.36,44612
348.37,37583
348.38,29875
348.39,22540
348.4,16725
348.41,12981
348.42,12025
348.43,12572
348.44,13431
348.45,14718
348.46,16165
348.47,16531
348.48,16041
348.49,14942
348.5,13716
348.51,11075
348.52,5498
348.53,-1169
348.54,-9762
348.55,-20828
348.56,-33409
348.57,-47327
348.58,-60651
348.59,-73098
348.6,-85529
348.61,-96767
348.62,-105154
348.63,-112397
348.64,-121337
348.65,-130180
348.66,-137535
348.67,-144628
348.68,-150969
348.69,-155880
348.7,-159890
348.71,-165252
348.72,-172772
348.73,-180300
348.74,-188411
348.75,-197518
348.76,-205761
348.77,-212487
348.78,-217777
348.79,-221946
348.8,-223838
348.81,-223634
348.82,-223653
348.83,-224120
348.84,-224010
348.85,-224280
348.86,-225265
348.87,-224757
348.88,-223450
348.89,-223702
348.9,-226146
348.91,-228700
348.92,-231699
348.93,-238104
348.94,-246229
348.95,-255040
348.96,-264944
348.97,-274877
348.98,-283226
348.99,-291671
349.0,-303535
349.01,-317129
349.02,-330572
349.03,-342690
349.04,-353179
349.05,-362917
349.06,-371333
349.07,-378238
349.08,-384759
349.09,-391937
349.1,-398337
349.11,-404161
349.12,-409550
349.13,-413955
349.14,-418620
349.15,-421370
349.16,-421118
349.17,-419404
349.18,-416819
349.19,-413494
349.2,-410834
349.21,-411015
349.22,-412811
349.23,-414277
349.24,-416274
349.25,-419845
349.26,-422147
349.27,-422656
349.28,-426093
349.29,-433300
349.3,-441865
349.31,-451539
349.32,-463256
349.33,-475937
349.34,-488313
349.35,-501547
349.36,-515811
349.37,-529236
349.38,-542053
349.39,-555331
349.4,-568259
349.41,-578566
349.42,-584884
349.43,-588773
349.44,-590786
349.45,-591590
349.46,-591842
349.47,-591858
349.48,-591694
349.49,-590684
349.5,-590652
349.51,-591774
349.52,-593755
349.53,-595375
349.54,-595538
349.55,-596283
349.56,-598330
349.57,-602699
349.58,-608410
349.59,-614058
349.6,-620184
349.61,-626803
349.62,-635019
349.63,-645354
349.64,-656629
349.65,-667934
349.66,-679080
349.67,-689680
349.68,-700796
349.69,-711562
349.7,-720452
349.71,-728233
349.72,-735101
349.73,-741496
349.74,-748504
349.75,-757608
349.76,-765134
349.77,-768526
349.78,-770473
349.79,-773088
349.8,-778239
349.81,-783765
349.82,-788784
349.83,-794318
349.84,-798208
349.85,-799033
349.86,-799089
349.87,-799505
349.88,-798993
349.89,-799078
349.9,-799722
349.91,-801408
349.92,-804114
349.93,-807361
349.94,-812646
349.95,-817993
349.96,-821767
349.97,-823636
349.98,-824118
349.99,-823301
350.0,-821182
350.01,-819663
350.02,-820215
350.03,-821614
350.04,-823557
350.05,-828248
350.06,-833545
350.07,-836471
350.08,-836564
350.09,-834547
350.1,-830949
350.11,-826503
350.12,-822346
350.13,-818268
350.14,-813392
350.15,-805613
350.16,-795737
350.17,-784911
350.18,-774095
350.19,-764738
350.2,-756518
350.21,-749998
350.22,-744517
350.23,-739920
350.24,-735783
350.25,-731418
350.26,-724741
350.27,-714352
350.28,-704085
350.29,-696691
350.3,-692134
350.31,-689822
350.32,-691479
350.33,-696457
350.34,-702135
350.35,-706375
350.36,-708441
350.37,-709848
350.38,-708161
350.39,-704571
350.4,-701694
350.41,-698899
350.42,-695724
350.43,-693340
350.44,-692511
350.45,-689685
350.46,-684672
350.47,-679011
350.48,-674077
350.49,-670470
350.5,-667723
350.51,-665783
350.52,-662369
350.53,-657496
350.54,-652602
350.55,-647105
350.56,-639663
350.57,-631116
350.58,-622383
350.59,-613880
350.6,-605692
350.61,-595096
350.62,-582786
350.63,-571194
350.64,-559471
350.65,-547716
350.66,-538582
350.67,-532155
350.68,-525404
350.69,-516945
350.7,-505700
350.71,-491456
350.72,-475943
350.73,-461004
350.74,-447166
350.75,-433776
350.76,-421350
350.77,-410366
350.78,-399926
350.79,-388385
350.8,-376684
350.81,-365313
350.82,-353090
350.83,-341856
350.84,-333061
350.85,-325821
350.86,-317972
350.87,-309423
350.88,-300370
350.89,-289185
350.9,-275896
350.91,-262451
350.92,-248985
350.93,-234811
350.94,-222203
350.95,-209952
350.96,-196435
350.97,-183300
350.98,-171115
350.99,-159486
351.0,-148527
351.01,-139188
351.02,-131412
351.03,-123785
351.04,-114686
351.05,-105464
351.06,-95637
351.07,-83715
351.08,-71503
351.09,-59706
351.1,-47687
351.11,-34072
351.12,-18732
351.13,-2039
351.14,15404
351.15,33331
351.16,51685
351.17,68595
351.18,83976
351.19,98354
351.2,110911
351.21,121857
351.22,133444
351.23,147180
351.24,161785
351.25,175576
351.26,188000
351.27,198731
351.28,207797
351.29,216053
351.3,223719
351.31,230527
351.32,236698
351.33,244237
351.34,254238
351.35,264247
351.36,272115
351.37,277923
351.38,283677
351.39,289354
351.4,294369
351.41,300930
351.42,308575
351.43,315226
351.44,321341
351.45,328499
351.46,334407
351.47,336880
351.48,338138
351.49,337905
351.5,335372
351.51,331428
351.52,326701
351.53,320828
351.54,313598
351.55,306326
351.56,300248
351.57,297023
351.58,297989
351.59,302534
351.6,308478
351.61,316825
351.62,327792
351.63,339657
351.64,353309
351.65,367440
351.66,380660
351.67,392328
351.68,401714
351.69,409757
351.7,416186
351.71,419305
351.72,420004
351.73,419977
351.74,418667
351.75,416074
351.76,412842
351.77,410576
351.78,409839
351.79,411189
351.8,414323
351.81,417307
351.82,421483
351.83,427064
351.84,434545
351.85,443035
351.86,450455
351.87,457105
351.88,461606
351.89,463599
351.9,463602
351.91,464389
351.92,467637
351.93,472866
351.94,479426
351.95,485631
351.96,492506
351.97,499481
351.98,505518
351.99,511206
352.0,517911
352.01,525827
352.02,532994
352.03,539653
352.04,546058
352.05,551096
352.06,553275
352.07,552624
352.08,549088
352.09,542588
352.1,534586
352.11,525348
352.12,514580
352.13,502416
352.14,488982
352.15,474452
352.16,461959
352.17,453378
352.18,448372
352.19,447927
352.2,450899
352.21,455477
352.22,460928
352.23,467805
352.24,475952
352.25,485717
352.26,498049
352.27,511693
352.28,525480
352.29,537428
352.3,546707
352.31,553353
352.32,555928
352.33,554771
352.34,553120
352.35,550636
352.36,547095
352.37,546427
352.38,546428
352.39,544197
352.4,539395
352.41,531804
352.42,522273
352.43,511780
352.44,502689
352.45,494897
352.46,488337
352.47,483823
352.48,480570
352.49,476875
352.5,472641
352.51,468352
352.52,463225
352.53,458474
352.54,455587
352.55,455263
352.56,456322
352.57,457673
352.58,459162
352.59,460031
352.6,459158
352.61,456738
352.62,454525
352.63,451061
352.64,446593
352.65,441599
352.66,435411
352.67,428624
352.68,420484
352.69,412484
352.7,406146
352.71,403255
352.72,403619
352.73,405479
352.74,407734
352.75,407752
352.76,404882
352.77,399227
352.78,392257
352.79,385058
352.8,378946
352.81,374317
352.82,368726
352.83,362122
352.84,356351
352.85,353305
352.86,352768
352.87,353542
352.88,353414
352.89,351656
352.9,349889
352.91,347437
352.92,342927
352.93,336127
352.94,327828
352.95,318591
352.96,310353
352.97,303896
352.98,297931
352.99,293121
353.0,289858
353.01,287235
353.02,285059
353.03,283579
353.04,281397
353.05,277610
353.06,272860
353.07,268439
353.08,263343
353.09,256566
353.1,250113
353.11,242614
353.12,234513
353.13,227599
353.14,220105
353.15,212049
353.16,204762
353.17,198863
353.18,192720
353.19,186471
353.2,181311
353.21,177221
353.22,174476
353.23,173279
353.24,174305
353.25,174922
353.26,173957
353.27,172245
353.28,169309
353.29,165676
353.3,162347
353.31,160305
353.32,159749
353.33,162895
353.34,171178
353.35,181571
353.36,191351
353.37,200401
353.38,207446
353.39,211177
353.4,213313
353.41,215468
353.42,217313
353.43,218227
353.44,218710
353.45,217791
353.46,215390
353.47,213128
353.48,210952
353.49,208702
353.5,207361
353.51,207895
353.52,209653
353.53,214025
353.54,220286
353.55,225482
353.56,230511
353.57,235022
353.58,237082
353.59,235923
353.6,233609
353.61,229951
353.62,222885
353.63,214522
353.64,205278
353.65,194975
353.66,183883
353.67,171490
353.68,158276
353.69,144592
353.7,133149
353.71,125511
353.72,120002
353.73,118038
353.74,121729
353.75,129723
353.76,140445
353.77,152457
353.78,164403
353.79,175335
353.8,185081
353.81,193826
353.82,200730
353.83,206572
353.84,210687
353.85,211973
353.86,210569
353.87,206048
353.88,199294
353.89,190817
353.9,182900
353.91,176760
353.92,170777
353.93,164678
353.94,158335
353.95,151954
353.96,146562
353.97,141371
353.98,135456
353.99,131491
354.0,129728
354.01,129106
354.02,130519
354.03,133075
354.04,135546
354.05,137375
354.06,139955
354.07,143885
354.08,148314
354.09,152468
354.1,156705
354.11,161498
354.12,163801
354.13,163401
354.14,161631
354.15,156661
354.16,147699
354.17,136566
354.18,124296
354.19,110891
354.2,98128
354.21,86821
354.22,77627
354.23,71036
354.24,66073
354.25,62771
354.26,60982
354.27,59876
354.28,59312
354.29,59047
354.3,59922
354.31,63247
354.32,67423
354.33,72466
354.34,78326
354.35,83329
354.36,87371
354.37,89550
354.38,90654
354.39,90639
354.4,88875
354.41,85754
354.42,80367
354.43,72834
354.44,63604
354.45,53930
354.46,44717
354.47,36093
354.48,27797
354.49,20012
354.5,13259
354.51,6547
354.52,1853
354.53,1981
354.54,6222
354.55,11659
354.56,18143
354.57,27349
354.58,36647
354.59,44982
354.6,52316
354.61,56374
354.62,57654
354.63,57507
354.64,56345
354.65,54618
354.66,52505
354.67,50947
354.68,50514
354.69,51060
354.7,52407
354.71,53135
354.72,52750
354.73,52294
354.74,53025
354.75,55368
354.76,58162
354.77,59627
354.78,58412
354.79,55152
354.8,49940
354.81,42532
354.82,33256
354.83,21097
354.84,5852
354.85,-10587
354.86,-26723
354.87,-42194
354.88,-55804
354.89,-67013
354.9,-74889
354.91,-77884
354.92,-74621
354.93,-65173
354.94,-51658
354.95,-33934
354.96,-13391
354.97,6707
354.98,24857
354.99,41337
355.0,55704
355.01,66119
355.02,73171
355.03,76524
355.04,76337
355.05,74841
355.06,72592
355.07,69252
355.08,64008
355.09,56343
355.1,47217
355.11,37282
355.12,26636
355.13,18171
355.14,12708
355.15,8288
355.16,5907
355.17,6554
355.18,9919
355.19,15075
355.2,21779
355.21,29283
355.22,35669
355.23,40264
355.24,42342
355.25,42036
355.26,39376
355.27,34616
355.28,28934
355.29,23020
355.3,17268
355.31,10488
355.32,3313
355.33,-2472
355.34,-7795
355.35,-12999
355.36,-16714
355.37,-19372
355.38,-21779
355.39,-23024
355.4,-22909
355.41,-21186
355.42,-16993
355.43,-11030
355.44,-4698
355.45,1004
355.46,3156
355.47,318
355.48,-7229
355.49,-18502
355.5,-30375
355.51,-41524
355.52,-50708
355.53,-56856
355.54,-58182
355.55,-54550
355.56,-48746
355.57,-41926
355.58,-35496
355.59,-29812
355.6,-25791
355.61,-22997
355.62,-20907
355.63,-21790
355.64,-25463
355.65,-31169
355.66,-38725
355.67,-48148
355.68,-57461
355.69,-65012
355.7,-71228
355.71,-75130
355.72,-77256
355.73,-78809
355.74,-79940
355.75,-80235
355.76,-78826
355.77,-76170
355.78,-73434
355.79,-69638
355.8,-65395
355.81,-62389
355.82,-59501
355.83,-57694
355.84,-57641
355.85,-58616
355.86,-59187
355.87,-57728
355.88,-54329
355.89,-48089
355.9,-38845
355.91,-27226
355.92,-14331
355.93,-1278
355.94,10266
355.95,17063
355.96,18142
355.97,15239
355.98,9028
355.99,574
356.0,-7266
356.01,-14584
356.02,-22017
356.03,-28477
356.04,-34150
356.05,-39903
356.06,-45524
356.07,-50655
356.08,-56715
356.09,-65059
356.1,-75728
356.11,-88760
356.12,-103786
356.13,-118513
356.14,-129844
356.15,-136472
356.16,-138394
356.17,-135793
356.18,-129126
356.19,-119065
356.2,-106262
356.21,-92240
356.22,-77686
356.23,-61534
356.24,-44545
356.25,-26927
356.26,-8573
356.27,9172
356.28,24836
356.29,37197
356.3,47485
356.31,56255
356.32,62275
356.33,65439
356.34,66481
356.35,64430
356.36,59197
356.37,52918
356.38,44703
356.39,34507
356.4,23997
356.41,13285
356.42,2228
356.43,-8934
356.44,-17855
356.45,-24325
356.46,-31492
356.47,-40301
356.48,-49737
356.49,-60539
356.5,-72684
356.51,-84105
356.52,-93923
356.53,-100680
356.54,-103259
356.55,-101411
356.56,-96379
356.57,-89884
356.58,-81855
356.59,-73590
356.6,-66387
356.61,-60916
356.62,-56820
356.63,-54128
356.64,-52522
356.65,-49530
356.66,-44947
356.67,-38858
356.68,-30714
356.69,-20162
356.7,-7259
356.71,8607
356.72,27682
356.73,45584
356.74,58253
356.75,65083
356.76,68399
356.77,70343
356.78,70018
356.79,67006
356.8,61143
356.81,51109
356.82,37758
356.83,24273
356.84,12770
356.85,4660
356.86,1171
356.87,3823
356.88,11687
356.89,21996
356.9,35744
356.91,52256
356.92,67248
356.93,79917
356.94,91328
356.95,100325
356.96,105924
356.97,107065
356.98,102302
356.99,91266
357.0,72884
357.01,48225
357.02,19937
357.03,-10423
357.04,-39368
357.05,-63791
357.06,-82393
357.07,-93548
357.08,-95827
357.09,-89141
357.1,-75693
357.11,-59427
357.12,-42823
357.13,-25817
357.14,-7463
357.15,10794
357.16,26839
357.17,41478
357.18,54345
357.19,64862
357.2,73110
357.21,80592
357.22,88658
357.23,95838
357.24,102586
357.25,108886
357.26,115382
357.27,123073
357.28,130314
357.29,135912
357.3,139859
357.31,142597
357.32,141890
357.33,135542
357.34,123371
357.35,105890
357.36,85173
357.37,62754
357.38,38955
357.39,15221
357.4,-6621
357.41,-26535
357.42,-43730
357.43,-57122
357.44,-65196
357.45,-67568
357.46,-67128
357.47,-64712
357.48,-59587
357.49,-52842
357.5,-46665
357.51,-41200
357.52,-38587
357.53,-42339
357.54,-52082
357.55,-67366
357.56,-86051
357.57,-106933
357.58,-128883
357.59,-150087
357.6,-170999
357.61,-189750
357.62,-205642
357.63,-218388
357.64,-227698
357.65,-233710
357.66,-235889
357.67,-236078
357.68,-235788
357.69,-235320
357.7,-235618
357.71,-238672
357.72,-245157
357.73,-254341
357.74,-265554
357.75,-277446
357.76,-286486
357.77,-291452
357.78,-293604
357.79,-292257
357.8,-287924
357.81,-280072
357.82,-267879
357.83,-251985
357.84,-234577
357.85,-217721
357.86,-200245
357.87,-181497
357.88,-161930
357.89,-142798
357.9,-125019
357.91,-109441
357.92,-97413
357.93,-87786
357.94,-79683
357.95,-74566
357.96,-72816
357.97,-74005
357.98,-77846
357.99,-83212
358.0,-89263
358.01,-97362
358.02,-108812
358.03,-121948
358.04,-135187
358.05,-146780
358.06,-155462
358.07,-162410
358.08,-168069
358.09,-172198
358.1,-173602
358.11,-172221
358.12,-169969
358.13,-167393
358.14,-165643
358.15,-165898
358.16,-167473
358.17,-167951
358.18,-166636
358.19,-165073
358.2,-162745
358.21,-160711
358.22,-159584
358.23,-157124
358.24,-152824
358.25,-147790
358.26,-143317
358.27,-139559
358.28,-136610
358.29,-136170
358.3,-139405
358.31,-145208
358.32,-153276
358.33,-164002
358.34,-176507
358.35,-189876
358.36,-202521
358.37,-213721
358.38,-224522
358.39,-234414
358.4,-241806
358.41,-246242
358.42,-247590
358.43,-246415
358.44,-243145
358.45,-238892
358.46,-235199
358.47,-231738
358.48,-229456
358.49,-230481
358.5,-236285
358.51,-246931
358.52,-261747
358.53,-279782
358.54,-298105
358.55,-314792
358.56,-328914
358.57,-340652
358.58,-351165
358.59,-359100
358.6,-364152
358.61,-366819
358.62,-366913
358.63,-364570
358.64,-358961
358.65,-349224
358.66,-337038
358.67,-326024
358.68,-316017
358.69,-306122
358.7,-297541
358.71,-290855
358.72,-285764
358.73,-280899
358.74,-276366
358.75,-272765
358.76,-270685
358.77,-269968
358.78,-270143
358.79,-271319
358.8,-271400
358.81,-269304
358.82,-265697
358.83,-260957
358.84,-254350
358.85,-245761
358.86,-236974
358.87,-228556
358.88,-221190
358.89,-215186
358.9,-210393
358.91,-206912
358.92,-204231
358.93,-202260
358.94,-201206
358.95,-201874
358.96,-202331
358.97,-200568
358.98,-197886
358.99,-194716
359.0,-190939
359.01,-185447
359.02,-177988
359.03,-169049
359.04,-158632
359.05,-147895
359.06,-136378
359.07,-124759
359.08,-114050
359.09,-102786
359.1,-90679
359.11,-79183
359.12,-69649
359.13,-60725
359.14,-53340
359.15,-50404
359.16,-50946
359.17,-53763
359.18,-58359
359.19,-64661
359.2,-71383
359.21,-78082
359.22,-86689
359.23,-95970
359.24,-104053
359.25,-110826
359.26,-117052
359.27,-123093
359.28,-127874
359.29,-133115
359.3,-140661
359.31,-148163
359.32,-155181
359.33,-162085
359.34,-167242
359.35,-168046
359.36,-162368
359.37,-152384
359.38,-138319
359.39,-119871
359.4,-99546
359.41,-78134
359.42,-56704
359.43,-36412
359.44,-18394
359.45,-2337
359.46,13060
359.47,27056
359.48,39556
359.49,49673
359.5,56362
359.51,61400
359.52,67338
359.53,74430
359.54,81932
359.55,90917
359.56,100662
359.57,109037
359.58,115558
359.59,121579
359.6,127071
359.61,131922
359.62,137704
359.63,142467
359.64,144475
359.65,143846
359.66,140654
359.67,134821
359.68,126969
359.69,119218
359.7,111779
359.71,105513
359.72,101217
359.73,98538
359.74,98282
359.75,99399
359.76,101835
359.77,106510
359.78,112921
359.79,121447
359.8,132951
359.81,147898
359.82,164143
359.83,179330
359.84,194482
359.85,211206
359.86,228231
359.87,243623
359.88,257445
359.89,268717
359.9,275781
359.91,280431
359.92,284005
359.93,283890
359.94,280172
359.95,274354
359.96,265569
359.97,254257
359.98,242598
359.99,231962
360.0,221898
