0.0,18754
0.01,19925
0.02,19568
0.03,20541
0.04,20417
0.05,19246
0.06,19016
0.07,17936
0.08,19324
0.09,18932
0.1,17580
0.11,20998
0.12,18783
0.13,19139
0.14,22471
0.15,20369
0.16,19709
0.17,21157
0.18,23075
0.19,17996
0.2,19321
0.21,24398
0.22,19491
0.23,19777
0.24,22446
0.25,21678
0.26,22262
0.27,23569
0.28,21507
0.29,21985
0.3,25733
0.31,23268
0.32,21901
0.33,24053
0.34,23650
0.35,22270
0.36,22261
0.37,24535
0.38,25223
0.39,23871
0.4,23921
0.41,25777
0.42,24989
0.43,23782
0.44,25409
0.45,24726
0.46,25198
0.47,25401
0.48,26444
0.49,26597
0.5,25742
0.51,27709
0.52,27168
0.53,27467
0.54,28884
0.55,29307
0.56,27792
0.57,28602
0.58,31288
0.59,31267
0.6,29770
0.61,30724
0.62,32464
0.63,29959
0.64,31107
0.65,32162
0.66,31931
0.67,32719
0.68,32724
0.69,34598
0.7,32999
0.71,33111
0.72,33869
0.73,33717
0.74,33709
0.75,28538
0.76,29457
0.77,35639
0.78,39894
0.79,39186
0.8,33121
0.81,31470
0.82,32361
0.83,33565
0.84,34848
0.85,36823
0.86,33728
0.87,29587
0.88,35678
0.89,34711
0.9,33282
0.91,33552
0.92,33521
0.93,35312
0.94,28735
0.95,35420
0.96,35195
0.97,29312
0.98,35508
0.99,33350
1.0,34547
1.01,33526
1.02,32568
1.03,34415
1.04,31971
1.05,34205
1.06,33632
1.07,32696
1.08,38187
1.09,35403
1.1,29912
1.11,35813
1.12,35849
1.13,30554
1.14,29441
1.15,31891
1.16,33547
1.17,30280
1.18,32468
1.19,34635
1.2,30713
1.21,29510
1.22,31467
1.23,30308
1.24,28297
1.25,29778
1.26,29379
1.27,27917
1.28,29323
1.29,28721
1.3,26790
1.31,28223
1.32,28435
1.33,27961
1.34,28209
1.35,25459
1.36,25407
1.37,27330
1.38,27139
1.39,27146
1.4,27044
1.41,26269
1.42,26067
1.43,27262
1.44,27039
1.45,25188
1.46,25001
1.47,25817
1.48,24748
1.49,25208
1.5,24616
1.51,23825
1.52,25127
1.53,21877
1.54,22579
1.55,24258
1.56,22270
1.57,21033
1.58,21776
1.59,23634
1.6,20487
1.61,20295
1.62,21416
1.63,19705
1.64,20979
1.65,20999
1.66,19168
1.67,19526
1.68,20204
1.69,20759
1.7,20189
1.71,19693
1.72,19694
1.73,18330
1.74,19928
1.75,20755
1.76,18546
1.77,18083
1.78,21140
1.79,21641
1.8,18662
1.81,18682
1.82,17906
1.83,19379
1.84,22193
1.85,19582
1.86,19328
1.87,20415
1.88,19984
1.89,19856
1.9,18854
1.91,20331
1.92,20870
1.93,18855
1.94,18389
1.95,20422
1.96,20002
1.97,17944
1.98,18312
1.99,17892
2.0,18066
2.01,17414
2.02,19427
2.03,19920
2.04,18437
2.05,20153
2.06,18017
2.07,18495
2.08,17615
2.09,17314
2.1,18674
2.11,16958
2.12,19070
2.13,18251
2.14,18885
2.15,18894
2.16,16901
2.17,18458
2.18,17520
2.19,18096
2.2,18983
2.21,17433
2.22,17808
2.23,18620
2.24,17323
2.25,17163
2.26,17556
2.27,17001
2.28,16956
2.29,17877
2.3,17899
2.31,18211
2.32,19452
2.33,17132
2.34,17557
2.35,19455
2.36,18572
2.37,17883
2.38,18509
2.39,18445
2.4,16296
2.41,17696
2.42,19561
2.43,19472
2.44,19048
2.45,21263
2.46,21956
2.47,18950
2.48,20084
2.49,21047
2.5,20368
2.51,19736
2.52,21893
2.53,23899
2.54,22310
2.55,22155
2.56,21989
2.57,23807
2.58,23934
2.59,21918
2.6,24079
2.61,23599
2.62,22931
2.63,25745
2.64,23554
2.65,22011
2.66,24846
2.67,25991
2.68,25663
2.69,26364
2.7,27239
2.71,25150
2.72,24628
2.73,26402
2.74,27487
2.75,26825
2.76,27074
2.77,28009
2.78,27297
2.79,29264
2.8,29903
2.81,28748
2.82,30328
2.83,32231
2.84,31885
2.85,30858
2.86,30759
2.87,32520
2.88,31699
2.89,29060
2.9,33856
2.91,39079
2.92,35837
2.93,30693
2.94,35513
2.95,36164
2.96,28968
2.97,36991
2.98,38332
2.99,31900
3.0,37493
3.01,37690
3.02,35414
3.03,34662
3.04,35667
3.05,35529
3.06,33170
3.07,36573
3.08,35449
3.09,35744
3.1,37589
3.11,35626
3.12,37499
3.13,37495
3.14,35268
3.15,35260
3.16,36990
3.17,37933
3.18,35868
3.19,36215
3.2,36779
3.21,34351
3.22,35866
3.23,35606
3.24,33340
3.25,34948
3.26,35745
3.27,34874
3.28,34574
3.29,35840
3.3,35064
3.31,33488
3.32,34871
3.33,34139
3.34,33457
3.35,33850
3.36,32932
3.37,33740
3.38,33422
3.39,32966
3.4,32688
3.41,32760
3.42,31696
3.43,30153
3.44,31924
3.45,31519
3.46,32416
3.47,31967
3.48,29164
3.49,30370
3.5,30188
3.51,28237
3.52,28661
3.53,29110
3.54,27552
3.55,27780
3.56,27693
3.57,27622
3.58,28685
3.59,26894
3.6,25341
3.61,27347
3.62,29008
3.63,26172
3.64,25406
3.65,28816
3.66,26891
3.67,23578
3.68,25456
3.69,25535
3.7,25434
3.71,25875
3.72,25324
3.73,26063
3.74,25474
3.75,25381
3.76,24332
3.77,25007
3.78,25686
3.79,22721
3.8,24715
3.81,24349
3.82,22262
3.83,24868
3.84,23418
3.85,20654
3.86,15463
3.87,7299
3.88,8335
3.89,24162
3.9,38185
3.91,34727
3.92,29155
3.93,31331
3.94,28753
3.95,10363
3.96,12391
3.97,23637
3.98,11686
3.99,21171
4.0,26951
4.01,23647
4.02,17787
4.03,19693
4.04,28798
4.05,6579
4.06,17624
4.07,20786
4.08,14461
4.09,26903
4.1,22024
4.11,24268
4.12,11609
4.13,16888
4.14,20388
4.15,16911
4.16,22341
4.17,9288
4.18,17357
4.19,18812
4.2,22277
4.21,27291
4.22,16496
4.23,19499
4.24,12873
4.25,15552
4.26,21161
4.27,17429
4.28,24102
4.29,21146
4.3,16041
4.31,19441
4.32,22789
4.33,17006
4.34,17841
4.35,22238
4.36,16067
4.37,17385
4.38,17168
4.39,18474
4.4,24213
4.41,24817
4.42,26039
4.43,24962
4.44,18753
4.45,14716
4.46,17537
4.47,19101
4.48,19531
4.49,15289
4.5,13800
4.51,21958
4.52,26184
4.53,26142
4.54,23897
4.55,23315
4.56,18750
4.57,14765
4.58,18844
4.59,22124
4.6,18745
4.61,18151
4.62,28141
4.63,23079
4.64,23361
4.65,26598
4.66,16236
4.67,20300
4.68,18693
4.69,17428
4.7,19000
4.71,18829
4.72,23509
4.73,16072
4.74,14310
4.75,19563
4.76,21696
4.77,25237
4.78,25012
4.79,21867
4.8,18268
4.81,16135
4.82,17302
4.83,17586
4.84,18535
4.85,20969
4.86,15669
4.87,18285
4.88,24411
4.89,18305
4.9,21906
4.91,22047
4.92,17175
4.93,19807
4.94,18655
4.95,17667
4.96,13682
4.97,17516
4.98,23442
4.99,16240
5.0,16012
5.01,18155
5.02,18273
5.03,20364
5.04,13840
5.05,16131
5.06,22242
5.07,21075
5.08,21551
5.09,18645
5.1,15170
5.11,13324
5.12,14138
5.13,12068
5.14,18693
5.15,25696
5.16,18079
5.17,13157
5.18,17582
5.19,22042
5.2,19310
5.21,18787
5.22,13195
5.23,18805
5.24,19904
5.25,13866
5.26,21316
5.27,18790
5.28,25330
5.29,20836
5.3,13490
5.31,20388
5.32,21729
5.33,22722
5.34,13910
5.35,18103
5.36,22079
5.37,15397
5.38,19563
5.39,23460
5.4,21917
5.41,17300
5.42,12117
5.43,3980
5.44,3067
5.45,5613
5.46,8648
5.47,17529
5.48,30336
5.49,34495
5.5,22725
5.51,27513
5.52,32791
5.53,27778
5.54,23537
5.55,15573
5.56,19742
5.57,22744
5.58,22795
5.59,23171
5.6,20618
5.61,21663
5.62,18186
5.63,19923
5.64,25200
5.65,26070
5.66,28877
5.67,24239
5.68,22070
5.69,21432
5.7,19951
5.71,26399
5.72,28997
5.73,31228
5.74,20933
5.75,16073
5.76,24316
5.77,21569
5.78,24729
5.79,23024
5.8,21794
5.81,23507
5.82,19331
5.83,17712
5.84,13901
5.85,22411
5.86,29632
5.87,25746
5.88,30144
5.89,33051
5.9,28210
5.91,28034
5.92,27054
5.93,23240
5.94,24094
5.95,22128
5.96,26233
5.97,31763
5.98,22763
5.99,24215
6.0,27945
6.01,25081
6.02,29320
6.03,27967
6.04,27629
6.05,25428
6.06,24849
6.07,26421
6.08,27667
6.09,33926
6.1,25904
6.11,27197
6.12,32436
6.13,24230
6.14,22565
6.15,19653
6.16,23564
6.17,25768
6.18,24646
6.19,25627
6.2,24633
6.21,29829
6.22,28655
6.23,29951
6.24,33086
6.25,33269
6.26,32343
6.27,27106
6.28,27851
6.29,25596
6.3,21356
6.31,25495
6.32,28372
6.33,30684
6.34,33859
6.35,28625
6.36,20576
6.37,22604
6.38,33640
6.39,36092
6.4,31348
6.41,31049
6.42,26740
6.43,22553
6.44,23121
6.45,25619
6.46,29719
6.47,26977
6.48,28950
6.49,33253
6.5,29465
6.51,28055
6.52,28103
6.53,31650
6.54,25503
6.55,23417
6.56,30399
6.57,23203
6.58,29510
6.59,32002
6.6,22141
6.61,27606
6.62,29319
6.63,25442
6.64,21181
6.65,21115
6.66,24046
6.67,23207
6.68,27765
6.69,25137
6.7,21068
6.71,21509
6.72,16651
6.73,19270
6.74,21649
6.75,27893
6.76,32319
6.77,23873
6.78,22450
6.79,21367
6.8,20743
6.81,21912
6.82,19998
6.83,21468
6.84,25386
6.85,25376
6.86,24176
6.87,26619
6.88,25643
6.89,23988
6.9,25192
6.91,21197
6.92,17211
6.93,21235
6.94,18960
6.95,23365
6.96,27490
6.97,19947
6.98,24389
6.99,25654
7.0,24519
7.01,25892
7.02,24448
7.03,23708
7.04,20566
7.05,22323
7.06,23335
7.07,20906
7.08,21656
7.09,19674
7.1,22900
7.11,26573
7.12,18636
7.13,24217
7.14,30728
7.15,24415
7.16,24740
7.17,22986
7.18,24311
7.19,25023
7.2,19559
7.21,21012
7.22,28319
7.23,30593
7.24,26226
7.25,26427
7.26,21493
7.27,20398
7.28,22638
7.29,21272
7.3,26310
7.31,25379
7.32,26659
7.33,24810
7.34,21289
7.35,26120
7.36,22327
7.37,20964
7.38,23596
7.39,20708
7.4,22795
7.41,28812
7.42,26840
7.43,22527
7.44,23251
7.45,24143
7.46,23536
7.47,23005
7.48,26086
7.49,28440
7.5,26265
7.51,22077
7.52,24179
7.53,26830
7.54,24848
7.55,24974
7.56,23694
7.57,25644
7.58,26221
7.59,23002
7.6,24029
7.61,23815
7.62,24903
7.63,29215
7.64,26709
7.65,25124
7.66,26738
7.67,25427
7.68,24091
7.69,22737
7.7,26297
7.71,25642
7.72,22685
7.73,24549
7.74,23733
7.75,25270
7.76,27061
7.77,24931
7.78,21678
7.79,23870
7.8,24827
7.81,22790
7.82,26421
7.83,24384
7.84,22862
7.85,25836
7.86,20472
7.87,16462
7.88,19115
7.89,21378
7.9,21775
7.91,19412
7.92,21648
7.93,21246
7.94,19071
7.95,22457
7.96,18828
7.97,18571
7.98,19359
7.99,20555
8.0,22011
8.01,16730
8.02,21027
8.03,20180
8.04,15865
8.05,17667
8.06,16823
8.07,19223
8.08,16200
8.09,15401
8.1,18113
8.11,17443
8.12,18818
8.13,15426
8.14,15905
8.15,17889
8.16,18471
8.17,18609
8.18,18580
8.19,20356
8.2,16917
8.21,19635
8.22,18408
8.23,16363
8.24,18622
8.25,14925
8.26,17445
8.27,19886
8.28,17599
8.29,15267
8.3,18236
8.31,20160
8.32,16566
8.33,17630
8.34,19810
8.35,18695
8.36,16817
8.37,17403
8.38,16609
8.39,14821
8.4,16265
8.41,15976
8.42,16399
8.43,18985
8.44,17263
8.45,16681
8.46,18161
8.47,17571
8.48,18498
8.49,19792
8.5,19629
8.51,15716
8.52,14164
8.53,17133
8.54,15196
8.55,16001
8.56,18728
8.57,14942
8.58,15072
8.59,17693
8.6,18080
8.61,20059
8.62,18526
8.63,17015
8.64,17280
8.65,17082
8.66,16383
8.67,14860
8.68,17085
8.69,14229
8.7,14128
8.71,19733
8.72,14926
8.73,13660
8.74,18187
8.75,15816
8.76,16540
8.77,19913
8.78,17109
8.79,15005
8.8,16391
8.81,16215
8.82,16062
8.83,16589
8.84,15416
8.85,18253
8.86,18015
8.87,15233
8.88,18531
8.89,20065
8.9,17858
8.91,16034
8.92,17717
8.93,16512
8.94,14542
8.95,14830
8.96,14782
8.97,16291
8.98,17575
8.99,18300
9.0,17141
9.01,15105
9.02,14303
9.03,15896
9.04,15966
9.05,16784
9.06,18813
9.07,17357
9.08,17510
9.09,16916
9.1,15960
9.11,16143
9.12,15558
9.13,17604
9.14,16720
9.15,15607
9.16,17823
9.17,16359
9.18,17594
9.19,18921
9.2,15922
9.21,17324
9.22,17216
9.23,16248
9.24,20444
9.25,19450
9.26,18203
9.27,17970
9.28,17001
9.29,19459
9.3,18425
9.31,20303
9.32,19198
9.33,18069
9.34,20992
9.35,18777
9.36,20616
9.37,20552
9.38,18902
9.39,20072
9.4,20198
9.41,17986
9.42,16982
9.43,19529
9.44,18702
9.45,19616
9.46,21620
9.47,20113
9.48,19523
9.49,21246
9.5,19640
9.51,20374
9.52,22400
9.53,19200
9.54,20246
9.55,20713
9.56,21475
9.57,20851
9.58,20185
9.59,22573
9.6,19731
9.61,22195
9.62,22455
9.63,18608
9.64,20840
9.65,21507
9.66,21325
9.67,21064
9.68,20906
9.69,21736
9.7,21622
9.71,20505
9.72,20091
9.73,20604
9.74,21002
9.75,21870
9.76,22341
9.77,21388
9.78,21252
9.79,23970
9.8,22393
9.81,19988
9.82,22093
9.83,21403
9.84,20168
9.85,22549
9.86,23036
9.87,21293
9.88,23282
9.89,23225
9.9,21669
9.91,22666
9.92,24588
9.93,23228
9.94,19920
9.95,23184
9.96,23092
9.97,22052
9.98,24593
9.99,22668
10.0,22318
10.01,22875
10.02,22800
10.03,25046
10.04,24074
10.05,22786
10.06,22041
10.07,20122
10.08,21081
10.09,21491
10.1,21730
10.11,22145
10.12,22679
10.13,20613
10.14,21117
10.15,25402
10.16,21215
10.17,20069
10.18,23520
10.19,21871
10.2,21046
10.21,21610
10.22,19819
10.23,20694
10.24,21452
10.25,19385
10.26,20176
10.27,20079
10.28,20842
10.29,19599
10.3,19802
10.31,19522
10.32,17451
10.33,20319
10.34,17949
10.35,18587
10.36,20108
10.37,18827
10.38,20214
10.39,19099
10.4,18571
10.41,18885
10.42,17967
10.43,17107
10.44,18866
10.45,17760
10.46,17021
10.47,18334
10.48,17659
10.49,17218
10.5,15847
10.51,16407
10.52,15629
10.53,17355
10.54,17880
10.55,14625
10.56,16225
10.57,16736
10.58,15938
10.59,14235
10.6,14834
10.61,17480
10.62,17313
10.63,16157
10.64,15204
10.65,14225
10.66,14088
10.67,16368
10.68,16972
10.69,16625
10.7,16970
10.71,17973
10.72,16908
10.73,14081
10.74,16346
10.75,17817
10.76,16857
10.77,17543
10.78,16645
10.79,17221
10.8,17514
10.81,16362
10.82,18357
10.83,17780
10.84,16808
10.85,19902
10.86,19723
10.87,17488
10.88,19616
10.89,21114
10.9,18774
10.91,19244
10.92,21719
10.93,20876
10.94,20614
10.95,20814
10.96,19519
10.97,21862
10.98,22184
10.99,19956
11.0,21012
11.01,21272
11.02,20572
11.03,22159
11.04,24485
11.05,22660
11.06,22629
11.07,24501
11.08,23599
11.09,22590
11.1,22366
11.11,24512
11.12,24080
11.13,23196
11.14,24005
11.15,24080
11.16,24256
11.17,24915
11.18,25400
11.19,24434
11.2,24527
11.21,23402
11.22,24256
11.23,25769
11.24,23914
11.25,24822
11.26,26691
11.27,25256
11.28,24282
11.29,24745
11.3,24339
11.31,24708
11.32,24790
11.33,25083
11.34,24684
11.35,24699
11.36,25876
11.37,25042
11.38,23634
11.39,23561
11.4,24667
11.41,22546
11.42,21456
11.43,24339
11.44,23512
11.45,21702
11.46,23623
11.47,23579
11.48,22118
11.49,23379
11.5,23916
11.51,21844
11.52,21437
11.53,23496
11.54,22442
11.55,20191
11.56,20236
11.57,21464
11.58,21873
11.59,20876
11.6,20649
11.61,21231
11.62,21375
11.63,20984
11.64,21521
11.65,21953
11.66,21570
11.67,22057
11.68,21576
11.69,20644
11.7,19971
11.71,19402
11.72,20194
11.73,20789
11.74,22757
11.75,20985
11.76,18570
11.77,21065
11.78,21019
11.79,21096
11.8,20390
11.81,19654
11.82,20881
11.83,19266
11.84,18845
11.85,19932
11.86,20344
11.87,20347
11.88,19382
11.89,20420
11.9,21411
11.91,20876
11.92,20749
11.93,20626
11.94,20127
11.95,19655
11.96,20758
11.97,21298
11.98,21590
11.99,20697
12.0,19746
12.01,20573
12.02,19036
12.03,18755
12.04,19628
12.05,19815
12.06,20628
12.07,20045
12.08,19952
12.09,19892
12.1,19868
12.11,20553
12.12,19408
12.13,19752
12.14,20556
12.15,19236
12.16,18803
12.17,19895
12.18,20130
12.19,18944
12.2,20053
12.21,19754
12.22,17725
12.23,19149
12.24,19935
12.25,17998
12.26,18876
12.27,20358
12.28,19225
12.29,20624
12.3,20455
12.31,18689
12.32,19159
12.33,19045
12.34,19117
12.35,18646
12.36,19543
12.37,20426
12.38,19119
12.39,20387
12.4,19620
12.41,18838
12.42,21277
12.43,19902
12.44,18475
12.45,18901
12.46,20348
12.47,20608
12.48,19551
12.49,20324
12.5,20245
12.51,19722
12.52,19446
12.53,20652
12.54,20764
12.55,19409
12.56,19532
12.57,19435
12.58,19942
12.59,19664
12.6,18753
12.61,19378
12.62,19248
12.63,19743
12.64,20905
12.65,20692
12.66,20728
12.67,19477
12.68,19560
12.69,20424
12.7,20297
12.71,21227
12.72,20529
12.73,20753
12.74,20401
12.75,20047
12.76,20721
12.77,19938
12.78,20285
12.79,20005
12.8,19810
12.81,19675
12.82,19314
12.83,19782
12.84,19843
12.85,20918
12.86,21951
12.87,20332
12.88,20733
12.89,22429
12.9,20080
12.91,19437
12.92,21390
12.93,21239
12.94,20046
12.95,20646
12.96,21110
12.97,20968
12.98,21526
12.99,21583
13.0,20918
13.01,20236
13.02,21150
13.03,19978
13.04,19133
13.05,20042
13.06,20546
13.07,20944
13.08,19322
13.09,19822
13.1,20172
13.11,18856
13.12,18524
13.13,18451
13.14,18411
13.15,18055
13.16,18589
13.17,17915
13.18,17208
13.19,17497
13.2,16777
13.21,17236
13.22,18227
13.23,16899
13.24,15754
13.25,17558
13.26,17709
13.27,15397
13.28,16071
13.29,17121
13.3,15520
13.31,15222
13.32,15545
13.33,14776
13.34,15344
13.35,15570
13.36,15060
13.37,16070
13.38,15753
13.39,14079
13.4,14484
13.41,15047
13.42,14227
13.43,14863
13.44,15678
13.45,15863
13.46,14805
13.47,13468
13.48,14446
13.49,13528
13.5,14535
13.51,15961
13.52,13891
13.53,14272
13.54,15184
13.55,14952
13.56,14427
13.57,14681
13.58,15738
13.59,15193
13.6,14191
13.61,14577
13.62,14652
13.63,15361
13.64,16006
13.65,14756
13.66,14589
13.67,15134
13.68,15630
13.69,14728
13.7,14605
13.71,14854
13.72,14537
13.73,15864
13.74,14665
13.75,14092
13.76,15040
13.77,14420
13.78,14071
13.79,14238
13.8,14340
13.81,14048
13.82,14574
13.83,14892
13.84,14151
13.85,13821
13.86,14096
13.87,14480
13.88,14777
13.89,14757
13.9,14371
13.91,13277
13.92,13074
13.93,14078
13.94,14062
13.95,14364
13.96,14182
13.97,12920
13.98,12312
13.99,12977
14.0,13942
14.01,13324
14.02,13263
14.03,13655
14.04,13216
14.05,12791
14.06,12894
14.07,13002
14.08,12507
14.09,12883
14.1,13101
14.11,12559
14.12,12366
14.13,12580
14.14,13176
14.15,13588
14.16,13900
14.17,14249
14.18,13756
14.19,12797
14.2,12660
14.21,13462
14.22,13437
14.23,12496
14.24,12841
14.25,13217
14.26,13510
14.27,14063
14.28,13828
14.29,13915
14.3,13742
14.31,13784
14.32,13937
14.33,14250
14.34,15304
14.35,14138
14.36,13755
14.37,15535
14.38,15006
14.39,14066
14.4,15350
14.41,16112
14.42,14379
14.43,14262
14.44,16374
14.45,16228
14.46,15379
14.47,17001
14.48,18109
14.49,15184
14.5,15678
14.51,19013
14.52,15808
14.53,14780
14.54,17592
14.55,16474
14.56,15724
14.57,17687
14.58,17809
14.59,15684
14.6,17991
14.61,19212
14.62,16219
14.63,17369
14.64,18106
14.65,17292
14.66,18402
14.67,18548
14.68,17576
14.69,18063
14.7,17945
14.71,16799
14.72,17776
14.73,17908
14.74,17305
14.75,17499
14.76,17953
14.77,17976
14.78,17867
14.79,18014
14.8,16910
14.81,16965
14.82,18307
14.83,17898
14.84,17764
14.85,17760
14.86,16162
14.87,16647
14.88,17891
14.89,17531
14.9,17268
14.91,17393
14.92,16874
14.93,16959
14.94,17197
14.95,16232
14.96,16819
14.97,17612
14.98,17412
14.99,16492
15.0,17389
15.01,18159
15.02,17331
15.03,18166
15.04,17488
15.05,17779
15.06,17285
15.07,16589
15.08,17988
15.09,17263
15.1,17338
15.11,17031
15.12,16961
15.13,17635
15.14,17851
15.15,18356
15.16,17644
15.17,17431
15.18,17450
15.19,17857
15.2,18004
15.21,17145
15.22,18099
15.23,18716
15.24,17942
15.25,17858
15.26,18266
15.27,18178
15.28,17485
15.29,18320
15.3,18071
15.31,17258
15.32,18293
15.33,18708
15.34,18819
15.35,17825
15.36,18058
15.37,18975
15.38,18174
15.39,18943
15.4,19118
15.41,18308
15.42,18999
15.43,18591
15.44,18206
15.45,18478
15.46,17631
15.47,18234
15.48,19095
15.49,18004
15.5,17561
15.51,17889
15.52,17976
15.53,17907
15.54,17183
15.55,17328
15.56,17910
15.57,17682
15.58,17375
15.59,17668
15.6,18067
15.61,17036
15.62,16778
15.63,17407
15.64,16664
15.65,16268
15.66,16537
15.67,16793
15.68,16238
15.69,15907
15.7,16303
15.71,14950
15.72,14128
15.73,15402
15.74,16202
15.75,14067
15.76,14087
15.77,15995
15.78,13726
15.79,14263
15.8,14506
15.81,12093
15.82,13757
15.83,13666
15.84,12796
15.85,13243
15.86,13104
15.87,13540
15.88,12171
15.89,12204
15.9,13025
15.91,11930
15.92,11966
15.93,12904
15.94,12827
15.95,12074
15.96,12416
15.97,12361
15.98,11644
15.99,11261
16.0,11574
16.01,11872
16.02,11584
16.03,11119
16.04,10898
16.05,11677
16.06,11390
16.07,11435
16.08,11782
16.09,11232
16.1,11312
16.11,11304
16.12,11262
16.13,11049
16.14,11389
16.15,11649
16.16,11156
16.17,10237
16.18,9487
16.19,11234
16.2,12227
16.21,11119
16.22,11283
16.23,11810
16.24,10613
16.25,10404
16.26,11533
16.27,11576
16.28,12203
16.29,11537
16.3,11856
16.31,12572
16.32,11494
16.33,12612
16.34,11448
16.35,10906
16.36,12196
16.37,12596
16.38,13270
16.39,11993
16.4,13010
16.41,13639
16.42,13159
16.43,13787
16.44,12965
16.45,12691
16.46,12427
16.47,13046
16.48,13879
16.49,14310
16.5,14462
16.51,13637
16.52,13899
16.53,14224
16.54,13997
16.55,14118
16.56,14608
16.57,14079
16.58,14035
16.59,15159
16.6,13801
16.61,13423
16.62,14489
16.63,13982
16.64,14912
16.65,15384
16.66,14058
16.67,13909
16.68,14778
16.69,14785
16.7,14574
16.71,15113
16.72,14187
16.73,13440
16.74,13878
16.75,13836
16.76,14286
16.77,13878
16.78,13829
16.79,14389
16.8,13847
16.81,13445
16.82,12504
16.83,12950
16.84,13604
16.85,12802
16.86,13070
16.87,13510
16.88,13241
16.89,12456
16.9,12604
16.91,13028
16.92,12219
16.93,12002
16.94,12611
16.95,12442
16.96,12020
16.97,12616
16.98,12537
16.99,11714
17.0,12529
17.01,12690
17.02,11835
17.03,12311
17.04,11911
17.05,11181
17.06,11412
17.07,11751
17.08,11252
17.09,9543
17.1,9677
17.11,12271
17.12,14793
17.13,13351
17.14,10438
17.15,12245
17.16,11308
17.17,9514
17.18,13189
17.19,11682
17.2,10589
17.21,11979
17.22,11014
17.23,13311
17.24,11364
17.25,11497
17.26,13258
17.27,11005
17.28,12139
17.29,11249
17.3,12859
17.31,12990
17.32,12686
17.33,13836
17.34,11809
17.35,13048
17.36,11948
17.37,13229
17.38,13456
17.39,12221
17.4,13020
17.41,12748
17.42,14407
17.43,13650
17.44,14152
17.45,13933
17.46,14143
17.47,14503
17.48,13586
17.49,14941
17.5,15039
17.51,14436
17.52,14032
17.53,15350
17.54,14783
17.55,14565
17.56,16195
17.57,14821
17.58,15440
17.59,15488
17.6,13887
17.61,16378
17.62,16362
17.63,14921
17.64,16480
17.65,15836
17.66,15970
17.67,16778
17.68,16437
17.69,16677
17.7,15617
17.71,16486
17.72,17502
17.73,16286
17.74,17703
17.75,18130
17.76,17175
17.77,18098
17.78,17146
17.79,17294
17.8,17923
17.81,17545
17.82,18441
17.83,17541
17.84,17329
17.85,18471
17.86,19498
17.87,18551
17.88,18198
17.89,20493
17.9,20115
17.91,19047
17.92,20112
17.93,21053
17.94,19310
17.95,19356
17.96,20862
17.97,20616
17.98,21454
17.99,22463
18.0,21761
18.01,21358
18.02,22313
18.03,21939
18.04,21704
18.05,21093
18.06,22299
18.07,23634
18.08,22780
18.09,23277
18.1,22698
18.11,23455
18.12,23360
18.13,22473
18.14,23665
18.15,22992
18.16,22289
18.17,23863
18.18,23415
18.19,21773
18.2,23389
18.21,23705
18.22,22339
18.23,22342
18.24,23388
18.25,22793
18.26,22137
18.27,23534
18.28,22496
18.29,22552
18.3,22708
18.31,21310
18.32,22812
18.33,22605
18.34,21725
18.35,22381
18.36,21946
18.37,21704
18.38,21260
18.39,22540
18.4,21910
18.41,19874
18.42,21678
18.43,20582
18.44,20934
18.45,22556
18.46,19908
18.47,19964
18.48,20526
18.49,20481
18.5,20949
18.51,19419
18.52,19678
18.53,20243
18.54,18788
18.55,19271
18.56,20112
18.57,19685
18.58,20205
18.59,20112
18.6,18934
18.61,19251
18.62,18459
18.63,16933
18.64,18238
18.65,18887
18.66,16967
18.67,16597
18.68,17017
18.69,15491
18.7,16664
18.71,17924
18.72,17853
18.73,18749
18.74,17049
18.75,17349
18.76,17188
18.77,14420
18.78,16128
18.79,16557
18.8,16053
18.81,17916
18.82,17864
18.83,18094
18.84,16835
18.85,17289
18.86,18138
18.87,16198
18.88,18059
18.89,17385
18.9,16541
18.91,18811
18.92,18298
18.93,17525
18.94,18222
18.95,17620
18.96,16995
18.97,18862
18.98,17681
18.99,16699
19.0,18548
19.01,18635
19.02,18122
19.03,18002
19.04,18158
19.05,18128
19.06,17877
19.07,18089
19.08,17277
19.09,17865
19.1,19437
19.11,17309
19.12,17983
19.13,19525
19.14,17550
19.15,16965
19.16,18322
19.17,17859
19.18,17033
19.19,19044
19.2,18657
19.21,17325
19.22,17669
19.23,18982
19.24,18932
19.25,16882
19.26,16746
19.27,18154
19.28,18329
19.29,18338
19.3,18608
19.31,17761
19.32,18257
19.33,17231
19.34,17354
19.35,17652
19.36,16526
19.37,17715
19.38,17319
19.39,16288
19.4,15123
19.41,16787
19.42,17563
19.43,16456
19.44,16748
19.45,15067
19.46,15636
19.47,15108
19.48,15075
19.49,16513
19.5,14489
19.51,14882
19.52,14237
19.53,13534
19.54,15484
19.55,14052
19.56,14368
19.57,14588
19.58,13904
19.59,14784
19.6,12546
19.61,12758
19.62,13281
19.63,13014
19.64,13466
19.65,11591
19.66,12548
19.67,12038
19.68,10563
19.69,12002
19.7,11369
19.71,11065
19.72,11475
19.73,10758
19.74,8811
19.75,8952
19.76,10213
19.77,7881
19.78,8285
19.79,10305
19.8,9611
19.81,7951
19.82,6749
19.83,6690
19.84,6815
19.85,6355
19.86,5992
19.87,6811
19.88,6060
19.89,5231
19.9,6994
19.91,7006
19.92,4646
19.93,5187
19.94,5167
19.95,3692
19.96,4732
19.97,4745
19.98,2975
19.99,3593
20.0,4781
20.01,2973
20.02,3178
20.03,3150
20.04,3665
20.05,4530
20.06,2263
20.07,3078
20.08,3414
20.09,2586
20.1,2067
20.11,3006
20.12,4424
20.13,1738
20.14,2587
20.15,4130
20.16,1245
20.17,2616
20.18,4570
20.19,2453
20.2,2850
20.21,3874
20.22,3317
20.23,2654
20.24,3471
20.25,5572
20.26,4296
20.27,3055
20.28,3506
20.29,4259
20.3,4575
20.31,3505
20.32,4514
20.33,4918
20.34,4271
20.35,5438
20.36,6293
20.37,5603
20.38,4700
20.39,6044
20.4,6884
20.41,6605
20.42,6969
20.43,7544
20.44,8577
20.45,7272
20.46,7442
20.47,8427
20.48,6617
20.49,7814
20.5,9021
20.51,8760
20.52,9433
20.53,9236
20.54,9193
20.55,9292
20.56,10533
20.57,10104
20.58,9210
20.59,11051
20.6,10543
20.61,10668
20.62,11162
20.63,10794
20.64,10938
20.65,10147
20.66,11442
20.67,11667
20.68,11629
20.69,12696
20.7,11566
20.71,11950
20.72,12573
20.73,12089
20.74,12567
20.75,12720
20.76,13739
20.77,13874
20.78,13378
20.79,13870
20.8,13770
20.81,14221
20.82,13277
20.83,13991
20.84,15010
20.85,13627
20.86,14605
20.87,14407
20.88,14984
20.89,15803
20.9,14751
20.91,14798
20.92,14380
20.93,15514
20.94,15882
20.95,15410
20.96,15566
20.97,14688
20.98,15882
20.99,15733
21.0,14195
21.01,15754
21.02,16010
21.03,15549
21.04,15820
21.05,14697
21.06,15322
21.07,15406
21.08,14643
21.09,15041
21.1,15477
21.11,16038
21.12,14305
21.13,14289
21.14,14948
21.15,14570
21.16,14966
21.17,14253
21.18,14270
21.19,14024
21.2,14225
21.21,13942
21.22,13927
21.23,13964
21.24,12910
21.25,14062
21.26,13194
21.27,12604
21.28,13811
21.29,12573
21.3,12317
21.31,13023
21.32,12633
21.33,12726
21.34,12976
21.35,12190
21.36,11665
21.37,12445
21.38,12670
21.39,12100
21.4,12741
21.41,12560
21.42,11891
21.43,11631
21.44,11816
21.45,12824
21.46,11902
21.47,12116
21.48,12814
21.49,12281
21.5,11479
21.51,10801
21.52,11519
21.53,10698
21.54,11314
21.55,11964
21.56,11324
21.57,11812
21.58,10660
21.59,10623
21.6,11057
21.61,10396
21.62,10266
21.63,11548
21.64,10991
21.65,9864
21.66,11410
21.67,10953
21.68,10200
21.69,10185
21.7,10661
21.71,10812
21.72,10433
21.73,10177
21.74,10024
21.75,10985
21.76,10726
21.77,10611
21.78,10865
21.79,10897
21.8,10532
21.81,9831
21.82,10792
21.83,10873
21.84,10057
21.85,10879
21.86,10547
21.87,10380
21.88,11071
21.89,10909
21.9,10944
21.91,10076
21.92,10676
21.93,11449
21.94,11093
21.95,11594
21.96,11105
21.97,11264
21.98,12445
21.99,11813
22.0,11431
22.01,11924
22.02,11662
22.03,12381
22.04,12598
22.05,11885
22.06,12439
22.07,12351
22.08,11816
22.09,12392
22.1,12284
22.11,12701
22.12,13344
22.13,12863
22.14,12577
22.15,12770
22.16,13613
22.17,13114
22.18,12706
22.19,13330
22.2,13351
22.21,13423
22.22,13579
22.23,13227
22.24,12933
22.25,13511
22.26,14057
22.27,13610
22.28,12776
22.29,13267
22.3,13767
22.31,14058
22.32,14217
22.33,13579
22.34,13799
22.35,14315
22.36,13856
22.37,13468
22.38,13164
22.39,13907
22.4,16331
22.41,14902
22.42,13000
22.43,15044
22.44,14560
22.45,13065
22.46,14666
22.47,14722
22.48,13609
22.49,14417
22.5,14773
22.51,14930
22.52,13805
22.53,13789
22.54,15187
22.55,14172
22.56,13812
22.57,13638
22.58,13686
22.59,14520
22.6,13528
22.61,12931
22.62,14513
22.63,13942
22.64,13003
22.65,13264
22.66,13428
22.67,13948
22.68,13570
22.69,13946
22.7,13366
22.71,13299
22.72,13240
22.73,12690
22.74,12896
22.75,12861
22.76,13301
22.77,12713
22.78,13482
22.79,13241
22.8,12694
22.81,12894
22.82,12357
22.83,13435
22.84,13110
22.85,12629
22.86,13051
22.87,13076
22.88,13043
22.89,13284
22.9,12852
22.91,12815
22.92,13683
22.93,12547
22.94,12559
22.95,13314
22.96,12718
22.97,12838
22.98,12942
22.99,12477
23.0,12504
23.01,12179
23.02,12258
23.03,12452
23.04,12463
23.05,12722
23.06,11763
23.07,11993
23.08,12133
23.09,12047
23.1,11861
23.11,11207
23.12,11844
23.13,12069
23.14,12140
23.15,11329
23.16,11350
23.17,11626
23.18,11309
23.19,11628
23.2,10964
23.21,11206
23.22,10996
23.23,10520
23.24,10544
23.25,10299
23.26,8831
23.27,6342
23.28,10928
23.29,18883
23.3,14090
23.31,6431
23.32,14001
23.33,11777
23.34,3546
23.35,13701
23.36,11876
23.37,5990
23.38,11351
23.39,11490
23.4,11296
23.41,8034
23.42,9768
23.43,9997
23.44,6068
23.45,12761
23.46,10983
23.47,8339
23.48,11568
23.49,7735
23.5,9651
23.51,9798
23.52,6073
23.53,8531
23.54,8870
23.55,9292
23.56,8237
23.57,9165
23.58,11392
23.59,7659
23.6,6972
23.61,6797
23.62,7875
23.63,8886
23.64,4894
23.65,8025
23.66,9326
23.67,6687
23.68,9421
23.69,6641
23.7,6287
23.71,8575
23.72,6956
23.73,5876
23.74,5091
23.75,10145
23.76,11056
23.77,4827
23.78,5192
23.79,9308
23.8,7792
23.81,4816
23.82,8011
23.83,7446
23.84,6300
23.85,7866
23.86,4709
23.87,6868
23.88,7407
23.89,6288
23.9,6778
23.91,6792
23.92,7907
23.93,3997
23.94,7699
23.95,8043
23.96,5755
23.97,8526
23.98,4276
23.99,5646
24.0,7013
24.01,6922
24.02,5667
24.03,4012
24.04,8896
24.05,6942
24.06,6104
24.07,7458
24.08,5722
24.09,8062
24.1,8326
24.11,6344
24.12,7082
24.13,8229
24.14,6610
24.15,8067
24.16,9224
24.17,7323
24.18,8401
24.19,7273
24.2,7686
24.21,8194
24.22,9010
24.23,8963
24.24,6531
24.25,10869
24.26,9689
24.27,7528
24.28,10156
24.29,8595
24.3,8742
24.31,9288
24.32,8781
24.33,8420
24.34,10860
24.35,10229
24.36,8095
24.37,10410
24.38,8429
24.39,9664
24.4,9475
24.41,8939
24.42,10341
24.43,7304
24.44,10052
24.45,10458
24.46,9297
24.47,10419
24.48,9228
24.49,8988
24.5,8390
24.51,9995
24.52,9743
24.53,8465
24.54,11700
24.55,9054
24.56,7676
24.57,10954
24.58,8729
24.59,9519
24.6,10524
24.61,8625
24.62,9046
24.63,9612
24.64,9400
24.65,8780
24.66,9127
24.67,9745
24.68,8976
24.69,8651
24.7,10324
24.71,9149
24.72,8528
24.73,8958
24.74,7950
24.75,8576
24.76,9143
24.77,9803
24.78,8731
24.79,9618
24.8,9831
24.81,8854
24.82,9682
24.83,8503
24.84,9317
24.85,10034
24.86,8570
24.87,8729
24.88,10228
24.89,10535
24.9,11010
24.91,10768
24.92,11530
24.93,11600
24.94,9242
24.95,9936
24.96,10865
24.97,12251
24.98,11079
24.99,9241
25.0,10556
25.01,10902
25.02,11066
25.03,11496
25.04,12507
25.05,12616
25.06,12079
25.07,10641
25.08,11139
25.09,12868
25.1,12178
25.11,11752
25.12,13255
25.13,14947
25.14,11088
25.15,12772
25.16,14261
25.17,9658
25.18,12949
25.19,13733
25.2,13667
25.21,14953
25.22,14870
25.23,14543
25.24,13479
25.25,14715
25.26,13930
25.27,13670
25.28,15295
25.29,16188
25.3,15305
25.31,16479
25.32,16527
25.33,14267
25.34,15273
25.35,15483
25.36,15857
25.37,18022
25.38,16737
25.39,15198
25.4,15868
25.41,16069
25.42,17775
25.43,16211
25.44,16014
25.45,16022
25.46,15641
25.47,20200
25.48,17478
25.49,15521
25.5,20612
25.51,17197
25.52,13881
25.53,20523
25.54,20135
25.55,15835
25.56,18077
25.57,20147
25.58,17304
25.59,15472
25.6,19972
25.61,20482
25.62,18654
25.63,18038
25.64,17267
25.65,18202
25.66,18600
25.67,19651
25.68,19554
25.69,19821
25.7,18368
25.71,17639
25.72,20085
25.73,18740
25.74,17801
25.75,18056
25.76,20076
25.77,20025
25.78,17681
25.79,19541
25.8,19357
25.81,19763
25.82,19706
25.83,18119
25.84,19166
25.85,18085
25.86,18987
25.87,19406
25.88,17530
25.89,17783
25.9,18758
25.91,18674
25.92,16235
25.93,17580
25.94,19724
25.95,17312
25.96,16018
25.97,17627
25.98,17796
25.99,17005
26.0,16089
26.01,15363
26.02,15988
26.03,15471
26.04,16079
26.05,15534
26.06,14677
26.07,14521
26.08,13704
26.09,15229
26.1,13398
26.11,13045
26.12,14439
26.13,12237
26.14,13107
26.15,13927
26.16,13130
26.17,11727
26.18,11186
26.19,12864
26.2,12406
26.21,10489
26.22,10571
26.23,11086
26.24,9754
26.25,9616
26.26,9596
26.27,8587
26.28,6841
26.29,8525
26.3,13206
26.31,9712
26.32,4775
26.33,9984
26.34,10072
26.35,3751
26.36,7785
26.37,8473
26.38,5041
26.39,6439
26.4,8134
26.41,5350
26.42,3354
26.43,8328
26.44,3928
26.45,2880
26.46,7141
26.47,4024
26.48,2265
26.49,3836
26.5,6015
26.51,2108
26.52,2576
26.53,4229
26.54,765
26.55,1377
26.56,2965
26.57,1016
26.58,228
26.59,2968
26.6,1637
26.61,1089
26.62,1300
26.63,630
26.64,1364
26.65,644
26.66,830
26.67,-665
26.68,-113
26.69,1833
26.7,-482
26.71,-749
26.72,1294
26.73,-191
26.74,-387
26.75,1047
26.76,-1448
26.77,-1463
26.78,135
26.79,-1248
26.8,-1163
26.81,877
26.82,-218
26.83,-1043
26.84,-514
26.85,-1548
26.86,-412
26.87,-497
26.88,-1248
26.89,-948
26.9,-1399
26.91,-1732
26.92,-2156
26.93,-987
26.94,616
26.95,-311
26.96,-439
26.97,1239
26.98,-338
26.99,-1406
27.0,-133
27.01,605
27.02,790
27.03,511
27.04,1019
27.05,921
27.06,733
27.07,1010
27.08,668
27.09,147
27.1,1169
27.11,1435
27.12,-188
27.13,1197
27.14,3123
27.15,1934
27.16,1326
27.17,2316
27.18,1925
27.19,1338
27.2,2243
27.21,2033
27.22,1066
27.23,3101
27.24,3584
27.25,1726
27.26,2906
27.27,3672
27.28,3039
27.29,3510
27.3,3547
27.31,2961
27.32,4525
27.33,5300
27.34,4406
27.35,4377
27.36,4784
27.37,4910
27.38,5730
27.39,5878
27.4,4224
27.41,5479
27.42,5545
27.43,5812
27.44,6228
27.45,5125
27.46,6554
27.47,5895
27.48,6475
27.49,6500
27.5,5481
27.51,7000
27.52,7583
27.53,7306
27.54,6003
27.55,7296
27.56,7405
27.57,6742
27.58,8550
27.59,7489
27.6,8054
27.61,8880
27.62,7409
27.63,8357
27.64,8920
27.65,9008
27.66,9292
27.67,8292
27.68,8925
27.69,8235
27.7,8827
27.71,10260
27.72,7824
27.73,8416
27.74,9313
27.75,8571
27.76,8010
27.77,8547
27.78,9774
27.79,9062
27.8,8758
27.81,8502
27.82,7413
27.83,7080
27.84,9460
27.85,8357
27.86,8358
27.87,10258
27.88,8785
27.89,9947
27.9,8936
27.91,9320
27.92,9773
27.93,7608
27.94,9339
27.95,10313
27.96,13359
27.97,14527
27.98,5850
27.99,2303
28.0,11025
28.01,10894
28.02,-277
28.03,8364
28.04,23757
28.05,7596
28.06,-1866
28.07,19212
28.08,12570
28.09,2360
28.1,11998
28.11,11204
28.12,8613
28.13,552
28.14,16672
28.15,14229
28.16,2079
28.17,16189
28.18,9504
28.19,8619
28.2,4551
28.21,11740
28.22,13241
28.23,3354
28.24,12145
28.25,15480
28.26,9779
28.27,8061
28.28,13151
28.29,8182
28.3,9953
28.31,8034
28.32,13774
28.33,12153
28.34,7464
28.35,16322
28.36,11003
28.37,13038
28.38,9461
28.39,10860
28.4,12940
28.41,11947
28.42,12518
28.43,9554
28.44,13190
28.45,13404
28.46,12585
28.47,11520
28.48,14903
28.49,9760
28.5,12036
28.51,16425
28.52,11141
28.53,13992
28.54,11522
28.55,12656
28.56,14613
28.57,12735
28.58,14390
28.59,15889
28.6,11186
28.61,12840
28.62,16499
28.63,11865
28.64,13857
28.65,13660
28.66,14309
28.67,14673
28.68,12846
28.69,12962
28.7,15563
28.71,15666
28.72,11602
28.73,15970
28.74,12523
28.75,11908
28.76,16915
28.77,11538
28.78,14350
28.79,17083
28.8,12654
28.81,10698
28.82,13670
28.83,17320
28.84,11784
28.85,13936
28.86,18082
28.87,11507
28.88,12399
28.89,15363
28.9,14085
28.91,13839
28.92,15750
28.93,14051
28.94,13282
28.95,15306
28.96,12193
28.97,14197
28.98,14156
28.99,13010
29.0,15311
29.01,15511
29.02,13790
29.03,11175
29.04,15948
29.05,12033
29.06,11975
29.07,18387
29.08,12180
29.09,12998
29.1,14369
29.11,14674
29.12,13710
29.13,11414
29.14,16204
29.15,12405
29.16,12169
29.17,16478
29.18,14079
29.19,12490
29.2,13054
29.21,14699
29.22,13431
29.23,11866
29.24,14562
29.25,16764
29.26,10844
29.27,13566
29.28,15666
29.29,10992
29.3,15202
29.31,12699
29.32,13672
29.33,14743
29.34,11597
29.35,12376
29.36,14523
29.37,15529
29.38,12103
29.39,15201
29.4,12731
29.41,12596
29.42,12669
29.43,9302
29.44,13292
29.45,11301
29.46,12366
29.47,10843
29.48,9995
29.49,13497
29.5,10118
29.51,8644
29.52,10373
29.53,10895
29.54,7835
29.55,9976
29.56,13637
29.57,9318
29.58,9267
29.59,9276
29.6,6770
29.61,10292
29.62,10852
29.63,8414
29.64,9584
29.65,11092
29.66,5576
29.67,5925
29.68,12999
29.69,6127
29.7,3120
29.71,7189
29.72,5547
29.73,8975
29.74,8517
29.75,4865
29.76,7737
29.77,7662
29.78,4854
29.79,2747
29.8,7154
29.81,5864
29.82,3177
29.83,8345
29.84,3274
29.85,2024
29.86,4755
29.87,3234
29.88,2842
29.89,3772
29.9,4956
29.91,4322
29.92,1416
29.93,624
29.94,4083
29.95,2849
29.96,1792
29.97,382
29.98,1623
29.99,3000
30.0,1710
30.01,6021
30.02,916
30.03,-1289
30.04,3905
30.05,-1100
30.06,979
30.07,2964
30.08,514
30.09,1424
30.1,-78
30.11,4175
30.12,2007
30.13,-757
30.14,1185
30.15,-431
30.16,2988
30.17,3099
30.18,2629
30.19,1568
30.2,-457
30.21,211
30.22,1393
30.23,2804
30.24,-1489
30.25,2209
30.26,4058
30.27,130
30.28,2710
30.29,-697
30.3,952
30.31,4379
30.32,1262
30.33,385
30.34,2061
30.35,5941
30.36,2301
30.37,83
30.38,4565
30.39,3110
30.4,2826
30.41,2301
30.42,2358
30.43,3837
30.44,2994
30.45,5333
30.46,2950
30.47,3521
30.48,4614
30.49,2900
30.5,4861
30.51,4097
30.52,5666
30.53,4993
30.54,4009
30.55,5707
30.56,5318
30.57,5765
30.58,6746
30.59,7028
30.6,5415
30.61,5890
30.62,6966
30.63,4595
30.64,6503
30.65,8598
30.66,6793
30.67,7164
30.68,6081
30.69,8064
30.7,8039
30.71,6076
30.72,8846
30.73,6337
30.74,7076
30.75,7367
30.76,6171
30.77,9701
30.78,8262
30.79,7417
30.8,7179
30.81,8458
30.82,8396
30.83,7653
30.84,10024
30.85,7128
30.86,9036
30.87,9900
30.88,7012
30.89,10858
30.9,9950
30.91,7905
30.92,9134
30.93,9272
30.94,10505
30.95,8737
30.96,8551
30.97,10287
30.98,9836
30.99,8892
31.0,9606
31.01,10883
31.02,8447
31.03,12037
31.04,11700
31.05,9000
31.06,11686
31.07,10622
31.08,12280
31.09,9843
31.1,10530
31.11,11609
31.12,9569
31.13,11297
31.14,10263
31.15,11373
31.16,10853
31.17,11593
31.18,10287
31.19,11093
31.2,13237
31.21,9718
31.22,11797
31.23,11930
31.24,10510
31.25,10503
31.26,11544
31.27,10501
31.28,9293
31.29,10751
31.3,8545
31.31,10683
31.32,10113
31.33,9474
31.34,11021
31.35,8804
31.36,10744
31.37,9634
31.38,10003
31.39,9931
31.4,9607
31.41,11591
31.42,8112
31.43,10410
31.44,11035
31.45,7953
31.46,9103
31.47,8929
31.48,9866
31.49,10515
31.5,9283
31.51,9724
31.52,9156
31.53,9854
31.54,9407
31.55,8863
31.56,11481
31.57,8566
31.58,8268
31.59,9669
31.6,8766
31.61,8312
31.62,9858
31.63,10723
31.64,7753
31.65,9686
31.66,10133
31.67,9841
31.68,9857
31.69,9152
31.7,8477
31.71,8499
31.72,11547
31.73,9123
31.74,7377
31.75,7884
31.76,8466
31.77,8953
31.78,7521
31.79,8907
31.8,8568
31.81,7789
31.82,9269
31.83,9440
31.84,9030
31.85,8272
31.86,8952
31.87,8711
31.88,7567
31.89,8423
31.9,7448
31.91,8661
31.92,9790
31.93,7986
31.94,8843
31.95,7872
31.96,7343
31.97,7324
31.98,7401
31.99,8208
32.0,6955
32.01,7182
32.02,6098
32.03,7083
32.04,7580
32.05,6388
32.06,7024
32.07,6461
32.08,7604
32.09,5506
32.1,5058
32.11,7711
32.12,5983
32.13,5072
32.14,6211
32.15,7169
32.16,5075
32.17,4682
32.18,6615
32.19,3964
32.2,4486
32.21,5911
32.22,4840
32.23,5143
32.24,4813
32.25,5119
32.26,3450
32.27,3840
32.28,4766
32.29,3741
32.3,4117
32.31,5177
32.32,5395
32.33,3405
32.34,5097
32.35,5318
32.36,3155
32.37,4591
32.38,5082
32.39,3192
32.4,2394
32.41,4305
32.42,5166
32.43,3916
32.44,3836
32.45,4954
32.46,4274
32.47,3743
32.48,4585
32.49,4535
32.5,4457
32.51,3519
32.52,3940
32.53,4313
32.54,4076
32.55,4664
32.56,3640
32.57,4600
32.58,3998
32.59,3048
32.6,5265
32.61,5030
32.62,3732
32.63,3940
32.64,4641
32.65,4537
32.66,3460
32.67,3706
32.68,4456
32.69,3230
32.7,4054
32.71,3839
32.72,2677
32.73,4331
32.74,3368
32.75,2843
32.76,3425
32.77,2997
32.78,3177
32.79,3818
32.8,3249
32.81,2243
32.82,2965
32.83,3653
32.84,2730
32.85,2333
32.86,3283
32.87,1919
32.88,1618
32.89,2325
32.9,2334
32.91,1489
32.92,1511
32.93,2578
32.94,1186
32.95,1496
32.96,1010
32.97,1327
32.98,1242
32.99,694
33.0,1451
33.01,-192
33.02,1261
33.03,352
33.04,-386
33.05,480
33.06,-1392
33.07,-507
33.08,-269
33.09,-550
33.1,-822
33.11,-925
33.12,-559
33.13,-1347
33.14,-2274
33.15,-1849
33.16,-748
33.17,-1262
33.18,-1885
33.19,-1734
33.2,-1652
33.21,-2345
33.22,-1912
33.23,-1726
33.24,-2563
33.25,-2210
33.26,-2454
33.27,-1925
33.28,-1343
33.29,-1449
33.3,-1364
33.31,-2808
33.32,-1961
33.33,-898
33.34,-1602
33.35,-1683
33.36,-1604
33.37,-1327
33.38,-1628
33.39,-1435
33.4,-1243
33.41,-716
33.42,-1250
33.43,-1221
33.44,673
33.45,58
33.46,-1100
33.47,-864
33.48,13
33.49,177
33.5,-324
33.51,441
33.52,142
33.53,-15
33.54,652
33.55,760
33.56,1832
33.57,62
33.58,-198
33.59,1135
33.6,641
33.61,1969
33.62,1758
33.63,1687
33.64,2087
33.65,1703
33.66,1383
33.67,2197
33.68,3312
33.69,2229
33.7,2156
33.71,2940
33.72,3137
33.73,3081
33.74,3165
33.75,2669
33.76,3104
33.77,4092
33.78,3691
33.79,3748
33.8,3685
33.81,3112
33.82,3660
33.83,4939
33.84,4144
33.85,4327
33.86,4978
33.87,4697
33.88,5074
33.89,5298
33.9,5685
33.91,5102
33.92,6047
33.93,5187
33.94,5270
33.95,7366
33.96,5624
33.97,5821
33.98,6853
33.99,6640
34.0,6565
34.01,7099
34.02,6633
34.03,6388
34.04,7417
34.05,7151
34.06,7466
34.07,7203
34.08,7024
34.09,7090
34.1,8151
34.11,7630
34.12,6772
34.13,8670
34.14,7992
34.15,7798
34.16,7703
34.17,8015
34.18,8360
34.19,7660
34.2,8810
34.21,7805
34.22,7549
34.23,7650
34.24,7617
34.25,8844
34.26,8050
34.27,7856
34.28,8406
34.29,8736
34.3,8038
34.31,8198
34.32,8677
34.33,8164
34.34,8889
34.35,8844
34.36,8720
34.37,8788
34.38,8890
34.39,9310
34.4,8998
34.41,9194
34.42,9092
34.43,8276
34.44,9221
34.45,9629
34.46,9450
34.47,10210
34.48,10196
34.49,9283
34.5,8950
34.51,10405
34.52,9652
34.53,10010
34.54,11038
34.55,9902
34.56,11165
34.57,10695
34.58,10284
34.59,10874
34.6,10885
34.61,11077
34.62,10144
34.63,11198
34.64,11580
34.65,11139
34.66,11805
34.67,11310
34.68,11368
34.69,11796
34.7,11801
34.71,11678
34.72,11470
34.73,12060
34.74,11570
34.75,11259
34.76,11883
34.77,11844
34.78,11805
34.79,11962
34.8,12468
34.81,12069
34.82,12261
34.83,12392
34.84,11229
34.85,11354
34.86,12164
34.87,12085
34.88,11927
34.89,12116
34.9,11485
34.91,11834
34.92,12013
34.93,11655
34.94,12448
34.95,12148
34.96,11583
34.97,11812
34.98,12080
34.99,12033
35.0,12029
35.01,11632
35.02,11279
35.03,10866
35.04,10960
35.05,12487
35.06,12041
35.07,11460
35.08,11885
35.09,10906
35.1,10564
35.11,11081
35.12,10645
35.13,10351
35.14,10933
35.15,10800
35.16,10428
35.17,10788
35.18,10437
35.19,10183
35.2,10186
35.21,10042
35.22,10180
35.23,9495
35.24,9682
35.25,9058
35.26,8037
35.27,9066
35.28,9210
35.29,7861
35.3,7737
35.31,9081
35.32,8442
35.33,7871
35.34,7551
35.35,7286
35.36,8002
35.37,6447
35.38,6223
35.39,7167
35.4,6506
35.41,6382
35.42,5978
35.43,5282
35.44,5283
35.45,5585
35.46,5316
35.47,4594
35.48,4292
35.49,4450
35.5,4359
35.51,3820
35.52,3874
35.53,4000
35.54,2871
35.55,2765
35.56,4244
35.57,2999
35.58,1887
35.59,2591
35.6,2073
35.61,1729
35.62,1732
35.63,1878
35.64,1445
35.65,1244
35.66,1426
35.67,684
35.68,368
35.69,728
35.7,802
35.71,406
35.72,57
35.73,428
35.74,412
35.75,-585
35.76,-119
35.77,327
35.78,-96
35.79,-40
35.8,-183
35.81,-32
35.82,-496
35.83,-517
35.84,56
35.85,-281
35.86,-625
35.87,-915
35.88,-453
35.89,-37
35.9,-196
35.91,-155
35.92,-604
35.93,-901
35.94,-46
35.95,-86
35.96,154
35.97,533
35.98,-501
35.99,199
36.0,300
36.01,51
36.02,543
36.03,614
36.04,752
36.05,330
36.06,759
36.07,1239
36.08,889
36.09,862
36.1,1115
36.11,1138
36.12,1475
36.13,1705
36.14,1912
36.15,1432
36.16,1684
36.17,2155
36.18,1855
36.19,2877
36.2,1935
36.21,2362
36.22,3490
36.23,2613
36.24,2875
36.25,2814
36.26,3269
36.27,2742
36.28,2822
36.29,4203
36.3,3463
36.31,3482
36.32,3958
36.33,3184
36.34,3238
36.35,4020
36.36,3932
36.37,3846
36.38,4142
36.39,3908
36.4,4457
36.41,4724
36.42,3869
36.43,4397
36.44,4940
36.45,4400
36.46,4291
36.47,4531
36.48,4406
36.49,4544
36.5,5056
36.51,4725
36.52,4813
36.53,5252
36.54,4748
36.55,4753
36.56,5240
36.57,4977
36.58,4775
36.59,5327
36.6,5405
36.61,4917
36.62,5504
36.63,5721
36.64,5038
36.65,5426
36.66,5434
36.67,4996
36.68,5293
36.69,5858
36.7,5752
36.71,4811
36.72,5158
36.73,5590
36.74,5295
36.75,5095
36.76,4682
36.77,5450
36.78,5550
36.79,5166
36.8,5380
36.81,3942
36.82,1596
36.83,3009
36.84,9800
36.85,7581
36.86,3055
36.87,10986
36.88,6288
36.89,-38
36.9,6896
36.91,4737
36.92,793
36.93,2681
36.94,10465
36.95,5026
36.96,350
36.97,8916
36.98,2335
36.99,4230
37.0,4597
37.01,1954
37.02,5742
37.03,3061
37.04,4760
37.05,3894
37.06,4890
37.07,2438
37.08,2356
37.09,5498
37.1,2794
37.11,2070
37.12,3746
37.13,5454
37.14,128
37.15,2815
37.16,5300
37.17,1156
37.18,3861
37.19,2265
37.2,2524
37.21,3458
37.22,937
37.23,3352
37.24,2074
37.25,2704
37.26,2307
37.27,418
37.28,5042
37.29,1304
37.3,1051
37.31,4945
37.32,55
37.33,1102
37.34,3976
37.35,565
37.36,1206
37.37,4793
37.38,1657
37.39,200
37.4,3587
37.41,698
37.42,-156
37.43,2617
37.44,853
37.45,1216
37.46,3298
37.47,1833
37.48,2011
37.49,2721
37.5,-33
37.51,-103
37.52,2496
37.53,2191
37.54,619
37.55,1635
37.56,764
37.57,1287
37.58,1805
37.59,341
37.6,2226
37.61,1871
37.62,1307
37.63,189
37.64,2393
37.65,825
37.66,-1509
37.67,3374
37.68,562
37.69,975
37.7,1897
37.71,1311
37.72,1155
37.73,-247
37.74,3148
37.75,800
37.76,221
37.77,1104
37.78,1085
37.79,2431
37.8,-119
37.81,1413
37.82,1785
37.83,850
37.84,1934
37.85,651
37.86,985
37.87,2292
37.88,2345
37.89,375
37.9,577
37.91,2810
37.92,2222
37.93,1501
37.94,2538
37.95,1573
37.96,1467
37.97,3557
37.98,2539
37.99,2170
38.0,2767
38.01,3092
38.02,3366
38.03,2341
38.04,2751
38.05,3541
38.06,2012
38.07,3670
38.08,4236
38.09,3401
38.1,6017
38.11,2843
38.12,1948
38.13,3420
38.14,3842
38.15,5086
38.16,1936
38.17,4041
38.18,8232
38.19,5736
38.2,2466
38.21,4845
38.22,7250
38.23,3970
38.24,3823
38.25,7981
38.26,6487
38.27,2884
38.28,5149
38.29,6639
38.3,4388
38.31,5170
38.32,5053
38.33,5626
38.34,7534
38.35,5241
38.36,7133
38.37,5030
38.38,5847
38.39,7038
38.4,3658
38.41,8961
38.42,6785
38.43,5901
38.44,6035
38.45,5512
38.46,8918
38.47,7375
38.48,8057
38.49,6825
38.5,7631
38.51,9399
38.52,6741
38.53,6850
38.54,8896
38.55,8433
38.56,7624
38.57,9915
38.58,8813
38.59,6543
38.6,7713
38.61,8849
38.62,9377
38.63,8953
38.64,9640
38.65,10439
38.66,8326
38.67,7138
38.68,9194
38.69,9758
38.7,8186
38.71,8267
38.72,9085
38.73,9443
38.74,9370
38.75,8588
38.76,10063
38.77,10621
38.78,8295
38.79,9331
38.8,9226
38.81,8810
38.82,9800
38.83,8453
38.84,9275
38.85,9733
38.86,9208
38.87,7829
38.88,8927
38.89,11155
38.9,8064
38.91,8078
38.92,8909
38.93,9931
38.94,10300
38.95,8196
38.96,9468
38.97,8945
38.98,8289
38.99,7319
39.0,7924
39.01,9636
39.02,7885
39.03,9039
39.04,9095
39.05,8193
39.06,8592
39.07,8555
39.08,9142
39.09,7686
39.1,7100
39.11,7699
39.12,6581
39.13,7295
39.14,8240
39.15,7313
39.16,8113
39.17,7445
39.18,6227
39.19,7326
39.2,7192
39.21,6594
39.22,6744
39.23,6741
39.24,6104
39.25,6118
39.26,6462
39.27,5902
39.28,5126
39.29,5675
39.3,5577
39.31,4100
39.32,5739
39.33,5726
39.34,4048
39.35,5253
39.36,4636
39.37,3830
39.38,4424
39.39,4054
39.4,2970
39.41,3442
39.42,3996
39.43,3692
39.44,5191
39.45,3841
39.46,3145
39.47,4342
39.48,2793
39.49,2766
39.5,2938
39.51,2871
39.52,2816
39.53,3313
39.54,3223
39.55,1957
39.56,3137
39.57,3223
39.58,2405
39.59,2283
39.6,1959
39.61,1352
39.62,1722
39.63,2119
39.64,2218
39.65,2631
39.66,1565
39.67,1013
39.68,725
39.69,2103
39.7,1956
39.71,1187
39.72,1562
39.73,92
39.74,1447
39.75,1851
39.76,1235
39.77,1075
39.78,583
39.79,1274
39.8,753
39.81,637
39.82,591
39.83,371
39.84,458
39.85,59
39.86,754
39.87,937
39.88,108
39.89,736
39.9,879
39.91,770
39.92,453
39.93,380
39.94,603
39.95,-379
39.96,713
39.97,639
39.98,481
39.99,1179
40.0,283
40.01,894
40.02,780
40.03,179
40.04,730
40.05,1115
40.06,1119
40.07,1077
40.08,1484
40.09,1501
40.1,880
40.11,1433
40.12,1144
40.13,1240
40.14,2212
40.15,1318
40.16,1985
40.17,2192
40.18,1927
40.19,2514
40.2,1742
40.21,1936
40.22,2592
40.23,2339
40.24,1929
40.25,2043
40.26,2904
40.27,2920
40.28,2360
40.29,2168
40.3,2598
40.31,2729
40.32,1832
40.33,2613
40.34,3369
40.35,3020
40.36,3593
40.37,3337
40.38,2777
40.39,2983
40.4,3551
40.41,4078
40.42,4087
40.43,3713
40.44,3562
40.45,3718
40.46,3848
40.47,3915
40.48,3548
40.49,4944
40.5,4515
40.51,3481
40.52,4929
40.53,3854
40.54,4048
40.55,4383
40.56,3473
40.57,4453
40.58,4675
40.59,4372
40.6,4471
40.61,4752
40.62,4744
40.63,3821
40.64,4066
40.65,4679
40.66,4052
40.67,3873
40.68,4246
40.69,5230
40.7,4070
40.71,3772
40.72,4942
40.73,3008
40.74,3536
40.75,4803
40.76,3935
40.77,3607
40.78,3939
40.79,4652
40.8,3429
40.81,2928
40.82,3409
40.83,2814
40.84,3360
40.85,3048
40.86,1871
40.87,3011
40.88,2757
40.89,2119
40.9,2998
40.91,2234
40.92,2446
40.93,2107
40.94,1572
40.95,1862
40.96,1800
40.97,2310
40.98,1759
40.99,1609
41.0,1604
41.01,1581
41.02,1647
41.03,1041
41.04,1375
41.05,1438
41.06,1350
41.07,1401
41.08,1245
41.09,1978
41.1,950
41.11,619
41.12,1608
41.13,748
41.14,1101
41.15,1135
41.16,1034
41.17,941
41.18,681
41.19,1472
41.2,582
41.21,933
41.22,1190
41.23,256
41.24,745
41.25,714
41.26,490
41.27,331
41.28,-52
41.29,10
41.3,371
41.31,243
41.32,11
41.33,-338
41.34,-183
41.35,178
41.36,-366
41.37,-386
41.38,-326
41.39,-648
41.4,-618
41.41,-366
41.42,-1083
41.43,-1387
41.44,-762
41.45,-1083
41.46,-1042
41.47,-1378
41.48,-1676
41.49,-1341
41.5,-1964
41.51,-1853
41.52,-1357
41.53,-1961
41.54,-2236
41.55,-1679
41.56,-2080
41.57,-2203
41.58,-2058
41.59,-2892
41.6,-2737
41.61,-2713
41.62,-2778
41.63,-3539
41.64,-3912
41.65,-1347
41.66,-1414
41.67,-4727
41.68,-3711
41.69,-1678
41.7,-4546
41.71,-4240
41.72,-2692
41.73,-3624
41.74,-3516
41.75,-3696
41.76,-2338
41.77,-4044
41.78,-4180
41.79,-2291
41.8,-4771
41.81,-3894
41.82,-2824
41.83,-3207
41.84,-3307
41.85,-3951
41.86,-3298
41.87,-2436
41.88,-2910
41.89,-3498
41.9,-2740
41.91,-2613
41.92,-2671
41.93,-2770
41.94,-2130
41.95,-1907
41.96,-1879
41.97,-1537
41.98,-2252
41.99,-1699
42.0,-1090
42.01,-1144
42.02,-761
42.03,-604
42.04,-881
42.05,-370
42.06,59
42.07,-450
42.08,-220
42.09,590
42.1,141
42.11,-72
42.12,1423
42.13,823
42.14,666
42.15,2236
42.16,1945
42.17,1877
42.18,1747
42.19,2159
42.2,2224
42.21,2178
42.22,3525
42.23,2667
42.24,2369
42.25,3328
42.26,3370
42.27,3455
42.28,3886
42.29,4536
42.3,3858
42.31,3941
42.32,4369
42.33,3869
42.34,4708
42.35,5174
42.36,4879
42.37,4538
42.38,5264
42.39,6006
42.4,5244
42.41,5500
42.42,6133
42.43,5785
42.44,5546
42.45,6216
42.46,6569
42.47,6848
42.48,6288
42.49,6281
42.5,7086
42.51,6399
42.52,7103
42.53,7445
42.54,7055
42.55,7282
42.56,7373
42.57,7443
42.58,7019
42.59,7648
42.6,7820
42.61,7044
42.62,7846
42.63,8002
42.64,6847
42.65,6798
42.66,7995
42.67,9566
42.68,9007
42.69,7397
42.7,7424
42.71,7889
42.72,7648
42.73,7652
42.74,8533
42.75,7914
42.76,7522
42.77,8315
42.78,7874
42.79,7717
42.8,8689
42.81,8744
42.82,6622
42.83,7986
42.84,9914
42.85,7382
42.86,7730
42.87,8800
42.88,7892
42.89,8075
42.9,8213
42.91,8803
42.92,8571
42.93,8421
42.94,9191
42.95,8162
42.96,9126
42.97,9111
42.98,8253
42.99,9061
43.0,8296
43.01,9483
43.02,9242
43.03,8488
43.04,9200
43.05,9905
43.06,9372
43.07,8279
43.08,9918
43.09,9813
43.1,9655
43.11,9303
43.12,9181
43.13,9708
43.14,8978
43.15,10318
43.16,10358
43.17,9630
43.18,10075
43.19,10047
43.2,10230
43.21,9807
43.22,9999
43.23,10313
43.24,10116
43.25,10390
43.26,10101
43.27,10539
43.28,10316
43.29,10280
43.3,11185
43.31,9988
43.32,10254
43.33,10613
43.34,10283
43.35,11035
43.36,10303
43.37,10404
43.38,10642
43.39,10604
43.4,10886
43.41,10007
43.42,10220
43.43,10984
43.44,10459
43.45,10373
43.46,10814
43.47,10569
43.48,10631
43.49,10320
43.5,10051
43.51,10145
43.52,9858
43.53,10148
43.54,10217
43.55,9963
43.56,9964
43.57,10289
43.58,9575
43.59,9076
43.6,9468
43.61,9318
43.62,9665
43.63,9162
43.64,9264
43.65,9135
43.66,8348
43.67,8823
43.68,8338
43.69,8032
43.7,8048
43.71,8417
43.72,8233
43.73,7631
43.74,7993
43.75,7259
43.76,7382
43.77,7303
43.78,6890
43.79,7420
43.8,6850
43.81,6191
43.82,5960
43.83,6459
43.84,6288
43.85,6200
43.86,5769
43.87,5401
43.88,5950
43.89,4793
43.9,4827
43.91,4713
43.92,4167
43.93,4508
43.94,3970
43.95,4387
43.96,4358
43.97,4012
43.98,4004
43.99,3406
44.0,3214
44.01,3103
44.02,3487
44.03,2829
44.04,2510
44.05,3204
44.06,1899
44.07,1870
44.08,2401
44.09,1419
44.1,2050
44.11,1942
44.12,1142
44.13,1353
44.14,457
44.15,817
44.16,798
44.17,561
44.18,898
44.19,-217
44.2,189
44.21,-326
44.22,-856
44.23,-571
44.24,-1488
44.25,-1607
44.26,-1416
44.27,-976
44.28,-1495
44.29,-2344
44.3,-1935
44.31,-2078
44.32,-3209
44.33,-2277
44.34,-1617
44.35,-3007
44.36,-2745
44.37,-2771
44.38,-2724
44.39,-3283
44.4,-4028
44.41,-3764
44.42,-3930
44.43,-3715
44.44,-4255
44.45,-3417
44.46,-3768
44.47,-4442
44.48,-3418
44.49,-3935
44.5,-4313
44.51,-4461
44.52,-4163
44.53,-4480
44.54,-4969
44.55,-4119
44.56,-3622
44.57,-3885
44.58,-3828
44.59,-4384
44.6,-4332
44.61,-3837
44.62,-4494
44.63,-3899
44.64,-4039
44.65,-3954
44.66,-3583
44.67,-4285
44.68,-3708
44.69,-3806
44.7,-4357
44.71,-3766
44.72,-3429
44.73,-3976
44.74,-3464
44.75,-3202
44.76,-4264
44.77,-3675
44.78,-3335
44.79,-3922
44.8,-3490
44.81,-3134
44.82,-3184
44.83,-3436
44.84,-3677
44.85,-3414
44.86,-3488
44.87,-3341
44.88,-2284
44.89,-2352
44.9,-3379
44.91,-3222
44.92,-2947
44.93,-2946
44.94,-2575
44.95,-3269
44.96,-3037
44.97,-2995
44.98,-3419
44.99,-2277
45.0,-3104
45.01,-3001
45.02,-2856
45.03,-4194
45.04,-2746
45.05,-3254
45.06,-3466
45.07,-1971
45.08,-3147
45.09,-3193
45.1,-3083
45.11,-3447
45.12,-3033
45.13,-2798
45.14,-3359
45.15,-3737
45.16,-3561
45.17,-3783
45.18,-2866
45.19,-3154
45.2,-2999
45.21,-2974
45.22,-3788
45.23,-2889
45.24,-4094
45.25,-4093
45.26,-2633
45.27,-3063
45.28,-3649
45.29,-3721
45.3,-3152
45.31,-3576
45.32,-3352
45.33,-3229
45.34,-3786
45.35,-3810
45.36,-4233
45.37,-3289
45.38,-3695
45.39,-3803
45.4,-3033
45.41,-3458
45.42,-3663
45.43,-4352
45.44,-3401
45.45,-3441
45.46,-3430
45.47,-3247
45.48,-3592
45.49,-2752
45.5,-3777
45.51,-3394
45.52,-3171
45.53,-3522
45.54,-2628
45.55,-2832
45.56,-2846
45.57,-2910
45.58,-2945
45.59,-2906
45.6,-2666
45.61,-2261
45.62,-2338
45.63,-2431
45.64,-2271
45.65,-1904
45.66,-2586
45.67,-2468
45.68,-884
45.69,-1762
45.7,-1997
45.71,-922
45.72,-1034
45.73,-1192
45.74,-2459
45.75,-2088
45.76,-1143
45.77,605
45.78,724
45.79,-3022
45.8,13
45.81,1715
45.82,-2517
45.83,-424
45.84,1250
45.85,-470
45.86,-555
45.87,699
45.88,774
45.89,-975
45.9,2102
45.91,642
45.92,-1664
45.93,2101
45.94,1187
45.95,1226
45.96,916
45.97,1251
45.98,1571
45.99,1190
46.0,1754
46.01,383
46.02,2420
46.03,1610
46.04,827
46.05,1589
46.06,1795
46.07,2172
46.08,1519
46.09,2041
46.1,618
46.11,2181
46.12,2943
46.13,568
46.14,1773
46.15,2350
46.16,1577
46.17,1715
46.18,2302
46.19,2025
46.2,976
46.21,2612
46.22,2415
46.23,1082
46.24,1946
46.25,1857
46.26,2646
46.27,1850
46.28,1911
46.29,2122
46.3,1551
46.31,2915
46.32,2276
46.33,2110
46.34,2483
46.35,2843
46.36,2708
46.37,2014
46.38,2589
46.39,2861
46.4,2869
46.41,2999
46.42,2594
46.43,3064
46.44,3655
46.45,3262
46.46,3293
46.47,3120
46.48,3475
46.49,2932
46.5,3749
46.51,4488
46.52,3386
46.53,4153
46.54,3881
46.55,3784
46.56,3983
46.57,3701
46.58,3761
46.59,3852
46.6,4717
46.61,4414
46.62,3579
46.63,4517
46.64,4600
46.65,3900
46.66,4411
46.67,4085
46.68,3663
46.69,4066
46.7,4697
46.71,3841
46.72,4259
46.73,5083
46.74,3556
46.75,5082
46.76,5847
46.77,4214
46.78,3974
46.79,4364
46.8,4339
46.81,4367
46.82,4727
46.83,4031
46.84,3812
46.85,4783
46.86,4543
46.87,3781
46.88,5270
46.89,4361
46.9,4138
46.91,5109
46.92,3554
46.93,4561
46.94,4150
46.95,4302
46.96,4392
46.97,3431
46.98,4385
46.99,3806
47.0,3842
47.01,3848
47.02,3952
47.03,3417
47.04,3310
47.05,4280
47.06,3003
47.07,2941
47.08,3657
47.09,3188
47.1,2942
47.11,2902
47.12,3292
47.13,3000
47.14,2772
47.15,2911
47.16,2569
47.17,3244
47.18,2884
47.19,2204
47.2,2738
47.21,1888
47.22,1512
47.23,2674
47.24,2044
47.25,1674
47.26,2652
47.27,2322
47.28,2100
47.29,1676
47.3,1692
47.31,2207
47.32,1846
47.33,2392
47.34,2320
47.35,1217
47.36,2199
47.37,2323
47.38,1277
47.39,2366
47.4,2381
47.41,986
47.42,1216
47.43,1613
47.44,1325
47.45,2284
47.46,2378
47.47,1330
47.48,674
47.49,1068
47.5,2097
47.51,1629
47.52,1241
47.53,1694
47.54,1661
47.55,793
47.56,958
47.57,1517
47.58,1788
47.59,1646
47.6,1168
47.61,1720
47.62,1177
47.63,1340
47.64,2037
47.65,1167
47.66,1100
47.67,1394
47.68,1580
47.69,1808
47.7,1747
47.71,1432
47.72,1143
47.73,1607
47.74,785
47.75,839
47.76,2528
47.77,1460
47.78,474
47.79,-26
47.8,-137
47.81,3186
47.82,4269
47.83,-222
47.84,525
47.85,3718
47.86,-1300
47.87,-933
47.88,2729
47.89,-492
47.9,227
47.91,2297
47.92,1264
47.93,-537
47.94,855
47.95,2242
47.96,-1130
47.97,1386
47.98,1266
47.99,-1651
48.0,1244
48.01,1623
48.02,350
48.03,13
48.04,1252
48.05,-443
48.06,-1117
48.07,1463
48.08,78
48.09,-553
48.1,166
48.11,-1411
48.12,-514
48.13,2566
48.14,1054
48.15,-1134
48.16,194
48.17,417
48.18,-2058
48.19,-574
48.2,-169
48.21,-128
48.22,759
48.23,-2987
48.24,-190
48.25,956
48.26,-1201
48.27,-2271
48.28,-1645
48.29,-77
48.3,-1791
48.31,600
48.32,-926
48.33,-1156
48.34,992
48.35,-1077
48.36,-1153
48.37,-1383
48.38,-839
48.39,-1025
48.4,-671
48.41,-147
48.42,-2160
48.43,-639
48.44,977
48.45,-999
48.46,-1013
48.47,710
48.48,-291
48.49,-1955
48.5,236
48.51,949
48.52,-1874
48.53,-234
48.54,1363
48.55,-1261
48.56,-124
48.57,1282
48.58,-548
48.59,-91
48.6,-99
48.61,-659
48.62,602
48.63,-173
48.64,1410
48.65,1216
48.66,-526
48.67,534
48.68,-905
48.69,530
48.7,497
48.71,-404
48.72,294
48.73,1423
48.74,521
48.75,-1748
48.76,1630
48.77,-381
48.78,-1609
48.79,1829
48.8,918
48.81,-715
48.82,-332
48.83,1551
48.84,307
48.85,-1033
48.86,-212
48.87,63
48.88,-176
48.89,-642
48.9,179
48.91,-34
48.92,-685
48.93,-94
48.94,84
48.95,-152
48.96,-1010
48.97,726
48.98,202
48.99,-1477
49.0,1259
49.01,304
49.02,-840
49.03,-473
49.04,-460
49.05,545
49.06,131
49.07,411
49.08,914
49.09,517
49.1,107
49.11,704
49.12,348
49.13,247
49.14,861
49.15,-257
49.16,501
49.17,895
49.18,-81
49.19,-49
49.2,1599
49.21,1727
49.22,-210
49.23,846
49.24,1273
49.25,1670
49.26,1148
49.27,345
49.28,-529
49.29,-2266
49.3,1793
49.31,2218
49.32,1835
49.33,3436
49.34,383
49.35,2222
49.36,3946
49.37,3238
49.38,2938
49.39,2140
49.4,4014
49.41,2567
49.42,1856
49.43,2464
49.44,2271
49.45,4253
49.46,3540
49.47,3367
49.48,3690
49.49,3523
49.5,3746
49.51,3977
49.52,4043
49.53,1963
49.54,2762
49.55,5121
49.56,4754
49.57,3248
49.58,2936
49.59,4070
49.6,4094
49.61,3913
49.62,4017
49.63,3966
49.64,3042
49.65,2382
49.66,3846
49.67,3835
49.68,4362
49.69,4448
49.7,4187
49.71,4608
49.72,2538
49.73,4727
49.74,4877
49.75,3530
49.76,4324
49.77,2997
49.78,4499
49.79,3697
49.8,4090
49.81,3770
49.82,2204
49.83,4292
49.84,2852
49.85,2748
49.86,4209
49.87,4974
49.88,4373
49.89,2693
49.9,3603
49.91,3588
49.92,4125
49.93,4333
49.94,2937
49.95,3763
49.96,903
49.97,-3556
49.98,-6273
49.99,-434
50.0,14010
50.01,10669
50.02,2851
50.03,7128
50.04,5794
50.05,1176
50.06,-5050
50.07,-1739
50.08,6273
50.09,3622
50.1,6209
50.11,829
50.12,1978
50.13,4108
50.14,-3017
50.15,3807
50.16,3805
50.17,-909
50.18,-5003
50.19,11932
50.2,8018
50.21,-7890
50.22,5155
50.23,3789
50.24,3989
50.25,-1864
50.26,3467
50.27,-1808
50.28,-5928
50.29,8047
50.3,281
50.31,9779
50.32,489
50.33,-8596
50.34,5123
50.35,7615
50.36,1956
50.37,-4638
50.38,5516
50.39,2603
50.4,-503
50.41,6829
50.42,-3007
50.43,-5363
50.44,4176
50.45,8549
50.46,3022
50.47,-5584
50.48,7584
50.49,3605
50.5,-4971
50.51,8413
50.52,-7039
50.53,-4794
50.54,13658
50.55,7365
50.56,-2131
50.57,-2937
50.58,2067
50.59,2595
50.6,4207
50.61,-5413
50.62,225
50.63,10245
50.64,-4919
50.65,-3064
50.66,6139
50.67,4840
50.68,-88
50.69,1054
50.7,-993
50.71,-2552
50.72,9894
50.73,2842
50.74,-3645
50.75,1812
50.76,1235
50.77,-5572
50.78,-3222
50.79,8030
50.8,5412
50.81,4806
50.82,-2734
50.83,-5714
50.84,577
50.85,5551
50.86,5710
50.87,-7587
50.88,5341
50.89,14982
50.9,-14269
50.91,-4610
50.92,11251
50.93,-12322
50.94,321
50.95,3778
50.96,-5048
50.97,4820
50.98,4274
50.99,3018
51.0,518
51.01,6133
51.02,-1730
51.03,-11663
51.04,-2109
51.05,3706
51.06,-3585
51.07,3294
51.08,8446
51.09,-4755
51.1,-1449
51.11,-4147
51.12,2351
51.13,5297
51.14,-7919
51.15,1370
51.16,6565
51.17,637
51.18,-4874
51.19,-2111
51.2,-3685
51.21,-1093
51.22,9022
51.23,-2387
51.24,-3826
51.25,4138
51.26,-900
51.27,-5478
51.28,-4179
51.29,979
51.3,1934
51.31,-1775
51.32,-1917
51.33,-1468
51.34,-2085
51.35,-1725
51.36,1579
51.37,5204
51.38,1568
51.39,-589
51.4,310
51.41,-3922
51.42,-5345
51.43,4867
51.44,6308
51.45,2576
51.46,12798
51.47,14220
51.48,8990
51.49,5503
51.5,-4990
51.51,-8479
51.52,1991
51.53,11114
51.54,447
51.55,-9512
51.56,-12551
51.57,-26153
51.58,-32226
51.59,-12406
51.6,12387
51.61,9032
51.62,8659
51.63,12228
51.64,-4796
51.65,-16183
51.66,-14096
51.67,-12152
51.68,-5535
51.69,6458
51.7,9932
51.71,16475
51.72,14866
51.73,4782
51.74,-11311
51.75,-12870
51.76,-6522
51.77,-13510
51.78,9769
51.79,13400
51.8,539
51.81,989
51.82,-9972
51.83,-18798
51.84,-8929
51.85,16898
51.86,5177
51.87,-6350
51.88,6077
51.89,5233
51.9,279
51.91,-3360
51.92,3870
51.93,-1027
51.94,-14511
51.95,-7944
51.96,5780
51.97,10860
51.98,-5998
51.99,-8306
52.0,8918
52.01,-272
52.02,6265
52.03,11095
52.04,-6900
52.05,-715
52.06,5787
52.07,-10544
52.08,-17942
52.09,11410
52.1,13564
52.11,-11147
52.12,-2058
52.13,559
52.14,-2025
52.15,12323
52.16,10726
52.17,-2627
52.18,-10311
52.19,-7035
52.2,362
52.21,-327
52.22,2119
52.23,-6258
52.24,-17104
52.25,322
52.26,13913
52.27,10328
52.28,7120
52.29,-812
52.3,-2805
52.31,-8356
52.32,-14476
52.33,-1899
52.34,3791
52.35,11560
52.36,17879
52.37,6519
52.38,-6293
52.39,-10846
52.4,-1290
52.41,-7394
52.42,-12421
52.43,8025
52.44,12653
52.45,-739
52.46,3375
52.47,14358
52.48,4695
52.49,293
52.5,1182
52.51,-11222
52.52,-11415
52.53,4731
52.54,9121
52.55,3718
52.56,2854
52.57,2255
52.58,1033
52.59,-2319
52.6,-8079
52.61,-10549
52.62,-3350
52.63,3740
52.64,-13
52.65,2082
52.66,4623
52.67,2576
52.68,4349
52.69,-3724
52.7,-2576
52.71,-922
52.72,-7100
52.73,-3408
52.74,-1572
52.75,3634
52.76,1235
52.77,-6482
52.78,-2559
52.79,4418
52.8,2885
52.81,-1909
52.82,-3986
52.83,-2036
52.84,6489
52.85,-1411
52.86,-10751
52.87,-767
52.88,671
52.89,-8062
52.9,-4152
52.91,6009
52.92,-6924
52.93,-10536
52.94,5195
52.95,-7047
52.96,-8731
52.97,6572
52.98,-832
52.99,-4968
53.0,1341
53.01,-2886
53.02,-6620
53.03,-1615
53.04,-3723
53.05,-7399
53.06,-3772
53.07,-6227
53.08,-7316
53.09,1311
53.1,-3378
53.11,-7901
53.12,-1097
53.13,-2072
53.14,731
53.15,1548
53.16,-4225
53.17,-5883
53.18,-7123
53.19,-1072
53.2,-5213
53.21,-4967
53.22,3695
53.23,-8965
53.24,-7280
53.25,-3489
53.26,-7348
53.27,-1581
53.28,2482
53.29,-3823
53.3,-11545
53.31,-931
53.32,-1399
53.33,-4139
53.34,-1053
53.35,-3911
53.36,257
53.37,-5778
53.38,-8483
53.39,-3738
53.4,-4214
53.41,-2335
53.42,-7004
53.43,-7002
53.44,-10254
53.45,-5720
53.46,5889
53.47,-4333
53.48,-7383
53.49,-7753
53.5,-5933
53.51,1321
53.52,-1923
53.53,-4573
53.54,-860
53.55,-111
53.56,-5233
53.57,-3248
53.58,1501
53.59,-2934
53.6,-8635
53.61,-553
53.62,4249
53.63,-2538
53.64,-8242
53.65,-6613
53.66,2563
53.67,-1414
53.68,-4897
53.69,-1809
53.7,-7176
53.71,-1074
53.72,-878
53.73,-6171
53.74,5371
53.75,-1031
53.76,-6088
53.77,1324
53.78,-4792
53.79,-1380
53.8,5322
53.81,3807
53.82,-3859
53.83,-3516
53.84,3160
53.85,-2607
53.86,-2056
53.87,-534
53.88,-4154
53.89,-2917
53.9,-1696
53.91,-2041
53.92,4689
53.93,6299
53.94,-396
53.95,1550
53.96,891
53.97,1232
53.98,-2077
53.99,-5550
54.0,4300
54.01,4122
54.02,1425
54.03,5023
54.04,3086
54.05,1282
54.06,1630
54.07,101
54.08,-4202
54.09,649
54.1,5812
54.11,3181
54.12,6807
54.13,1898
54.14,-675
54.15,5079
54.16,668
54.17,-571
54.18,985
54.19,6379
54.2,7221
54.21,-4393
54.22,2267
54.23,7489
54.24,1575
54.25,5253
54.26,2814
54.27,4874
54.28,6525
54.29,2746
54.3,2393
54.31,-1131
54.32,4930
54.33,7814
54.34,4802
54.35,5761
54.36,1877
54.37,6475
54.38,2738
54.39,-1587
54.4,8624
54.41,5610
54.42,4703
54.43,8086
54.44,6340
54.45,5269
54.46,6360
54.47,4767
54.48,3014
54.49,8868
54.5,4371
54.51,1111
54.52,9422
54.53,5268
54.54,1982
54.55,9131
54.56,5429
54.57,1988
54.58,9663
54.59,7788
54.6,4032
54.61,9971
54.62,6624
54.63,458
54.64,5585
54.65,9352
54.66,2735
54.67,3398
54.68,11046
54.69,7456
54.7,3786
54.71,10216
54.72,8605
54.73,268
54.74,8086
54.75,9865
54.76,2912
54.77,7081
54.78,8143
54.79,5709
54.8,3692
54.81,4263
54.82,6407
54.83,4806
54.84,10046
54.85,9905
54.86,4688
54.87,11592
54.88,9493
54.89,2346
54.9,561
54.91,4836
54.92,12422
54.93,7733
54.94,6738
54.95,6498
54.96,3880
54.97,6828
54.98,4703
54.99,7195
55.0,6958
55.01,5604
55.02,10180
55.03,5766
55.04,5588
55.05,5745
55.06,4858
55.07,5790
55.08,4718
55.09,4523
55.1,561
55.11,5803
55.12,6571
55.13,798
55.14,3442
55.15,5716
55.16,3812
55.17,2450
55.18,4233
55.19,1947
55.2,1846
55.21,2789
55.22,431
55.23,1693
55.24,3010
55.25,2330
55.26,4932
55.27,1014
55.28,-2590
55.29,5412
55.3,1557
55.31,-2441
55.32,1350
55.33,1878
55.34,752
55.35,-1842
55.36,652
55.37,-1093
55.38,-4632
55.39,-5902
55.4,-3744
55.41,-2900
55.42,-4125
55.43,-1463
55.44,-3982
55.45,-2608
55.46,-364
55.47,-658
55.48,-1635
55.49,-2006
55.5,-1136
55.51,-4211
55.52,-3952
55.53,-4666
55.54,-2394
55.55,-1097
55.56,-5313
55.57,-5120
55.58,-4610
55.59,-4837
55.6,-5986
55.61,-5005
55.62,-3496
55.63,-4069
55.64,-4826
55.65,-3190
55.66,-3316
55.67,-8734
55.68,-5622
55.69,-2772
55.7,-6765
55.71,-4864
55.72,-4472
55.73,-6576
55.74,-5154
55.75,-8059
55.76,-7934
55.77,-4228
55.78,-5777
55.79,-6916
55.8,-7401
55.81,-8186
55.82,-6975
55.83,-4016
55.84,-4957
55.85,-6947
55.86,-9449
55.87,-6789
55.88,-3449
55.89,-8341
55.9,-6751
55.91,-3720
55.92,-6008
55.93,-8987
55.94,-7109
55.95,-6309
55.96,-8807
55.97,-7607
55.98,-4784
55.99,-4092
56.0,-5258
56.01,-3663
56.02,-5540
56.03,-7407
56.04,-9572
56.05,-9551
56.06,-4270
56.07,-6495
56.08,-6408
56.09,-4834
56.1,-6521
56.11,-4245
56.12,-5482
56.13,-7146
56.14,-7662
56.15,-5288
56.16,-3114
56.17,-5701
56.18,-4715
56.19,-7327
56.2,-5706
56.21,-3851
56.22,-8309
56.23,-6580
56.24,-6328
56.25,-3098
56.26,-4517
56.27,-7576
56.28,-2166
56.29,-5177
56.3,-6036
56.31,-4389
56.32,-4915
56.33,-4129
56.34,-4313
56.35,-2665
56.36,-3797
56.37,-5969
56.38,-6905
56.39,-4091
56.4,-2175
56.41,-4293
56.42,-6495
56.43,-5351
56.44,-2777
56.45,-4005
56.46,-692
56.47,-1204
56.48,-4634
56.49,-554
56.5,-1164
56.51,-3322
56.52,-2143
56.53,-618
56.54,-2425
56.55,-3644
56.56,-578
56.57,-2782
56.58,-2863
56.59,67
56.6,-52
56.61,-2820
56.62,-1396
56.63,3751
56.64,-105
56.65,-3100
56.66,-476
56.67,-857
56.68,-809
56.69,208
56.7,-2190
56.71,559
56.72,665
56.73,-3404
56.74,-281
56.75,-450
56.76,-622
56.77,2465
56.78,2384
56.79,-309
56.8,1473
56.81,3939
56.82,669
56.83,1548
56.84,3055
56.85,3738
56.86,3343
56.87,2211
56.88,3121
56.89,1721
56.9,3360
56.91,2375
56.92,48
56.93,2050
56.94,2635
56.95,2821
56.96,3235
56.97,3136
56.98,3645
56.99,3333
57.0,2878
57.01,6755
57.02,5168
57.03,2402
57.04,5259
57.05,4800
57.06,3817
57.07,4733
57.08,4993
57.09,2136
57.1,2194
57.11,3697
57.12,3747
57.13,5255
57.14,5957
57.15,5984
57.16,4947
57.17,5290
57.18,4678
57.19,4165
57.2,7471
57.21,7166
57.22,5123
57.23,6479
57.24,4209
57.25,4981
57.26,8417
57.27,5624
57.28,4702
57.29,6606
57.3,7236
57.31,6058
57.32,5599
57.33,5448
57.34,6400
57.35,6047
57.36,5555
57.37,6772
57.38,5658
57.39,5609
57.4,5709
57.41,7493
57.42,5693
57.43,4552
57.44,7735
57.45,5939
57.46,5933
57.47,5876
57.48,4613
57.49,4728
57.5,4227
57.51,4692
57.52,3783
57.53,4815
57.54,6918
57.55,6784
57.56,7522
57.57,4840
57.58,2415
57.59,5778
57.6,4129
57.61,2298
57.62,6975
57.63,7045
57.64,3789
57.65,1596
57.66,5603
57.67,6000
57.68,921
57.69,5922
57.7,4184
57.71,1623
57.72,4100
57.73,2832
57.74,3894
57.75,3564
57.76,4032
57.77,1601
57.78,2324
57.79,4662
57.8,2526
57.81,2627
57.82,1069
57.83,2932
57.84,3438
57.85,343
57.86,1422
57.87,1169
57.88,667
57.89,1137
57.9,1279
57.91,2839
57.92,1211
57.93,-143
57.94,2336
57.95,2437
57.96,832
57.97,-1157
57.98,-1193
57.99,818
58.0,1606
58.01,848
58.02,-1719
58.03,-1733
58.04,1468
58.05,-141
58.06,-1183
58.07,2566
58.08,-1063
58.09,-1797
58.1,1234
58.11,-1174
58.12,-1487
58.13,-1460
58.14,-674
58.15,-1322
58.16,-939
58.17,229
58.18,-2696
58.19,-1950
58.2,-1774
58.21,-2973
58.22,-1137
58.23,-2279
58.24,-968
58.25,482
58.26,-2252
58.27,-1684
58.28,-2529
58.29,-2378
58.3,-2125
58.31,-3567
58.32,-2765
58.33,-3583
58.34,-1009
58.35,-1999
58.36,-5568
58.37,-2565
58.38,-2529
58.39,-2362
58.4,-1642
58.41,-4434
58.42,-4270
58.43,-2277
58.44,-2564
58.45,-4477
58.46,-4426
58.47,-3362
58.48,-3896
58.49,-4421
58.5,-3667
58.51,-3055
58.52,-4462
58.53,-4563
58.54,-3024
58.55,-4463
58.56,-5522
58.57,-3653
58.58,-3999
58.59,-4160
58.6,-2272
58.61,-4376
58.62,-6794
58.63,-4228
58.64,-3844
58.65,-5853
58.66,-2893
58.67,-2560
58.68,-6061
58.69,-4427
58.7,-3482
58.71,-5262
58.72,-5001
58.73,-3894
58.74,-3607
58.75,-3066
58.76,-3403
58.77,-4102
58.78,-3908
58.79,-5695
58.8,-5781
58.81,-4548
58.82,-5322
58.83,-3711
58.84,-2383
58.85,-5078
58.86,-4745
58.87,-3454
58.88,-3680
58.89,-3703
58.9,-4033
58.91,-2188
58.92,-2815
58.93,-3693
58.94,-3509
58.95,-3362
58.96,-4088
58.97,-4402
58.98,-3067
58.99,-5460
59.0,-5230
59.01,-4113
59.02,-4130
59.03,-2768
59.04,-2145
59.05,-3210
59.06,-2922
59.07,-1740
59.08,-3474
59.09,-2331
59.1,-4389
59.11,-5402
59.12,-2157
59.13,-731
59.14,-685
59.15,-4949
59.16,-3699
59.17,-2709
59.18,-3880
59.19,-1040
59.2,-2954
59.21,-4141
59.22,-2783
59.23,-1635
59.24,-621
59.25,-3295
59.26,-4443
59.27,-2692
59.28,-2947
59.29,-3228
59.3,-2120
59.31,-441
59.32,-1422
59.33,-3361
59.34,-2887
59.35,-3297
59.36,-2116
59.37,-1444
59.38,-1387
59.39,-1724
59.4,-2901
59.41,-39
59.42,-788
59.43,-2562
59.44,-1743
59.45,-1468
59.46,-699
59.47,-2220
59.48,-964
59.49,-1286
59.5,-2794
59.51,758
59.52,-524
59.53,-2626
59.54,-921
59.55,-88
59.56,-298
59.57,-967
59.58,-1276
59.59,-552
59.6,61
59.61,-1049
59.62,-1458
59.63,-1952
59.64,-950
59.65,-211
59.66,-492
59.67,1012
59.68,521
59.69,718
59.7,55
59.71,-1107
59.72,-172
59.73,-668
59.74,1436
59.75,1779
59.76,-485
59.77,417
59.78,293
59.79,-123
59.8,-795
59.81,1733
59.82,2707
59.83,-928
59.84,604
59.85,1606
59.86,1229
59.87,379
59.88,-222
59.89,2078
59.9,684
59.91,1098
59.92,3119
59.93,505
59.94,1306
59.95,2220
59.96,1422
59.97,2957
59.98,2072
59.99,1956
60.0,2568
60.01,2028
60.02,1553
60.03,1610
60.04,2679
60.05,1883
60.06,1775
60.07,2991
60.08,3594
60.09,2778
60.1,2552
60.11,3467
60.12,2732
60.13,2868
60.14,2022
60.15,2547
60.16,4010
60.17,2130
60.18,2150
60.19,3177
60.2,3656
60.21,4070
60.22,4244
60.23,4156
60.24,3082
60.25,3766
60.26,4638
60.27,3056
60.28,2863
60.29,3384
60.3,2519
60.31,3104
60.32,3968
60.33,3117
60.34,3306
60.35,5641
60.36,5264
60.37,3042
60.38,3756
60.39,5211
60.4,4154
60.41,3892
60.42,4469
60.43,3050
60.44,3173
60.45,2780
60.46,2983
60.47,4622
60.48,4481
60.49,3662
60.5,3080
60.51,3768
60.52,2619
60.53,2273
60.54,2575
60.55,1804
60.56,3335
60.57,3844
60.58,2830
60.59,2005
60.6,2097
60.61,1711
60.62,1699
60.63,2972
60.64,2082
60.65,1246
60.66,1396
60.67,-996
60.68,-13406
60.69,-41526
60.7,-61420
60.71,-32921
60.72,34606
60.73,87657
60.74,61283
60.75,-14466
60.76,25170
60.77,37245
60.78,-94137
60.79,-7714
60.8,61373
60.81,-78932
60.82,-7497
60.83,44868
60.84,3185
60.85,-1018
60.86,2560
60.87,24674
60.88,-59762
60.89,12088
60.9,16346
60.91,-43148
60.92,56095
60.93,-12740
60.94,-7203
60.95,-37144
60.96,-152885
60.97,-229577
60.98,-288387
60.99,-195882
61.0,-130046
61.01,46662
61.02,84436
61.03,-218967
61.04,-411436
61.05,-408578
61.06,-492716
61.07,-471093
61.08,-239254
61.09,-558232
61.1,-991318
61.11,-901805
61.12,-1064920
61.13,-1678497
61.14,-2141768
61.15,-2420832
61.16,-2528374
61.17,-1938087
61.18,-1423381
61.19,-1512537
61.2,-1904885
61.21,-2513549
61.22,-2166500
61.23,-1663195
61.24,-2297751
61.25,-3295440
61.26,-3940783
61.27,-3918368
61.28,-3980077
61.29,-4365564
61.3,-4699116
61.31,-4789590
61.32,-5251375
61.33,-5975035
61.34,-5726592
61.35,-6381745
61.36,-7746798
61.37,-7726669
61.38,-6339229
61.39,-4289966
61.4,-3602730
61.41,-4712419
61.42,-6836205
61.43,-7563797
61.44,-6877972
61.45,-7425061
61.46,-8776192
61.47,-9577891
61.48,-7726015
61.49,-5609339
61.5,-5176656
61.51,-5296415
61.52,-7225291
61.53,-8717645
61.54,-8926178
61.55,-8963360
61.56,-9756163
61.57,-10294966
61.58,-8642893
61.59,-6435406
61.6,-2531561
61.61,1943762
61.62,3932768
61.63,3287142
61.64,2272940
61.65,120349
61.66,-3559935
61.67,-3533146
61.68,-1416357
61.69,-1688572
61.7,-4330545
61.71,-4206330
61.72,-4667039
61.73,-5277914
61.74,-1967527
61.75,-2977021
61.76,-1320456
61.77,-625857
61.78,-4678931
61.79,-2618996
61.8,-550488
61.81,-2583420
61.82,-5824253
61.83,-5477702
61.84,-2857614
61.85,-2786975
61.86,-3542397
61.87,-1612721
61.88,-699524
61.89,-3963964
61.9,-6288044
61.91,-6719162
61.92,-6065672
61.93,-6180867
61.94,-4684263
61.95,-2983688
61.96,-5596013
61.97,-8728457
61.98,-10506674
61.99,-7291146
62.0,-5480990
62.01,-8412211
62.02,-8422954
62.03,-4914880
62.04,-334761
62.05,346084
62.06,6527335
62.07,9913647
62.08,1590818
62.09,757124
62.1,-131420
62.11,-3995267
62.12,-5235344
62.13,-5539384
62.14,-1797521
62.15,-4664823
62.16,-8980358
62.17,-3885273
62.18,-735171
62.19,-2871171
62.2,-2494101
62.21,-3248297
62.22,-4455199
62.23,-6170984
62.24,-8444262
62.25,-3438604
62.26,-6017628
62.27,-11227909
62.28,-7075194
62.29,-5202312
62.3,-5322801
62.31,-8077181
62.32,-5737360
62.33,-3033806
62.34,-9579015
62.35,-6296642
62.36,-1268479
62.37,-6096222
62.38,-5058492
62.39,-3312267
62.4,-5652273
62.41,-5097574
62.42,-3878540
62.43,-3193488
62.44,-3870366
62.45,-2746363
62.46,673857
62.47,201617
62.48,-2677762
62.49,-3638474
62.5,-4496223
62.51,-4487096
62.52,-1118315
62.53,1750741
62.54,4041086
62.55,5534528
62.56,8413080
62.57,11726951
62.58,9040600
62.59,7882071
62.6,8395906
62.61,6588885
62.62,-23156
62.63,-9811664
62.64,-7052740
62.65,625485
62.66,-53164
62.67,-2629406
62.68,-3911201
62.69,-7615895
62.7,-10918937
62.71,-9491851
62.72,-7798790
62.73,-6329013
62.74,-6297379
62.75,-5891508
62.76,-1323641
62.77,3252208
62.78,4839778
62.79,3505219
62.8,711774
62.81,-2972906
62.82,-5091897
62.83,-5736872
62.84,-7032052
62.85,-8850925
62.86,-10206257
62.87,-9536467
62.88,-8426124
62.89,-6148595
62.9,-1854333
62.91,-2084115
62.92,-3165203
62.93,3178800
62.94,8542406
62.95,7164062
62.96,4616884
62.97,4471809
62.98,3699660
62.99,3692005
63.0,6555240
63.01,6473991
63.02,6627431
63.03,8749250
63.04,6704754
63.05,3565971
63.06,5100448
63.07,6720888
63.08,5311189
63.09,6206385
63.1,6379484
63.11,5641265
63.12,6429855
63.13,5808381
63.14,6144894
63.15,6085257
63.16,5765680
63.17,5046121
63.18,2652768
63.19,2601816
63.2,4656973
63.21,3880928
63.22,1572365
63.23,2295644
63.24,-50480
63.25,-3202009
63.26,-3833179
63.27,-5859332
63.28,-5447675
63.29,-6277892
63.3,-9090606
63.31,-9916342
63.32,-8739097
63.33,-3142593
63.34,2680899
63.35,4191329
63.36,4078474
63.37,4644389
63.38,4085771
63.39,3936360
63.4,4286572
63.41,4742455
63.42,5906443
63.43,5396152
63.44,6280577
63.45,5878954
63.46,4720367
63.47,4713340
63.48,4690049
63.49,4726019
63.5,962615
63.51,-750313
63.52,-2227153
63.53,-4815986
63.54,-4657766
63.55,-5327541
63.56,-3832267
63.57,-951747
63.58,-1159766
63.59,-3196238
63.6,-2525860
63.61,35442
63.62,2256221
63.63,5037023
63.64,4338613
63.65,3851180
63.66,5477121
63.67,2642497
63.68,564124
63.69,2298755
63.7,2943638
63.71,484072
63.72,-714741
63.73,-769546
63.74,-3638741
63.75,1059620
63.76,9086451
63.77,10476093
63.78,10333909
63.79,9663177
63.8,10042130
63.81,9013036
63.82,6318887
63.83,2630623
63.84,-4009417
63.85,-8588278
63.86,-4487491
63.87,5574255
63.88,9211499
63.89,7525552
63.9,6617873
63.91,6311684
63.92,4441425
63.93,915841
63.94,-1343631
63.95,909256
63.96,9094735
63.97,11303832
63.98,9178316
63.99,8995974
64.0,5996890
64.01,4530893
64.02,5442925
64.03,5450540
64.04,3837488
64.05,4729526
64.06,6155831
64.07,5649207
64.08,6653475
64.09,7321720
64.1,9638101
64.11,10999584
64.12,9492810
64.13,9364984
64.14,7534661
64.15,4756464
64.16,3104432
64.17,-1140170
64.18,-774743
64.19,7676781
64.2,8925676
64.21,2595501
64.22,-628655
64.23,-3452949
64.24,-6158359
64.25,-5689863
64.26,-3444542
64.27,949092
64.28,5526584
64.29,5415263
64.3,7291630
64.31,11498032
64.32,9692244
64.33,6872680
64.34,1527560
64.35,-5995023
64.36,-6359529
64.37,-5128973
64.38,-4937594
64.39,-60623
64.4,4638801
64.41,7959302
64.42,10773341
64.43,10100018
64.44,7357080
64.45,240176
64.46,-10289851
64.47,-12550012
64.48,-8364917
64.49,-10240904
64.5,-9953659
64.51,-6728465
64.52,-6512372
64.53,-5428850
64.54,-5052653
64.55,-1276093
64.56,3096903
64.57,6227825
64.58,8664906
64.59,9515553
64.6,10438246
64.61,8288807
64.62,7476955
64.63,7077783
64.64,5131557
64.65,-1390541
64.66,-7565696
64.67,-1866152
64.68,6780500
64.69,9762438
64.7,9932073
64.71,10693751
64.72,9638973
64.73,10108638
64.74,10397811
64.75,9546845
64.76,10617479
64.77,9687054
64.78,10216954
64.79,9799241
64.8,9099713
64.81,8857228
64.82,7949472
64.83,7231214
64.84,5969606
64.85,5259343
64.86,-362750
64.87,-5822901
64.88,-5524124
64.89,-3573894
64.9,-3082087
64.91,-1737842
64.92,1115385
64.93,2881038
64.94,4962281
64.95,3854748
64.96,5023491
64.97,6632072
64.98,4822969
64.99,6654740
65.0,6018567
65.01,5743348
65.02,6574836
65.03,6533180
65.04,9297810
65.05,10512868
65.06,9691668
65.07,7382706
65.08,3599690
65.09,-998515
65.1,-2925460
65.11,-3553501
65.12,-4694305
65.13,-4538163
65.14,-5937860
65.15,-6567070
65.16,-5961036
65.17,-6038463
65.18,-4280513
65.19,84410
65.2,4056102
65.21,3831588
65.22,2623966
65.23,4752605
65.24,5163168
65.25,4814256
65.26,6372438
65.27,5877792
65.28,5964234
65.29,5556780
65.3,3244754
65.31,1394585
65.32,2206699
65.33,3892276
65.34,2937129
65.35,5699933
65.36,7382055
65.37,5509138
65.38,7949284
65.39,6780698
65.4,4607836
65.41,7112602
65.42,7508108
65.43,8084499
65.44,5244213
65.45,2217
65.46,-2513727
65.47,-3699370
65.48,-701930
65.49,-1424994
65.5,-1949298
65.51,3322741
65.52,6267762
65.53,9172491
65.54,8135367
65.55,5732543
65.56,7215078
65.57,5916085
65.58,5810104
65.59,6348142
65.6,3976630
65.61,2131513
65.62,787450
65.63,3006264
65.64,6056334
65.65,5808007
65.66,3500023
65.67,3429163
65.68,4900388
65.69,415085
65.7,-3361228
65.71,-5178903
65.72,-5382510
65.73,-3175912
65.74,-2423944
65.75,-97613
65.76,-2256472
65.77,-5298954
65.78,16613
65.79,5225825
65.8,2993242
65.81,-520028
65.82,-3321149
65.83,-5557022
65.84,-3163312
65.85,637520
65.86,803692
65.87,-1933464
65.88,562789
65.89,2234226
65.9,1913238
65.91,5828531
65.92,3646953
65.93,-672551
65.94,595949
65.95,2034274
65.96,2989550
65.97,4536848
65.98,4176679
65.99,4121824
66.0,5497664
66.01,6345133
66.02,7659395
66.03,8745894
66.04,7995440
66.05,6505381
66.06,5940356
66.07,6091424
66.08,5957340
66.09,4989651
66.1,1979553
66.11,-2157192
66.12,-4190468
66.13,-5093968
66.14,-5765139
66.15,-5829259
66.16,-5748680
66.17,-5127337
66.18,-4241120
66.19,-4450870
66.2,-5387918
66.21,-5260665
66.22,-5162310
66.23,-5337990
66.24,-3942977
66.25,-3015665
66.26,-5229298
66.27,-6976646
66.28,-5841986
66.29,-6080342
66.3,-6321935
66.31,-5292706
66.32,-7222449
66.33,-9455300
66.34,-10326868
66.35,-8208922
66.36,-2253565
66.37,3491143
66.38,5279919
66.39,3524298
66.4,3512715
66.41,3147328
66.42,4709314
66.43,7609661
66.44,6633416
66.45,7031879
66.46,6863369
66.47,5499275
66.48,4547863
66.49,2521124
66.5,909352
66.51,-2649908
66.52,-4980592
66.53,-4073498
66.54,-4722842
66.55,-1965851
66.56,2772922
66.57,7977645
66.58,12291125
66.59,8830653
66.6,7939480
66.61,5280917
66.62,-935476
66.63,-2745902
66.64,-5453113
66.65,-4769117
66.66,-1469575
66.67,5100647
66.68,12134234
66.69,10513679
66.7,8313733
66.71,8509949
66.72,5785178
66.73,5573056
66.74,6788106
66.75,5500032
66.76,5841025
66.77,3158646
66.78,-2204174
66.79,-7059005
66.8,-10136443
66.81,-10080758
66.82,-8788088
66.83,-6867477
66.84,-6613680
66.85,-5617148
66.86,-3915041
66.87,-853039
66.88,3110274
66.89,3692193
66.9,3030157
66.91,3614943
66.92,5005264
66.93,5996302
66.94,6939428
66.95,7337883
66.96,6127543
66.97,5837667
66.98,6479387
66.99,5719328
67.0,6275435
67.01,6390301
67.02,5896017
67.03,6097619
67.04,4860051
67.05,2257628
67.06,-2132276
67.07,-4709846
67.08,-7370090
67.09,-10509251
67.1,-9009319
67.11,-7705454
67.12,-9492472
67.13,-8329246
67.14,-6004704
67.15,-6525606
67.16,-5464722
67.17,-4177881
67.18,-5407617
67.19,-7968367
67.2,-8736095
67.21,-7051983
67.22,-6796773
67.23,-6354588
67.24,-6198922
67.25,-6518556
67.26,-6133355
67.27,-6507410
67.28,-6805703
67.29,-8684079
67.3,-10684367
67.31,-10195162
67.32,-9509420
67.33,-8973196
67.34,-4993010
67.35,658741
67.36,3738487
67.37,5324111
67.38,4755388
67.39,465934
67.4,-4879637
67.41,-4742777
67.42,760616
67.43,5126139
67.44,3891676
67.45,-1418569
67.46,-4663930
67.47,-5533444
67.48,-4488070
67.49,-880817
67.5,1669321
67.51,2042049
67.52,2676537
67.53,4170330
67.54,4655359
67.55,4587458
67.56,3745973
67.57,988460
67.58,-1885154
67.59,-5982291
67.6,-9417271
67.61,-10501727
67.62,-9282221
67.63,-5911219
67.64,-1404426
67.65,2343199
67.66,720514
67.67,-716217
67.68,-536394
67.69,1574566
67.7,6095095
67.71,6619692
67.72,9482193
67.73,11524909
67.74,8690583
67.75,8605630
67.76,6929401
67.77,7656025
67.78,11446523
67.79,9429890
67.8,7878706
67.81,7579447
67.82,5408284
67.83,2845251
67.84,-423983
67.85,596200
67.86,3534190
67.87,1163590
67.88,243891
67.89,2244132
67.9,2848128
67.91,2910882
67.92,-1702155
67.93,-6494615
67.94,-5829928
67.95,-6289408
67.96,-7966458
67.97,-7919851
67.98,-6137227
67.99,-4468970
68.0,-6058049
68.01,-8360031
68.02,-10194747
68.03,-10595949
68.04,-9355906
68.05,-8104217
68.06,-2646709
68.07,3701885
68.08,1780404
68.09,-3035053
68.1,-2171048
68.11,3410487
68.12,5703884
68.13,2801941
68.14,2895917
68.15,2902739
68.16,1237487
68.17,2480227
68.18,-1154673
68.19,-5804326
68.2,-3620644
68.21,-4871594
68.22,-7248342
68.23,-6285312
68.24,-3795982
68.25,810137
68.26,3595052
68.27,5256452
68.28,4340102
68.29,4986220
68.3,3659848
68.31,-4529238
68.32,-7758650
68.33,-5656468
68.34,-2940700
68.35,4424832
68.36,9445267
68.37,1208163
68.38,-5359687
68.39,-1839648
68.4,9636
68.41,-2574163
68.42,-1926892
68.43,620158
68.44,-2250214
68.45,-5724607
68.46,-2436908
68.47,3116991
68.48,4358647
68.49,5443125
68.5,5621360
68.51,5450997
68.52,2498195
68.53,-3381527
68.54,-3966946
68.55,-1217802
68.56,-1825828
68.57,-5807249
68.58,-3580885
68.59,1050786
68.6,7946824
68.61,12776360
68.62,7924919
68.63,5627542
68.64,793819
68.65,-3182609
68.66,2484247
68.67,8187621
68.68,11188638
68.69,8034226
68.7,5585177
68.71,7830141
68.72,7394042
68.73,6829840
68.74,6920748
68.75,8609077
68.76,10395520
68.77,8545495
68.78,6295245
68.79,6333692
68.8,6081494
68.81,5901464
68.82,6290494
68.83,5870802
68.84,6136683
68.85,5410971
68.86,2858690
68.87,-2236478
68.88,-6078666
68.89,-5911772
68.9,-6218324
68.91,-6493560
68.92,-6118868
68.93,-6021604
68.94,-3778285
68.95,2180512
68.96,9453057
68.97,11702207
68.98,8319068
68.99,4865392
69.0,-1106375
69.01,-4461078
69.02,86435
69.03,-855851
69.04,-3089979
69.05,4676252
69.06,10995266
69.07,10443050
69.08,9539327
69.09,9286121
69.1,6040267
69.11,2001976
69.12,3441892
69.13,6993586
69.14,6147988
69.15,3680971
69.16,2754617
69.17,5111391
69.18,6970266
69.19,5201353
69.2,6364939
69.21,6150397
69.22,5681793
69.23,6724714
69.24,6683458
69.25,9045303
69.26,7969714
69.27,4745973
69.28,1465066
69.29,-3368651
69.3,-3300645
69.31,4791320
69.32,9331849
69.33,9594030
69.34,11088440
69.35,7945165
69.36,4389039
69.37,-1512385
69.38,-1756829
69.39,6217596
69.4,7914334
69.41,10162555
69.42,10995684
69.43,9199910
69.44,10509104
69.45,9862732
69.46,8935381
69.47,5761216
69.48,-82637
69.49,-553122
69.5,3744841
69.51,5095052
69.52,3736098
69.53,4588321
69.54,7277654
69.55,10769124
69.56,10713161
69.57,9201086
69.58,10466470
69.59,9368256
69.6,8046482
69.61,7081466
69.62,6225424
69.63,7339859
69.64,8867451
69.65,10749194
69.66,9133733
69.67,6794808
69.68,4808043
69.69,-289699
69.7,-4656356
69.71,-5281732
69.72,-3814194
69.73,-3665400
69.74,1719421
69.75,10438014
69.76,11029338
69.77,9437364
69.78,10215145
69.79,10192149
69.8,9930331
69.81,10126081
69.82,9748378
69.83,8523813
69.84,6158370
69.85,2936526
69.86,1077927
69.87,2847123
69.88,8829843
69.89,11601426
69.9,9226568
69.91,8172295
69.92,7212862
69.93,5928926
69.94,6200236
69.95,4233954
69.96,-551916
69.97,-5208208
69.98,-6047604
69.99,-2989802
70.0,838612
70.01,5732779
70.02,6483905
70.03,5868255
70.04,8040596
70.05,8379460
70.06,5110158
70.07,-2509538
70.08,-4742493
70.09,-802215
70.1,2273804
70.11,4990283
70.12,3722111
70.13,48254
70.14,-405156
70.15,2973096
70.16,5922012
70.17,4763017
70.18,1757429
70.19,-790964
70.2,-310308
70.21,3210393
70.22,3928172
70.23,5188013
70.24,6765142
70.25,5421648
70.26,6361586
70.27,6011207
70.28,5867873
70.29,6355995
70.3,5968967
70.31,7818684
70.32,9775702
70.33,10837568
70.34,8954255
70.35,7002446
70.36,5107854
70.37,5265017
70.38,6921465
70.39,4970425
70.4,5320833
70.41,2767922
70.42,-308037
70.43,3949966
70.44,5744147
70.45,5483769
70.46,6159465
70.47,6042892
70.48,5734487
70.49,4170100
70.5,-155419
70.51,-5005609
70.52,-6388733
70.53,-7826926
70.54,-10255419
70.55,-9660593
70.56,-7157250
70.57,-5108251
70.58,-132609
70.59,6601761
70.6,9695566
70.61,10428203
70.62,9755403
70.63,8290777
70.64,6762226
70.65,3271886
70.66,-978336
70.67,-5409044
70.68,-9558732
70.69,-10223399
70.7,-7531709
70.71,-6095029
70.72,-6677828
70.73,-5136731
70.74,-2776191
70.75,684230
70.76,3044745
70.77,2058196
70.78,1862023
70.79,3510338
70.8,3000391
70.81,-3843818
70.82,-6413347
70.83,-3996532
70.84,-4059169
70.85,-1942174
70.86,2166890
70.87,7990345
70.88,10084331
70.89,8966454
70.9,8670576
70.91,8135924
70.92,9114295
70.93,5999356
70.94,6210410
70.95,9824784
70.96,10156931
70.97,10582406
70.98,9434964
70.99,10250913
71.0,9256453
71.01,7409863
71.02,6786767
71.03,5841916
71.04,6545768
71.05,5847471
71.06,6259952
71.07,6374886
71.08,7253525
71.09,9831808
71.1,10524705
71.11,10022354
71.12,9835885
71.13,10332540
71.14,9728547
71.15,9557491
71.16,8531359
71.17,7125283
71.18,6337927
71.19,5462737
71.2,5972871
71.21,5785023
71.22,5680064
71.23,5826445
71.24,4861286
71.25,2569022
71.26,-31818
71.27,1230838
71.28,1798115
71.29,-3092484
71.3,-4840905
71.31,-3789648
71.32,-5909018
71.33,-6020894
71.34,-4649479
71.35,-2101552
71.36,2307258
71.37,1233107
71.38,-3121118
71.39,-5422666
71.4,-6900184
71.41,-6124567
71.42,-2345079
71.43,2805770
71.44,7647386
71.45,8448164
71.46,6842222
71.47,3483487
71.48,929695
71.49,3510386
71.5,4607884
71.51,4500112
71.52,3072854
71.53,-285933
71.54,-2570804
71.55,-5651129
71.56,-6055402
71.57,-4627804
71.58,-5111251
71.59,-5717386
71.6,-5727124
71.61,-6562906
71.62,-6357504
71.63,-6286993
71.64,-7271199
71.65,-6688968
71.66,-8930930
71.67,-11261436
71.68,-9761841
71.69,-9666472
71.7,-9917385
71.71,-7867778
71.72,-6710655
71.73,-5208051
71.74,-2507779
71.75,-3673919
71.76,-8100152
71.77,-9218380
71.78,-8525004
71.79,-9879159
71.8,-9490139
71.81,-9640227
71.82,-7700735
71.83,-2537106
71.84,-1983186
71.85,-4578100
71.86,-6809177
71.87,-7646232
71.88,-7586362
71.89,-8191293
71.9,-10562114
71.91,-7855371
71.92,-1966888
71.93,829889
71.94,3278405
71.95,3944581
71.96,5455849
71.97,5454867
71.98,3905698
71.99,995368
72.0,-3197593
72.01,-2770974
72.02,13700
72.03,4807145
72.04,5883141
72.05,3818765
72.06,2550547
72.07,-3146668
72.08,-6555847
72.09,-5289202
72.1,-5682340
72.11,-4680604
72.12,-4784929
72.13,-6805115
72.14,-5043810
72.15,-2585472
72.16,-1038014
72.17,-1066711
72.18,365995
72.19,4138267
72.2,4145608
72.21,3482667
72.22,4898182
72.23,5733044
72.24,5714943
72.25,5659186
72.26,5665547
72.27,4296939
72.28,1322843
72.29,-3050953
72.3,-5879531
72.31,-5477404
72.32,-4939504
72.33,-5688073
72.34,-4589847
72.35,190285
72.36,2650091
72.37,701756
72.38,-3514830
72.39,-6553272
72.4,-7150716
72.41,-6976771
72.42,-5657011
72.43,-5478522
72.44,-2369702
72.45,2809590
72.46,2555477
72.47,-929805
72.48,-4442782
72.49,-5641863
72.5,-5935590
72.51,-5898817
72.52,-4874821
72.53,-2410809
72.54,3083220
72.55,5467768
72.56,4940347
72.57,4142726
72.58,362740
72.59,-3135318
72.6,-1493504
72.61,1918598
72.62,3143565
72.63,3478906
72.64,1141434
72.65,-1302391
72.66,833540
72.67,2572779
72.68,-1298861
72.69,-3723661
72.7,-1887797
72.71,-2637028
72.72,-4691217
72.73,-6666857
72.74,-7456467
72.75,-7129236
72.76,-7562361
72.77,-7905577
72.78,-9148609
72.79,-7366599
72.8,-7483064
72.81,-10115052
72.82,-8652188
72.83,-7155359
72.84,-3001248
72.85,1090246
72.86,3312428
72.87,4492998
72.88,3237537
72.89,5271198
72.9,6701040
72.91,5628003
72.92,6115415
72.93,6164776
72.94,5757324
72.95,5199488
72.96,2109628
72.97,-1659754
72.98,-3910844
72.99,-5187126
73.0,-5842644
73.01,-5853096
73.02,-5812425
73.03,-5894284
73.04,-5507537
73.05,-5585076
73.06,-5813628
73.07,-5672071
73.08,-3680442
73.09,311325
73.1,2399481
73.11,446570
73.12,-1161710
73.13,-886456
73.14,18863
73.15,223024
73.16,-3838296
73.17,-3860463
73.18,-856048
73.19,403845
73.2,3077572
73.21,1542624
73.22,420676
73.23,1309557
73.24,487176
73.25,1231938
73.26,2744735
73.27,3676310
73.28,4511247
73.29,5717018
73.3,6070898
73.31,5916264
73.32,6327437
73.33,8168400
73.34,10134759
73.35,10256968
73.36,9376879
73.37,7735040
73.38,4911287
73.39,489947
73.4,-4040142
73.41,-6127484
73.42,-5860471
73.43,-6252040
73.44,-6353792
73.45,-5976310
73.46,-6269214
73.47,-5435308
73.48,-4459782
73.49,-2147709
73.5,-323623
73.51,-1875121
73.52,-3033465
73.53,-2645715
73.54,-3726264
73.55,-6659484
73.56,-9747977
73.57,-10519105
73.58,-9693954
73.59,-9997890
73.6,-8813737
73.61,-7729795
73.62,-8747279
73.63,-10360821
73.64,-10332464
73.65,-9415993
73.66,-9965441
73.67,-8456875
73.68,-6708271
73.69,-6375484
73.7,-6062883
73.71,-4704133
73.72,-980407
73.73,2509814
73.74,2698421
73.75,-527733
73.76,-3287352
73.77,-2719976
73.78,-536178
73.79,-929920
73.8,637247
73.81,5071311
73.82,5532220
73.83,5479549
73.84,5663433
73.85,5800303
73.86,5959311
73.87,5555078
73.88,6222284
73.89,6058546
73.9,6032665
73.91,5631206
73.92,5692883
73.93,6006651
73.94,5570501
73.95,5939678
73.96,5690222
73.97,5790169
73.98,5828369
73.99,5708866
74.0,5863187
74.01,5711411
74.02,5824833
74.03,5583658
74.04,4450493
74.05,1334147
74.06,-1565429
74.07,-563560
74.08,809380
74.09,-3214966
74.1,-8495841
74.11,-6237822
74.12,-406237
74.13,1333787
74.14,3883090
74.15,7831162
74.16,8024871
74.17,8327497
74.18,8724303
74.19,5832773
74.2,4231051
74.21,5216238
74.22,4492607
74.23,4914291
74.24,6804084
74.25,5834721
74.26,5659159
74.27,5212885
74.28,4174298
74.29,5919170
74.3,8155666
74.31,10028270
74.32,9882454
74.33,9557669
74.34,10342664
74.35,10008921
74.36,9881400
74.37,10105403
74.38,9445057
74.39,7332498
74.4,3928872
74.41,3322214
74.42,3833050
74.43,-588345
74.44,-2054696
74.45,800680
74.46,1598505
74.47,3197560
74.48,4101029
74.49,3827581
74.5,3853542
74.51,3184745
74.52,2740071
74.53,2700697
74.54,3276322
74.55,4395462
74.56,4543355
74.57,2983864
74.58,2769431
74.59,4331895
74.6,4289909
74.61,3736135
74.62,4398169
74.63,3941163
74.64,3186360
74.65,3845767
74.66,3145262
74.67,2106900
74.68,2426557
74.69,1663615
74.7,1714982
74.71,2830965
74.72,1978907
74.73,2150201
74.74,1673935
74.75,-1739538
74.76,-4223544
74.77,-3963563
74.78,-2383279
74.79,-2102493
74.8,-1687734
74.81,-1969001
74.82,-2540592
74.83,-1081604
74.84,12427
74.85,1416342
74.86,1423329
74.87,-769019
74.88,-489450
74.89,1556649
74.9,3614802
74.91,5929197
74.92,5988353
74.93,5409590
74.94,6439434
74.95,6114381
74.96,5947642
74.97,6297049
74.98,5979419
74.99,6204041
75.0,6115077
75.01,5921481
75.02,4756598
75.03,2199550
75.04,-588281
75.05,-2784706
75.06,-1053206
75.07,4810474
75.08,7499035
75.09,6785054
75.1,6940468
75.11,6083793
75.12,3856968
75.13,1828155
75.14,1918555
75.15,489459
75.16,-3337269
75.17,-4303660
75.18,-2849960
75.19,-1533592
75.2,-2606379
75.21,-2424360
75.22,-683605
75.23,15282
75.24,642196
75.25,-882314
75.26,-1397308
75.27,-1357462
75.28,-2863074
75.29,-2501787
75.3,-2856111
75.31,-3334789
75.32,2029550
75.33,8825794
75.34,10467100
75.35,9850700
75.36,7988671
75.37,4103698
75.38,-267855
75.39,-2423587
75.4,-2825313
75.41,-3255305
75.42,-2160484
75.43,-1637269
75.44,-592374
75.45,1207411
75.46,2194743
75.47,3191164
75.48,3103101
75.49,2345264
75.5,814440
75.51,596449
75.52,1216794
75.53,257576
75.54,-342785
75.55,364064
75.56,1277962
75.57,691854
75.58,-1248108
75.59,-1588080
75.6,-737323
75.61,-535245
75.62,1493154
75.63,4916785
75.64,5663462
75.65,4144818
75.66,5066727
75.67,8245689
75.68,10328597
75.69,8827972
75.7,4559823
75.71,1518550
75.72,2288172
75.73,3940252
75.74,1837783
75.75,-616736
75.76,-3207678
75.77,-5240572
75.78,-5536064
75.79,-5613805
75.8,-5328660
75.81,-5880177
75.82,-5550309
75.83,-7106884
75.84,-9755244
75.85,-9157491
75.86,-7136742
75.87,-5067249
75.88,-1964317
75.89,99663
75.9,-253065
75.91,823553
75.92,-279263
75.93,-1981758
75.94,-1841473
75.95,-1073240
75.96,3335484
75.97,6215254
75.98,7337550
75.99,5696691
76.0,3945820
76.01,4163539
76.02,-747177
76.03,-4805218
76.04,-5507433
76.05,-6264291
76.06,-6396886
76.07,-6223622
76.08,-6276449
76.09,-5855595
76.1,-3793153
76.11,113942
76.12,3544316
76.13,4484848
76.14,5377809
76.15,6151163
76.16,6795326
76.17,8886921
76.18,10536669
76.19,10167036
76.2,9634209
76.21,9797824
76.22,8557813
76.23,7904336
76.24,8414242
76.25,7806043
76.26,7665021
76.27,6093408
76.28,4121624
76.29,6334871
76.3,7924141
76.31,8255638
76.32,10078036
76.33,9907271
76.34,9283088
76.35,7719657
76.36,4011934
76.37,-787326
76.38,-4985093
76.39,-5569492
76.4,-6018104
76.41,-6818636
76.42,-6736249
76.43,-4333479
76.44,-1831011
76.45,-730736
76.46,3036172
76.47,3572610
76.48,1400659
76.49,2182318
76.5,4053347
76.51,3279394
76.52,-219732
76.53,-2730011
76.54,-5119656
76.55,-6291035
76.56,-7025002
76.57,-6922930
76.58,-6536954
76.59,-9421421
76.6,-9962294
76.61,-8288348
76.62,-8353598
76.63,-8436345
76.64,-9829735
76.65,-10462600
76.66,-8052073
76.67,-6439057
76.68,-3615640
76.69,-851386
76.7,-1830053
76.71,-4188313
76.72,-3563448
76.73,929400
76.74,5367472
76.75,7112801
76.76,3997734
76.77,3281564
76.78,4567840
76.79,2006932
76.8,4632049
76.81,6167395
76.82,1758958
76.83,819820
76.84,-352730
76.85,1529998
76.86,4423974
76.87,5126195
76.88,6444644
76.89,3633018
76.9,3174324
76.91,4835708
76.92,8163392
76.93,8593538
76.94,6041591
76.95,10124871
76.96,11142934
76.97,9315182
76.98,10303675
76.99,10153261
77.0,9900739
77.01,10248452
77.02,9980852
77.03,10106042
77.04,10101867
77.05,10017580
77.06,10165360
77.07,9997856
77.08,10127274
77.09,10055379
77.1,10088290
77.11,10081370
77.12,10040851
77.13,10097622
77.14,10002316
77.15,10021810
77.16,9953913
77.17,9979742
77.18,9981668
77.19,9865027
77.2,9407459
77.21,9028578
77.22,9637425
77.23,9624329
77.24,7761313
77.25,7155002
77.26,8948023
77.27,10259591
77.28,10169199
77.29,9850663
77.3,10121317
77.31,10086283
77.32,10007568
77.33,10133768
77.34,9947790
77.35,10070367
77.36,10002123
77.37,10004572
77.38,10067975
77.39,10001641
77.4,10078368
77.41,9908418
77.42,9226260
77.43,7226313
77.44,5050153
77.45,4748355
77.46,5607376
77.47,7521813
77.48,10076094
77.49,9290782
77.5,7059033
77.51,8262156
77.52,10248994
77.53,10095634
77.54,9447982
77.55,9084588
77.56,8145187
77.57,7092100
77.58,6869369
77.59,8652499
77.6,9952893
77.61,9838022
77.62,10328456
77.63,9822238
77.64,9969521
77.65,10015131
77.66,9434939
77.67,10083650
77.68,10050385
77.69,10072315
77.7,9975034
77.71,9970512
77.72,9697868
77.73,8828656
77.74,8589972
77.75,9033561
77.76,9236938
77.77,8939686
77.78,10299329
77.79,10252846
77.8,9577758
77.81,10299438
77.82,9884975
77.83,10026069
77.84,10097483
77.85,9875593
77.86,9901563
77.87,8980104
77.88,8117103
77.89,7823359
77.9,8170211
77.91,8732989
77.92,9189799
77.93,8125338
77.94,5509398
77.95,3238086
77.96,2226986
77.97,3905073
77.98,3593285
77.99,379956
78.0,-2216035
78.01,-4357000
78.02,-4247495
78.03,-5380265
78.04,-5218894
78.05,-3700017
78.06,-5300179
78.07,-5088313
78.08,-4765859
78.09,-3900434
78.1,-2947880
78.11,-2401451
78.12,-2163661
78.13,-2510205
78.14,-1367264
78.15,-3310777
78.16,-5228632
78.17,-5457881
78.18,-5767416
78.19,-5982122
78.2,-5958539
78.21,-5716807
78.22,-6091948
78.23,-5660705
78.24,-5395907
78.25,-4021819
78.26,-2345629
78.27,-1964472
78.28,-2029395
78.29,-1939438
78.3,-2384354
78.31,-4289258
78.32,-5830961
78.33,-6310508
78.34,-5578520
78.35,-5873693
78.36,-6157178
78.37,-5962922
78.38,-6626592
78.39,-5264219
78.4,-4765937
78.41,-6479704
78.42,-5557769
78.43,-2842729
78.44,-2994365
78.45,73312
78.46,7146784
78.47,8594074
78.48,6644348
78.49,6800425
78.5,7069111
78.51,5795450
78.52,7230115
78.53,7777156
78.54,7606378
78.55,10300044
78.56,10309915
78.57,9892018
78.58,10087295
78.59,10047193
78.6,10104020
78.61,10021937
78.62,10161240
78.63,9951363
78.64,10110698
78.65,9982666
78.66,10072750
78.67,10067884
78.68,10032562
78.69,10089933
78.7,9957687
78.71,10037230
78.72,9803611
78.73,8629743
78.74,4516947
78.75,-1421962
78.76,-4424273
78.77,-4815264
78.78,-6115959
78.79,-6406991
78.8,-4631366
78.81,-572960
78.82,5729133
78.83,7092438
78.84,5006886
78.85,6178434
78.86,6134098
78.87,4613826
78.88,3015962
78.89,-335321
78.9,-2978524
78.91,-5070426
78.92,-5365565
78.93,-5635878
78.94,-6027115
78.95,-4731056
78.96,-4419370
78.97,-979922
78.98,2780533
78.99,2706767
79.0,2139814
79.01,1410323
79.02,-847740
79.03,-3474368
79.04,-4625872
79.05,-5561604
79.06,-5241426
79.07,-4216901
79.08,-860805
79.09,2125395
79.1,1638849
79.11,748955
79.12,-1141052
79.13,380674
79.14,814940
79.15,-1640884
79.16,-1340963
79.17,-614313
79.18,1746822
79.19,3003016
79.2,3084133
79.21,2252560
79.22,1618925
79.23,3743249
79.24,3612304
79.25,2999489
79.26,1925978
79.27,-764389
79.28,-2855947
79.29,-4886783
79.3,-6346376
79.31,-6709042
79.32,-8018454
79.33,-10435894
79.34,-10497155
79.35,-9546346
79.36,-10197521
79.37,-10102387
79.38,-9751397
79.39,-9632642
79.4,-7873203
79.41,-6735861
79.42,-6231069
79.43,-6014601
79.44,-6549417
79.45,-7131721
79.46,-7129170
79.47,-6381923
79.48,-4388267
79.49,926294
79.5,4464407
79.51,3942210
79.52,3681301
79.53,2372802
79.54,1783834
79.55,3169439
79.56,3032772
79.57,1615758
79.58,1240778
79.59,4236211
79.6,4661310
79.61,3858835
79.62,6540876
79.63,5769814
79.64,4753201
79.65,6022668
79.66,6127044
79.67,6647679
79.68,8127398
79.69,7772876
79.7,5898514
79.71,5721690
79.72,5380144
79.73,4400493
79.74,5818353
79.75,8923590
79.76,10071741
79.77,10103237
79.78,9726272
79.79,8625727
79.8,8046611
79.81,6449124
79.82,5638051
79.83,5876583
79.84,5775967
79.85,5809082
79.86,5633234
79.87,4843748
79.88,1878958
79.89,-1628365
79.9,-1376633
79.91,2479502
79.92,2139159
79.93,-1251886
79.94,810640
79.95,3939308
79.96,3635009
79.97,2788696
79.98,2917110
79.99,3553339
80.0,3148151
80.01,1940297
80.02,1383645
80.03,2848860
80.04,2550097
80.05,1176722
80.06,2250136
80.07,3692304
80.08,5348325
80.09,2680389
80.1,912821
80.11,3746631
80.12,4748122
80.13,6145555
80.14,6291182
80.15,5326534
80.16,6524570
80.17,6123968
80.18,6107331
80.19,7418934
80.2,7799053
80.21,7768574
80.22,6286399
80.23,6019689
80.24,5951842
80.25,5568555
80.26,5612407
80.27,3659499
80.28,456629
80.29,-871731
80.3,2287407
80.31,4633049
80.32,5427964
80.33,7188140
80.34,6626985
80.35,6103299
80.36,4822728
80.37,1447472
80.38,929718
80.39,2641824
80.4,4813303
80.41,5928284
80.42,5247429
80.43,3176163
80.44,-1671274
80.45,-4976944
80.46,-5530913
80.47,-6222349
80.48,-6101762
80.49,-5591888
80.5,-5064332
80.51,-3913895
80.52,908262
80.53,7055932
80.54,8423040
80.55,9502886
80.56,10705406
80.57,9369181
80.58,10021124
80.59,9884363
80.6,8820276
80.61,8853765
80.62,7386425
80.63,7734461
80.64,9965067
80.65,10518165
80.66,8438943
80.67,6607073
80.68,4297674
80.69,2384004
80.7,2696980
80.71,2044253
80.72,2826702
80.73,4572768
80.74,7258996
80.75,9548521
80.76,7674568
80.77,5115746
80.78,5215297
80.79,5735533
80.8,4352075
80.81,2710306
80.82,2098007
80.83,3517758
80.84,5920233
80.85,8053892
80.86,8126825
80.87,8092977
80.88,10400410
80.89,10378758
80.9,9673647
80.91,10282185
80.92,9992872
80.93,9937696
80.94,10057246
80.95,9562947
80.96,8749114
80.97,7948079
80.98,8799941
80.99,10019260
81.0,10044151
81.01,10105808
81.02,9907555
81.03,9817538
81.04,8838639
81.05,6733245
81.06,4863258
81.07,2733081
81.08,265844
81.09,75227
81.1,3655999
81.11,6220742
81.12,5747111
81.13,3996725
81.14,2751493
81.15,3093367
81.16,2811942
81.17,2978426
81.18,4079385
81.19,4608352
81.2,3699463
81.21,2869495
81.22,4553501
81.23,3965018
81.24,146268
81.25,-3671287
81.26,-5985797
81.27,-6061597
81.28,-4938937
81.29,-4408385
81.3,-5377411
81.31,-5728959
81.32,-6283027
81.33,-6587571
81.34,-6149412
81.35,-7116375
81.36,-8347912
81.37,-9653682
81.38,-9717731
81.39,-7567915
81.4,-6109492
81.41,-5906709
81.42,-4879222
81.43,-3487655
81.44,-4034574
81.45,-3919692
81.46,-2335304
81.47,-438842
81.48,10770
81.49,-1268688
81.5,1169900
81.51,3264303
81.52,3668142
81.53,5352494
81.54,4887392
81.55,4796556
81.56,6060388
81.57,5193272
81.58,3884749
81.59,4327705
81.6,6323539
81.61,7047493
81.62,5462832
81.63,4883770
81.64,5197623
81.65,5055598
81.66,3555501
81.67,1476438
81.68,543431
81.69,404298
81.7,-1215443
81.71,-3760224
81.72,-2562506
81.73,-1668857
81.74,-3737895
81.75,-4987865
81.76,-8270129
81.77,-10585655
81.78,-8130233
81.79,-4598304
81.8,-1083957
81.81,1255494
81.82,29822
81.83,-2594120
81.84,-2039232
81.85,-1245757
81.86,-1841157
81.87,-1905964
81.88,-1084712
81.89,789268
81.9,2589307
81.91,4547943
81.92,5057904
81.93,3872668
81.94,2330930
81.95,505141
81.96,-310824
81.97,-128350
81.98,593489
81.99,3878781
82.0,7003139
82.01,6859761
82.02,7628160
82.03,7664792
82.04,4248735
82.05,1937068
82.06,3294150
82.07,6046264
82.08,7051907
82.09,7448057
82.1,9018888
82.11,8730281
82.12,7490768
82.13,8156085
82.14,8614156
82.15,9199115
82.16,9950915
82.17,10007337
82.18,10007144
82.19,10059765
82.2,10061992
82.21,10025246
82.22,10097762
82.23,9987852
82.24,10081685
82.25,10050692
82.26,10043916
82.27,10061212
82.28,9999827
82.29,10081914
82.3,9993663
82.31,10039449
82.32,10039292
82.33,10052949
82.34,10053716
82.35,10022655
82.36,10024356
82.37,9996429
82.38,10024873
82.39,10049556
82.4,10080172
82.41,10061295
82.42,10067890
82.43,10059454
82.44,10025303
82.45,10021676
82.46,10028750
82.47,10052300
82.48,10046717
82.49,10036189
82.5,10040620
82.51,10024606
82.52,10020229
82.53,10035716
82.54,10038391
82.55,10035104
82.56,10047719
82.57,10060780
82.58,10041789
82.59,10009015
82.6,10013447
82.61,10046923
82.62,10052114
82.63,10026923
82.64,9927997
82.65,9709492
82.66,9500856
82.67,9204866
82.68,8255155
82.69,7396994
82.7,8380844
82.71,9839749
82.72,8504873
82.73,4557292
82.74,1413398
82.75,1870365
82.76,3411612
82.77,2955440
82.78,3706335
82.79,3812812
82.8,1350238
82.81,1518823
82.82,2191583
82.83,1107820
82.84,1001531
82.85,1330394
82.86,983561
82.87,540563
82.88,1269552
82.89,1564524
82.9,516424
82.91,943876
82.92,1749859
82.93,1978129
82.94,1783554
82.95,616895
82.96,94699
82.97,-508894
82.98,-1374615
82.99,-449139
83.0,2823161
83.01,3279366
83.02,-263297
83.03,-880750
83.04,-717279
83.05,-1922877
83.06,-2377000
83.07,-3374781
83.08,-2975127
83.09,-2812247
83.1,-3549795
83.11,-3123631
83.12,-2718783
83.13,-2060389
83.14,-1858749
83.15,-1403407
83.16,-1015706
83.17,-1892868
83.18,-2251016
83.19,-2095185
83.2,-1825708
83.21,-1775781
83.22,-1723620
83.23,-1264624
83.24,-2024229
83.25,-2013935
83.26,-650545
83.27,-879710
83.28,-1690202
83.29,-1860903
83.3,-1951354
83.31,-2321606
83.32,-2467113
83.33,-2149212
83.34,-2241682
83.35,-2579651
83.36,-1908860
83.37,-1283500
83.38,-1275204
83.39,7528
83.4,-605575
83.41,-3623426
83.42,-2961128
83.43,-2474255
83.44,-4253315
83.45,-3152172
83.46,-2619588
83.47,-3270286
83.48,-3369230
83.49,-3447827
83.5,-2996853
83.51,-3304877
83.52,-3920034
83.53,-5070732
83.54,-6077504
83.55,-5949015
83.56,-5788079
83.57,-5997814
83.58,-5914347
83.59,-5850279
83.6,-5887583
83.61,-5148958
83.62,-3603422
83.63,-1384850
83.64,-868359
83.65,-1102225
83.66,108420
83.67,1005547
83.68,1257247
83.69,2011034
83.7,2880995
83.71,2388820
83.72,1397898
83.73,1760940
83.74,1774800
83.75,1587362
83.76,2283770
83.77,2489556
83.78,3413402
83.79,3285400
83.8,3220150
83.81,4704013
83.82,5124000
83.83,5746511
83.84,5996132
83.85,6150464
83.86,5916362
83.87,5716989
83.88,6892229
83.89,6406727
83.9,5909136
83.91,6328393
83.92,5932891
83.93,6153807
83.94,6160835
83.95,6162138
83.96,6614591
83.97,6909600
83.98,6043247
83.99,4087729
84.0,4251592
84.01,4268053
84.02,3350187
84.03,3590195
84.04,3065829
84.05,2593829
84.06,2418660
84.07,2035994
84.08,1822524
84.09,1094114
84.1,705409
84.11,1429965
84.12,4303714
84.13,6447222
84.14,5501881
84.15,4522432
84.16,3900343
84.17,4075240
84.18,5628094
84.19,6149093
84.2,5677904
84.21,5910904
84.22,6779997
84.23,7642063
84.24,8642824
84.25,10127261
84.26,10338426
84.27,9797067
84.28,10140136
84.29,10090223
84.3,10003173
84.31,10127986
84.32,9976949
84.33,10065938
84.34,10019161
84.35,9962852
84.36,9897643
84.37,9637435
84.38,9474473
84.39,9203986
84.4,8944722
84.41,8887487
84.42,9659952
84.43,9672433
84.44,7728606
84.45,7136427
84.46,7797249
84.47,6700545
84.48,4409144
84.49,2574158
84.5,2033378
84.51,2889115
84.52,3418673
84.53,2393547
84.54,1098140
84.55,850774
84.56,2625063
84.57,4865014
84.58,4345168
84.59,3378817
84.6,4340390
84.61,4302709
84.62,3852818
84.63,3207131
84.64,2384676
84.65,3932554
84.66,4256120
84.67,3860750
84.68,5161482
84.69,4814991
84.7,3409478
84.71,3341675
84.72,1877540
84.73,445284
84.74,2884809
84.75,4428778
84.76,4263636
84.77,4161425
84.78,2886497
84.79,2078783
84.8,2164606
84.81,979752
84.82,-452213
84.83,-774616
84.84,-2063799
84.85,-1928104
84.86,-1897949
84.87,-5345503
84.88,-7997991
84.89,-9806970
84.9,-10267392
84.91,-9357286
84.92,-9190637
84.93,-9540930
84.94,-10280234
84.95,-9874999
84.96,-9879807
84.97,-9498179
84.98,-8525843
84.99,-8955619
85.0,-9409079
85.01,-9804743
85.02,-9725159
85.03,-8633010
85.04,-6114544
85.05,-3461429
85.06,-2626620
85.07,-2404272
85.08,-3319844
85.09,-4031884
85.1,-3415770
85.11,-6254039
85.12,-9029404
85.13,-9356696
85.14,-10508348
85.15,-9648126
85.16,-8446793
85.17,-6944416
85.18,-5835669
85.19,-6756985
85.2,-5856895
85.21,-6169179
85.22,-8003618
85.23,-8720018
85.24,-9653867
85.25,-10219891
85.26,-10075511
85.27,-9948256
85.28,-10019988
85.29,-9515564
85.3,-8730086
85.31,-9023911
85.32,-9672166
85.33,-8807140
85.34,-7952452
85.35,-7180917
85.36,-6079701
85.37,-7202773
85.38,-6716413
85.39,-3691793
85.4,-1464436
85.41,271475
85.42,2704993
85.43,6486787
85.44,8615560
85.45,9763635
85.46,10526594
85.47,9781914
85.48,9995855
85.49,10183310
85.5,9855575
85.51,10174261
85.52,10016396
85.53,10076326
85.54,10144508
85.55,9987861
85.56,10140815
85.57,9984134
85.58,10070928
85.59,9996931
85.6,10010309
85.61,10091039
85.62,10041585
85.63,10103196
85.64,10025331
85.65,10067448
85.66,10023936
85.67,10005468
85.68,9997631
85.69,9982371
85.7,9997819
85.71,9995696
85.72,9977394
85.73,9596449
85.74,7662304
85.75,3269209
85.76,-903785
85.77,-2147342
85.78,-2795570
85.79,-3798458
85.8,-3182337
85.81,-2082796
85.82,-930631
85.83,1583316
85.84,3611152
85.85,3409155
85.86,1889188
85.87,62326
85.88,-1423435
85.89,-3177408
85.9,-4862145
85.91,-5379573
85.92,-6319805
85.93,-7201031
85.94,-7009662
85.95,-7508547
85.96,-8350740
85.97,-8074188
85.98,-7003412
85.99,-7055479
86.0,-7783201
86.01,-6783881
86.02,-5238429
86.03,-4902228
86.04,-5648609
86.05,-7034605
86.06,-7660759
86.07,-6576342
86.08,-4309305
86.09,-2171115
86.1,-1403338
86.11,-66597
86.12,2417886
86.13,3712693
86.14,4873652
86.15,5506538
86.16,4939473
86.17,5615313
86.18,6133678
86.19,5764497
86.2,7094163
86.21,9401988
86.22,10110816
86.23,7515812
86.24,3798117
86.25,2210656
86.26,2075062
86.27,3051190
86.28,5669361
86.29,8046644
86.3,8426472
86.31,9957757
86.32,10466787
86.33,9277080
86.34,10249971
86.35,9489219
86.36,9176231
86.37,9508819
86.38,8556882
86.39,7938400
86.4,6284059
86.41,4757915
86.42,3747702
86.43,3433058
86.44,3686815
86.45,5084750
86.46,6690118
86.47,7571587
86.48,8220122
86.49,8139352
86.5,9230370
86.51,10101187
86.52,9302949
86.53,8913057
86.54,9098389
86.55,9558123
86.56,9891274
86.57,9917081
86.58,10016735
86.59,9977801
86.6,9988344
86.61,9787737
86.62,9076084
86.63,7525761
86.64,4813012
86.65,1667199
86.66,-299147
86.67,173495
86.68,1164757
86.69,-123366
86.7,-828220
86.71,-46323
86.72,-1181870
86.73,-1560324
86.74,-2834842
86.75,-4876234
86.76,-4775419
86.77,-6139734
86.78,-6712254
86.79,-5986550
86.8,-4907562
86.81,-3626448
86.82,-3939198
86.83,-3726465
86.84,-1706922
86.85,343866
86.86,1116747
86.87,2442123
86.88,4058529
86.89,4632393
86.9,6204983
86.91,7820461
86.92,8530708
86.93,9160422
86.94,8242525
86.95,6932064
86.96,5322592
86.97,4000647
86.98,3208457
86.99,1013180
87.0,-197739
87.01,-705842
87.02,-430300
87.03,1089821
87.04,1767834
87.05,2335824
87.06,2228021
87.07,2488579
87.08,3996910
87.09,4056228
87.1,3227473
87.11,2457174
87.12,1956297
87.13,1601319
87.14,1311724
87.15,1855847
87.16,2911922
87.17,5321197
87.18,7014604
87.19,7361042
87.2,7065525
87.21,5795823
87.22,5110530
87.23,3297875
87.24,1728870
87.25,1342867
87.26,1192422
87.27,2186247
87.28,2264296
87.29,441438
87.3,-1282078
87.31,-1156557
87.32,-1280691
87.33,-2017071
87.34,-2151885
87.35,-3327034
87.36,-4729336
87.37,-6806412
87.38,-8416116
87.39,-8558810
87.4,-10212598
87.41,-10347960
87.42,-9774091
87.43,-10247924
87.44,-9964137
87.45,-10164013
87.46,-9987181
87.47,-9993773
87.48,-10104137
87.49,-9970645
87.5,-10086363
87.51,-9971633
87.52,-9639657
87.53,-8352785
87.54,-6453555
87.55,-5716130
87.56,-5935302
87.57,-5653672
87.58,-6172952
87.59,-7387128
87.6,-8104334
87.61,-8101598
87.62,-7604186
87.63,-8509174
87.64,-9265592
87.65,-9654141
87.66,-10358492
87.67,-9923229
87.68,-9996454
87.69,-10105120
87.7,-9949834
87.71,-10008726
87.72,-9471161
87.73,-8526556
87.74,-7387386
87.75,-7199052
87.76,-8104912
87.77,-9088383
87.78,-9651478
87.79,-9954766
87.8,-10130748
87.81,-10031481
87.82,-9990268
87.83,-10077173
87.84,-9995771
87.85,-10024451
87.86,-10037954
87.87,-9993610
87.88,-10048464
87.89,-10002917
87.9,-10027450
87.91,-9992836
87.92,-9962553
87.93,-9852671
87.94,-9387470
87.95,-8783200
87.96,-8281641
87.97,-8113797
87.98,-8000561
87.99,-6821386
88.0,-5486937
88.01,-6164807
88.02,-6949582
88.03,-6898020
88.04,-7438874
88.05,-6928413
88.06,-6657623
88.07,-7179860
88.08,-6196985
88.09,-6322098
88.1,-6713763
88.11,-6542570
88.12,-6753263
88.13,-6140544
88.14,-6039011
88.15,-5971777
88.16,-6968428
88.17,-7988177
88.18,-6958324
88.19,-5998100
88.2,-6630357
88.21,-7756031
88.22,-6863201
88.23,-6348147
88.24,-5794945
88.25,-3896812
88.26,-4011090
88.27,-4412190
88.28,-3405612
88.29,-3223017
88.3,-4429901
88.31,-6010194
88.32,-6583702
88.33,-6737695
88.34,-6458395
88.35,-5255881
88.36,-5020312
88.37,-4442846
88.38,-3505210
88.39,-3379499
88.4,-2377476
88.41,-1401137
88.42,-681523
88.43,1121738
88.44,3023863
88.45,4233869
88.46,4373523
88.47,3230264
88.48,3116005
88.49,4277005
88.5,5543267
88.51,6806519
88.52,7381021
88.53,7489932
88.54,7101248
88.55,7021056
88.56,7453533
88.57,7874279
88.58,8647156
88.59,9026532
88.6,9421190
88.61,9777494
88.62,8750273
88.63,7018196
88.64,6271078
88.65,6557063
88.66,6264336
88.67,6953613
88.68,9058674
88.69,9684395
88.7,10034436
88.71,10172921
88.72,9840198
88.73,10119906
88.74,9945641
88.75,9995659
88.76,10034335
88.77,9943896
88.78,10040595
88.79,9911699
88.8,9886509
88.81,9773109
88.82,9941235
88.83,10080067
88.84,9974355
88.85,10047131
88.86,10052211
88.87,10019977
88.88,10052672
88.89,10022420
88.9,10041760
88.91,10058556
88.92,10041752
88.93,10061897
88.94,10048382
88.95,10065152
88.96,10052263
88.97,10056929
88.98,10052182
88.99,10020458
89.0,10007390
89.01,9945098
89.02,9692795
89.03,9146415
89.04,9066456
89.05,9894446
89.06,10243802
89.07,9879046
89.08,10015632
89.09,10058858
89.1,9931401
89.11,10041508
89.12,9955028
89.13,9947665
89.14,9665442
89.15,8934153
89.16,8345917
89.17,8271179
89.18,8375788
89.19,8240876
89.2,7869774
89.21,7089388
89.22,6515161
89.23,6084018
89.24,5919335
89.25,6138754
89.26,6006568
89.27,6062215
89.28,6065601
89.29,5995936
89.3,6082808
89.31,6011821
89.32,6066782
89.33,6044079
89.34,6053194
89.35,6094149
89.36,6257769
89.37,7063838
89.38,8091769
89.39,8216260
89.4,7940707
89.41,8068587
89.42,7414040
89.43,6529844
89.44,6190773
89.45,6487904
89.46,7086480
89.47,6526949
89.48,5986131
89.49,6012663
89.5,6049327
89.51,6082428
89.52,6020406
89.53,6068250
89.54,6011233
89.55,6081958
89.56,6258348
89.57,7111542
89.58,8841941
89.59,10067114
89.6,9825841
89.61,9362388
89.62,9481664
89.63,9138861
89.64,9184503
89.65,9621701
89.66,9506895
89.67,9443651
89.68,9432373
89.69,9214887
89.7,8469401
89.71,7830238
89.72,7016018
89.73,6173833
89.74,6723641
89.75,6524595
89.76,6469184
89.77,6956045
89.78,6645504
89.79,7384466
89.8,7794473
89.81,8434037
89.82,9021423
89.83,9100037
89.84,10019145
89.85,9984157
89.86,9609346
89.87,8723112
89.88,7730785
89.89,7807446
89.9,7737822
89.91,6889313
89.92,6264880
89.93,6472827
89.94,7080405
89.95,8183232
89.96,8547198
89.97,8899341
89.98,9906686
89.99,10151487
90.0,9978628
90.01,9959966
90.02,10059582
90.03,10004708
90.04,10010565
90.05,10038153
90.06,9971003
90.07,10029424
90.08,9977338
90.09,10000955
90.1,9993474
90.11,9980175
90.12,10012179
90.13,9982752
90.14,10016560
90.15,9991595
90.16,9996601
90.17,9992504
90.18,9990574
90.19,9994550
90.2,9970501
90.21,9761037
90.22,8896177
90.23,7772499
90.24,7447292
90.25,7099764
90.26,6085046
90.27,5677977
90.28,5517965
90.29,5428607
90.3,5521922
90.31,5741703
90.32,6435562
90.33,6226106
90.34,5316298
90.35,4757817
90.36,4327015
90.37,3624773
90.38,2903436
90.39,2219184
90.4,1517264
90.41,1841165
90.42,2432631
90.43,2902625
90.44,3374005
90.45,2696614
90.46,2221178
90.47,2670816
90.48,2498353
90.49,2659868
90.5,3060645
90.51,2364435
90.52,1927543
90.53,1964454
90.54,1319163
90.55,627538
90.56,760857
90.57,1071588
90.58,1044515
90.59,892225
90.6,935550
90.61,1253311
90.62,1320675
90.63,657312
90.64,-163903
90.65,-962551
90.66,-1757206
90.67,-2137883
90.68,-2408703
90.69,-2357653
90.7,-2380673
90.71,-2475688
90.72,-1516516
90.73,-281106
90.74,-267335
90.75,-68041
90.76,1287105
90.77,2037454
90.78,2278799
90.79,2170102
90.8,2072052
90.81,2150914
90.82,1634134
90.83,1131371
90.84,444480
90.85,97669
90.86,-345061
90.87,-1476905
90.88,-1495819
90.89,-1190592
90.9,-1871803
90.91,-2830452
90.92,-3630929
90.93,-3630132
90.94,-3926158
90.95,-5751650
90.96,-7457082
90.97,-8638682
90.98,-9922890
90.99,-9918628
91.0,-8626201
91.01,-8151923
91.02,-8112183
91.03,-8143277
91.04,-8213215
91.05,-8288881
91.06,-8217852
91.07,-7280664
91.08,-6884587
91.09,-6611738
91.1,-6288289
91.11,-6700007
91.12,-7149153
91.13,-7122429
91.14,-6738925
91.15,-6630590
91.16,-6713938
91.17,-6896081
91.18,-6923112
91.19,-6929674
91.2,-6822401
91.21,-6675364
91.22,-7231530
91.23,-7069989
91.24,-6303284
91.25,-6212443
91.26,-5775096
91.27,-4910169
91.28,-4310602
91.29,-3991892
91.3,-3647609
91.31,-3152720
91.32,-3064911
91.33,-3122089
91.34,-2971083
91.35,-2849571
91.36,-2606936
91.37,-2438037
91.38,-2436382
91.39,-2513679
91.4,-2560304
91.41,-2612085
91.42,-2882840
91.43,-2713442
91.44,-1562259
91.45,-1728309
91.46,-2074737
91.47,-110291
91.48,-125735
91.49,-612388
91.5,-82670
91.51,-553917
91.52,265933
91.53,879669
91.54,1191667
91.55,1395006
91.56,1278618
91.57,1238529
91.58,654327
91.59,804523
91.6,1300551
91.61,1751741
91.62,1903051
91.63,2202566
91.64,2316921
91.65,2387062
91.66,3171594
91.67,3938542
91.68,4377352
91.69,3698654
91.7,3707366
91.71,4163525
91.72,3768510
91.73,4231063
91.74,5063169
91.75,5546683
91.76,5859888
91.77,6017994
91.78,6248993
91.79,6566566
91.8,6368217
91.81,5786994
91.82,5547231
91.83,5123121
91.84,4853181
91.85,4985252
91.86,5140209
91.87,5774199
91.88,6350090
91.89,7250173
91.9,8184691
91.91,7878829
91.92,7562336
91.93,6941767
91.94,5904132
91.95,5897731
91.96,6347498
91.97,6648494
91.98,6725047
91.99,6196262
92.0,5490448
92.01,5288879
92.02,5242424
92.03,4862082
92.04,4602978
92.05,5165987
92.06,5939990
92.07,6287866
92.08,6799685
92.09,7633071
92.1,8451905
92.11,9139245
92.12,9543048
92.13,9311208
92.14,9008415
92.15,8851004
92.16,8477719
92.17,8439501
92.18,8468911
92.19,8861248
92.2,9881916
92.21,10228343
92.22,9912101
92.23,9968273
92.24,10068972
92.25,9940277
92.26,10038377
92.27,10003535
92.28,9987905
92.29,10029601
92.3,9973015
92.31,10021481
92.32,9966414
92.33,9843622
92.34,9341677
92.35,8908886
92.36,9456149
92.37,9723559
92.38,9061980
92.39,9042219
92.4,8844419
92.41,8134946
92.42,7900686
92.43,7509563
92.44,7718624
92.45,8117813
92.46,8173571
92.47,7966981
92.48,7396503
92.49,7299799
92.5,7382683
92.51,7289729
92.52,6910895
92.53,6665950
92.54,6556309
92.55,6171522
92.56,5787904
92.57,5091770
92.58,3551958
92.59,3213582
92.6,3919904
92.61,2880592
92.62,2970606
92.63,3907222
92.64,4015297
92.65,4649821
92.66,4441566
92.67,4504530
92.68,4388799
92.69,4209282
92.7,4691522
92.71,4850169
92.72,5309376
92.73,5236711
92.74,4887600
92.75,4402841
92.76,4065292
92.77,3791601
92.78,3592394
92.79,3987145
92.8,4388255
92.81,4624436
92.82,4405234
92.83,4340647
92.84,4210200
92.85,4146577
92.86,4670963
92.87,5086286
92.88,5157076
92.89,4843692
92.9,4702594
92.91,4445902
92.92,4027910
92.93,4091359
92.94,4174371
92.95,4362886
92.96,4607754
92.97,4916509
92.98,5214935
92.99,5203152
93.0,5146979
93.01,5276589
93.02,5544281
93.03,5523403
93.04,5456332
93.05,5413775
93.06,5095106
93.07,4790681
93.08,4751250
93.09,4697292
93.1,4501142
93.11,4506475
93.12,4586334
93.13,4513293
93.14,4576758
93.15,4792042
93.16,4950761
93.17,5307001
93.18,5456798
93.19,5028033
93.2,4787092
93.21,4569341
93.22,4333527
93.23,4619740
93.24,4788198
93.25,4827334
93.26,5182605
93.27,5661991
93.28,6075742
93.29,6291265
93.3,6320386
93.31,6444349
93.32,6357531
93.33,5665498
93.34,5487702
93.35,5557695
93.36,5362554
93.37,5440684
93.38,5254050
93.39,5040846
93.4,4954358
93.41,5084879
93.42,4970093
93.43,4594965
93.44,4775895
93.45,4803518
93.46,4860558
93.47,5301124
93.48,5302114
93.49,4111903
93.5,3774395
93.51,4713576
93.52,4343839
93.53,4445812
93.54,4542357
93.55,3437943
93.56,2942517
93.57,2458077
93.58,2859350
93.59,3533959
93.6,3900383
93.61,4153779
93.62,3651111
93.63,4101587
93.64,4555280
93.65,4129859
93.66,3977582
93.67,3781009
93.68,3580138
93.69,3768901
93.7,3637423
93.71,3428510
93.72,3277783
93.73,3045346
93.74,3128813
93.75,3089065
93.76,3112332
93.77,3092677
93.78,2886630
93.79,2735240
93.8,2622598
93.81,2526134
93.82,2459050
93.83,2573292
93.84,2700391
93.85,2990864
93.86,3120068
93.87,2872144
93.88,2858206
93.89,2909776
93.9,2844217
93.91,2782445
93.92,3032182
93.93,3353702
93.94,3030982
93.95,2908153
93.96,2978760
93.97,2685786
93.98,2784946
93.99,2613317
94.0,2130609
94.01,2060081
94.02,1905009
94.03,1972080
94.04,1883619
94.05,1516710
94.06,1704039
94.07,1586427
94.08,1213897
94.09,1217158
94.1,1033873
94.11,960272
94.12,1032433
94.13,733807
94.14,250363
94.15,32647
94.16,124747
94.17,282605
94.18,405158
94.19,521159
94.2,780845
94.21,791336
94.22,708273
94.23,760951
94.24,506307
94.25,196693
94.26,44304
94.27,-71325
94.28,-279337
94.29,-670694
94.3,-805971
94.31,-342425
94.32,3394
94.33,18343
94.34,-110598
94.35,-501696
94.36,-540865
94.37,-237006
94.38,-22898
94.39,382253
94.4,730626
94.41,623348
94.42,647813
94.43,963072
94.44,1208869
94.45,1396301
94.46,1380182
94.47,1589596
94.48,2103970
94.49,2028058
94.5,1915437
94.51,2155658
94.52,2105069
94.53,2040839
94.54,2056011
94.55,2145478
94.56,2072133
94.57,1831874
94.58,1863636
94.59,1572563
94.6,1181246
94.61,908262
94.62,451626
94.63,491144
94.64,1014108
94.65,1488932
94.66,1751664
94.67,1966283
94.68,2196551
94.69,2083657
94.7,1873898
94.71,2028505
94.72,2028865
94.73,1948123
94.74,2377337
94.75,2687246
94.76,2754497
94.77,2811135
94.78,2842115
94.79,2779047
94.8,2381839
94.81,2295157
94.82,2352948
94.83,1886282
94.84,1640761
94.85,1266813
94.86,794712
94.87,883364
94.88,450483
94.89,359905
94.9,814594
94.91,984577
94.92,1345721
94.93,1257925
94.94,1024814
94.95,1117799
94.96,1226833
94.97,950919
94.98,529601
94.99,479283
95.0,262636
95.01,215007
95.02,554357
95.03,924415
95.04,1311748
95.05,1565909
95.06,1628426
95.07,1834164
95.08,2174689
95.09,2076074
95.1,1961789
95.11,2065847
95.12,2163881
95.13,2063337
95.14,1730549
95.15,1854440
95.16,2054618
95.17,2247052
95.18,2529909
95.19,2199774
95.2,1985050
95.21,2237650
95.22,2308261
95.23,2478316
95.24,2848312
95.25,3083020
95.26,3371788
95.27,3678199
95.28,3726032
95.29,3901665
95.3,4028178
95.31,4257679
95.32,4496786
95.33,4145754
95.34,4458391
95.35,4647707
95.36,4348064
95.37,4773703
95.38,4887009
95.39,5049553
95.4,5584288
95.41,5794576
95.42,5949973
95.43,6088101
95.44,6273500
95.45,6479671
95.46,6432365
95.47,6150348
95.48,6128651
95.49,6290181
95.5,6258266
95.51,6491307
95.52,6917946
95.53,7028603
95.54,6694025
95.55,6313271
95.56,6523884
95.57,6692009
95.58,6736550
95.59,7170869
95.6,7115113
95.61,7043416
95.62,7429259
95.63,7495685
95.64,7319695
95.65,6925567
95.66,6604950
95.67,6526995
95.68,6476441
95.69,6486217
95.7,6407207
95.71,6410811
95.72,6578360
95.73,6782843
95.74,6823527
95.75,6718418
95.76,7152552
95.77,7501649
95.78,7487335
95.79,8040288
95.8,8241274
95.81,8004369
95.82,8069984
95.83,7932597
95.84,8041586
95.85,8158475
95.86,7943373
95.87,8015006
95.88,8236824
95.89,8316076
95.9,8075264
95.91,8135422
95.92,8188589
95.93,7858552
95.94,7525606
95.95,7031799
95.96,6847889
95.97,6479319
95.98,6211893
95.99,6397902
96.0,6148081
96.01,6198321
96.02,6380198
96.03,6349445
96.04,6572990
96.05,6696791
96.06,6734991
96.07,6763425
96.08,6760621
96.09,6436650
96.1,6070179
96.11,5860689
96.12,5474612
96.13,5636531
96.14,6163933
96.15,6412259
96.16,6282960
96.17,6053570
96.18,6274164
96.19,6337490
96.2,6267757
96.21,6450180
96.22,6067224
96.23,5549248
96.24,5387871
96.25,4657827
96.26,4302883
96.27,4674782
96.28,4482261
96.29,4452227
96.3,4620377
96.31,4732635
96.32,5087815
96.33,5460846
96.34,5995948
96.35,6128958
96.36,6053271
96.37,6167388
96.38,6287010
96.39,6310920
96.4,6349091
96.41,6565639
96.42,6357310
96.43,6173005
96.44,6375714
96.45,6448779
96.46,6503809
96.47,6673236
96.48,6978787
96.49,7265579
96.5,7543862
96.51,8115454
96.52,8398626
96.53,8320207
96.54,8063437
96.55,6806948
96.56,6263057
96.57,7000150
96.58,6840295
96.59,6972538
96.6,7253924
96.61,6917218
96.62,7136585
96.63,7004660
96.64,6943847
96.65,6895641
96.66,6535977
96.67,6514987
96.68,6200514
96.69,5889794
96.7,5863559
96.71,6126650
96.72,6306380
96.73,6506845
96.74,7002476
96.75,7085130
96.76,6693567
96.77,6417493
96.78,6621143
96.79,6851933
96.8,7117401
96.81,7188886
96.82,6890961
96.83,6859226
96.84,6519163
96.85,6127191
96.86,6306159
96.87,6564954
96.88,6646595
96.89,6360061
96.9,6409019
96.91,6455460
96.92,6172059
96.93,6290584
96.94,6254640
96.95,6331387
96.96,6491140
96.97,6272111
96.98,6297558
96.99,6353388
97.0,5953228
97.01,5460813
97.02,5501006
97.03,5612766
97.04,5388335
97.05,5544509
97.06,5592584
97.07,5401038
97.08,5574406
97.09,5456243
97.1,5397702
97.11,5524314
97.12,5537884
97.13,5772544
97.14,5855813
97.15,6094043
97.16,6130707
97.17,5836891
97.18,5945430
97.19,5938712
97.2,5904933
97.21,5732536
97.22,5446836
97.23,5707899
97.24,5785929
97.25,5638241
97.26,5763138
97.27,5835027
97.28,5954860
97.29,5878633
97.3,5611602
97.31,5536543
97.32,5325168
97.33,4902005
97.34,4485436
97.35,4609859
97.36,4882620
97.37,4657617
97.38,4529997
97.39,4215906
97.4,3757147
97.41,3567331
97.42,3128746
97.43,2977768
97.44,3117917
97.45,2999304
97.46,2853394
97.47,2804935
97.48,2942303
97.49,2973193
97.5,3037993
97.51,3038419
97.52,2850172
97.53,2774016
97.54,2714061
97.55,2895521
97.56,3138746
97.57,3087648
97.58,3065671
97.59,3237997
97.6,2993773
97.61,2572206
97.62,2760729
97.63,3049205
97.64,2914012
97.65,2867157
97.66,3147963
97.67,3171464
97.68,2903610
97.69,2880579
97.7,3217706
97.71,3302965
97.72,3091261
97.73,3349771
97.74,3591617
97.75,3404327
97.76,3341266
97.77,3295919
97.78,3263131
97.79,3109812
97.8,2896046
97.81,3206185
97.82,3580289
97.83,3861979
97.84,4127761
97.85,4102725
97.86,4153642
97.87,4060986
97.88,3626113
97.89,3362366
97.9,3340462
97.91,3319272
97.92,3470016
97.93,4055142
97.94,4346511
97.95,4288829
97.96,4450227
97.97,4438978
97.98,4180511
97.99,4018236
98.0,4017310
98.01,3613967
98.02,2896073
98.03,2949762
98.04,3303155
98.05,3073963
98.06,3221127
98.07,3703494
98.08,3507151
98.09,3229662
98.1,3209937
98.11,3321951
98.12,3519385
98.13,3417262
98.14,3593383
98.15,3954718
98.16,3856457
98.17,4082311
98.18,4108969
98.19,3731814
98.2,3972544
98.21,4053834
98.22,3688581
98.23,3509419
98.24,3500511
98.25,3472407
98.26,3473487
98.27,3559347
98.28,3533770
98.29,3457960
98.3,3475710
98.31,3602134
98.32,3567545
98.33,3278286
98.34,3186168
98.35,3372503
98.36,3270766
98.37,2982798
98.38,3117310
98.39,3318984
98.4,3104219
98.41,2863504
98.42,3143316
98.43,3302906
98.44,3303836
98.45,3652667
98.46,3834653
98.47,3728975
98.48,3730388
98.49,3997317
98.5,4000064
98.51,4177382
98.52,4706564
98.53,4863465
98.54,4963721
98.55,5094031
98.56,5313758
98.57,5409571
98.58,5293194
98.59,5359746
98.6,5372915
98.61,5446499
98.62,5666323
98.63,5743877
98.64,5690386
98.65,5612429
98.66,5611172
98.67,5763107
98.68,5848796
98.69,5677123
98.7,5543440
98.71,5697039
98.72,5757229
98.73,5422551
98.74,5201387
98.75,5187192
98.76,5152927
98.77,5143642
98.78,5222859
98.79,5287913
98.8,5022850
98.81,4767633
98.82,4588260
98.83,4447594
98.84,4370699
98.85,4037582
98.86,3740916
98.87,3606389
98.88,3261299
98.89,2822096
98.9,2816542
98.91,2860378
98.92,2519143
98.93,2088602
98.94,1836493
98.95,1552231
98.96,1184814
98.97,1085261
98.98,1217120
98.99,1260142
99.0,787317
99.01,565266
99.02,859953
99.03,769588
99.04,504598
99.05,604561
99.06,636861
99.07,623705
99.08,1036528
99.09,1054746
99.1,955674
99.11,1120718
99.12,1119117
99.13,1323644
99.14,1464405
99.15,1433974
99.16,1441596
99.17,1319520
99.18,1306169
99.19,1316630
99.2,978066
99.21,741896
99.22,940777
99.23,1155832
99.24,1272408
99.25,1383100
99.26,1237599
99.27,1032044
99.28,1085690
99.29,1097028
99.3,927343
99.31,973778
99.32,1207877
99.33,1380124
99.34,1558281
99.35,1708786
99.36,1577231
99.37,1047737
99.38,1056041
99.39,1311629
99.4,901365
99.41,647462
99.42,685942
99.43,708457
99.44,694363
99.45,513173
99.46,666229
99.47,827977
99.48,363517
99.49,175585
99.5,275962
99.51,225765
99.52,328707
99.53,479595
99.54,717120
99.55,729202
99.56,525384
99.57,488479
99.58,492344
99.59,500533
99.6,355820
99.61,234798
99.62,248182
99.63,34348
99.64,-183716
99.65,-366106
99.66,-567169
99.67,-374106
99.68,-166581
99.69,-151478
99.7,63770
99.71,169582
99.72,103264
99.73,147814
99.74,272945
99.75,390790
99.76,447567
99.77,453394
99.78,514219
99.79,697140
99.8,677769
99.81,520535
99.82,558057
99.83,451292
99.84,326112
99.85,479670
99.86,524081
99.87,625542
99.88,665053
99.89,582758
99.9,834970
99.91,807579
99.92,676072
99.93,802324
99.94,671407
99.95,534827
99.96,517746
99.97,628923
99.98,653458
99.99,473755
100.0,672145
100.01,978309
100.02,925944
100.03,1019801
100.04,1393341
100.05,1455549
100.06,1362928
100.07,1368639
100.08,1276134
100.09,1269259
100.1,1235103
100.11,1138284
100.12,1208009
100.13,1258715
100.14,1479530
100.15,1618966
100.16,1647941
100.17,1799863
100.18,1858230
100.19,2153222
100.2,2216019
100.21,2076716
100.22,1373417
100.23,164279
100.24,435933
100.25,949616
100.26,470557
100.27,568147
100.28,627007
100.29,432273
100.3,642136
100.31,575359
100.32,595927
100.33,513748
100.34,406191
100.35,277123
100.36,146366
100.37,479255
100.38,676954
100.39,1010403
100.4,1201407
100.41,1101841
100.42,1027702
100.43,941878
100.44,1088015
100.45,1232801
100.46,1011970
100.47,813178
100.48,987039
100.49,1179110
100.5,1146291
100.51,1067629
100.52,1233215
100.53,1165952
100.54,1110077
100.55,1277308
100.56,1148895
100.57,1094491
100.58,1101184
100.59,1107223
100.6,1080152
100.61,879915
100.62,732576
100.63,534707
100.64,400498
100.65,429953
100.66,404865
100.67,288883
100.68,59142
100.69,-147130
100.7,-335229
100.71,-154860
100.72,298546
100.73,37104
100.74,-148066
100.75,-18818
100.76,-124722
100.77,-172080
100.78,-517277
100.79,-430350
100.8,-152152
100.81,-254438
100.82,-228584
100.83,-364261
100.84,-463416
100.85,-679011
100.86,-900071
100.87,-686350
100.88,-394618
100.89,-164584
100.9,98409
100.91,-78024
100.92,-417637
100.93,-357734
100.94,-412582
100.95,-597425
100.96,-572688
100.97,-450305
100.98,-654653
100.99,-902476
101.0,-639394
101.01,-481984
101.02,-518356
101.03,-283063
101.04,-154725
101.05,7724
101.06,33100
101.07,132436
101.08,614046
101.09,579949
101.1,443821
101.11,346260
101.12,-38072
101.13,-97455
101.14,180479
101.15,382356
101.16,487345
101.17,677573
101.18,801557
101.19,828354
101.2,857206
101.21,928860
101.22,1163184
101.23,1365736
101.24,1544530
101.25,1708165
101.26,1760826
101.27,1799645
101.28,1831854
101.29,1699237
101.3,1526415
101.31,1709192
101.32,1979726
101.33,1798848
101.34,1787983
101.35,2334139
101.36,2356952
101.37,2379198
101.38,2654036
101.39,2562259
101.4,2738909
101.41,2674153
101.42,2403436
101.43,2456304
101.44,2550539
101.45,2729456
101.46,2705681
101.47,2490617
101.48,2613746
101.49,2735017
101.5,2720056
101.51,2903987
101.52,2732857
101.53,2627444
101.54,2707825
101.55,2504903
101.56,2409589
101.57,2095169
101.58,1948896
101.59,1987981
101.6,1798690
101.61,1771181
101.62,1586338
101.63,1451293
101.64,1483716
101.65,1418556
101.66,1331572
101.67,1297778
101.68,1375919
101.69,1307377
101.7,1216164
101.71,1160727
101.72,1000587
101.73,843951
101.74,758913
101.75,695636
101.76,653264
101.77,632840
101.78,441855
101.79,459886
101.8,612774
101.81,496023
101.82,330650
101.83,46240
101.84,222762
101.85,506452
101.86,443345
101.87,612973
101.88,414083
101.89,416976
101.9,434551
101.91,141987
101.92,269070
101.93,-175646
101.94,-376869
101.95,-106012
101.96,-352216
101.97,-366090
101.98,-341146
101.99,-476448
102.0,-573009
102.01,-804592
102.02,-731697
102.03,-655181
102.04,-983057
102.05,-1061394
102.06,-999814
102.07,-1014854
102.08,-1044957
102.09,-1026807
102.1,-857699
102.11,-901899
102.12,-942065
102.13,-788405
102.14,-813838
102.15,-878884
102.16,-798223
102.17,-683923
102.18,-692476
102.19,-674355
102.2,-478590
102.21,-403973
102.22,-324891
102.23,-439512
102.24,-660195
102.25,-565357
102.26,-604740
102.27,-696842
102.28,-566965
102.29,-451253
102.3,-494684
102.31,-490496
102.32,-404867
102.33,-625131
102.34,-1045885
102.35,-1055795
102.36,-885242
102.37,-917491
102.38,-786552
102.39,-757272
102.4,-1038428
102.41,-1185950
102.42,-1228802
102.43,-1107523
102.44,-884101
102.45,-996860
102.46,-1007278
102.47,-874233
102.48,-952087
102.49,-1028932
102.5,-1022117
102.51,-998220
102.52,-1208577
102.53,-1244276
102.54,-1251480
102.55,-1519960
102.56,-1607691
102.57,-1727413
102.58,-1693193
102.59,-1724244
102.6,-1796887
102.61,-1571885
102.62,-1567230
102.63,-1615094
102.64,-1793925
102.65,-2079462
102.66,-2084968
102.67,-2093530
102.68,-2168105
102.69,-2162533
102.7,-2302992
102.71,-2366774
102.72,-2195805
102.73,-2310559
102.74,-2372230
102.75,-2431995
102.76,-2795090
102.77,-2941339
102.78,-2992229
102.79,-3088961
102.8,-3047586
102.81,-3051781
102.82,-3002627
102.83,-2919412
102.84,-2883613
102.85,-2593585
102.86,-2931989
102.87,-3620571
102.88,-3367658
102.89,-2834860
102.9,-2666376
102.91,-2871378
102.92,-3222627
102.93,-3503987
102.94,-3379934
102.95,-3051629
102.96,-3150671
102.97,-3364722
102.98,-3518153
102.99,-3464927
103.0,-3200314
103.01,-3129283
103.02,-3273663
103.03,-3378715
103.04,-3034473
103.05,-2618098
103.06,-2564632
103.07,-2567942
103.08,-2695945
103.09,-2614552
103.1,-2286676
103.11,-2209221
103.12,-2391085
103.13,-2518115
103.14,-2331851
103.15,-2168285
103.16,-2132957
103.17,-2284093
103.18,-2660617
103.19,-2805027
103.2,-2413272
103.21,-1940498
103.22,-2051967
103.23,-2650460
103.24,-3113253
103.25,-2994349
103.26,-2246965
103.27,-1871225
103.28,-2167037
103.29,-1981523
103.3,-1879673
103.31,-2075472
103.32,-2197690
103.33,-2174425
103.34,-1662435
103.35,-1329349
103.36,-1031526
103.37,-1040863
103.38,-1449812
103.39,-1310907
103.4,-1171886
103.41,-1409606
103.42,-1603463
103.43,-1282742
103.44,-483267
103.45,-232106
103.46,-362697
103.47,-441756
103.48,-672837
103.49,-707052
103.5,-641902
103.51,-651341
103.52,-800572
103.53,-1063026
103.54,-999071
103.55,-921266
103.56,-983111
103.57,-685808
103.58,-576794
103.59,-553167
103.6,-423871
103.61,-512836
103.62,-353509
103.63,-273203
103.64,-159326
103.65,178047
103.66,208069
103.67,25240
103.68,64409
103.69,204414
103.7,109140
103.71,158577
103.72,188492
103.73,242781
103.74,460085
103.75,536869
103.76,701366
103.77,749862
103.78,831490
103.79,1005328
103.8,1066908
103.81,1206154
103.82,1120817
103.83,1123185
103.84,1341027
103.85,1378490
103.86,1407933
103.87,1294680
103.88,1256688
103.89,1509162
103.9,1626601
103.91,1708352
103.92,1791975
103.93,1826947
103.94,1909209
103.95,2153852
103.96,2604534
103.97,2644201
103.98,2489768
103.99,2475379
104.0,2374581
104.01,2465158
104.02,2681477
104.03,2886233
104.04,2870732
104.05,2891891
104.06,3003944
104.07,2993329
104.08,3222997
104.09,3319402
104.1,3467069
104.11,3700093
104.12,3791253
104.13,3772450
104.14,3476840
104.15,3405407
104.16,3602363
104.17,3838807
104.18,3721164
104.19,3589950
104.2,3707723
104.21,3508180
104.22,3254762
104.23,3085687
104.24,3316825
104.25,3614345
104.26,3589584
104.27,3885898
104.28,3846742
104.29,3458747
104.3,3429232
104.31,3416109
104.32,3596437
104.33,3894400
104.34,4100815
104.35,4268395
104.36,4058678
104.37,3838694
104.38,3888457
104.39,3677435
104.4,3271371
104.41,3144719
104.42,3280192
104.43,3432964
104.44,3590752
104.45,3639195
104.46,3530562
104.47,3627712
104.48,3903936
104.49,3984926
104.5,3797155
104.51,3745690
104.52,3810353
104.53,3652611
104.54,3536238
104.55,3486024
104.56,3460335
104.57,3502905
104.58,3621671
104.59,3713036
104.6,3688664
104.61,3597837
104.62,3563059
104.63,3975476
104.64,4304910
104.65,4578093
104.66,4660865
104.67,4238817
104.68,4199743
104.69,4113450
104.7,4102906
104.71,4245544
104.72,3813305
104.73,3750533
104.74,4005436
104.75,4020336
104.76,3845880
104.77,3545091
104.78,3772034
104.79,4145708
104.8,4452213
104.81,4643403
104.82,4783792
104.83,5057001
104.84,5000143
104.85,5233677
104.86,5503646
104.87,5580652
104.88,5718324
104.89,5553963
104.9,5763603
104.91,5840284
104.92,5594818
104.93,5699405
104.94,5773179
104.95,5959577
104.96,5983827
104.97,5927275
104.98,6123746
104.99,6110085
105.0,6113177
105.01,6376057
105.02,6542009
105.03,6653199
105.04,6678290
105.05,6385755
105.06,6316022
105.07,6303742
105.08,6394499
105.09,6868237
105.1,6758835
105.11,6579953
105.12,6817707
105.13,6688489
105.14,6527066
105.15,6389861
105.16,6248457
105.17,6305727
105.18,6409936
105.19,6784030
105.2,6754689
105.21,6357506
105.22,6258765
105.23,6164691
105.24,5770677
105.25,5444380
105.26,5573344
105.27,5413504
105.28,5394044
105.29,5485298
105.3,5264762
105.31,5415559
105.32,5462972
105.33,5368097
105.34,5513775
105.35,5459507
105.36,5169700
105.37,5022339
105.38,4761351
105.39,4642387
105.4,4828796
105.41,4898184
105.42,4845807
105.43,4759592
105.44,4605507
105.45,4325436
105.46,4392739
105.47,4658884
105.48,4623831
105.49,4633601
105.5,4702698
105.51,4555891
105.52,4679765
105.53,4704448
105.54,4373431
105.55,4411150
105.56,4566001
105.57,4434431
105.58,4060648
105.59,3984691
105.6,4075154
105.61,3901084
105.62,3858878
105.63,3975128
105.64,4049749
105.65,3905854
105.66,3626919
105.67,3553933
105.68,3602357
105.69,3409822
105.7,3314065
105.71,3635846
105.72,3739971
105.73,3454941
105.74,3220686
105.75,3269777
105.76,3224973
105.77,2833372
105.78,2688708
105.79,2624567
105.8,2421668
105.81,2557561
105.82,2711096
105.83,2497691
105.84,2359836
105.85,2334837
105.86,2128685
105.87,2097551
105.88,1986403
105.89,1928928
105.9,2197513
105.91,1862218
105.92,1417548
105.93,1550499
105.94,1330232
105.95,1023032
105.96,1085430
105.97,996118
105.98,1262603
105.99,1474450
106.0,992278
106.01,443686
106.02,21070
106.03,-320307
106.04,-469375
106.05,-409725
106.06,-352242
106.07,-352077
106.08,-422585
106.09,-399880
106.1,-407816
106.11,-614418
106.12,-694640
106.13,-921491
106.14,-1253808
106.15,-1220465
106.16,-1212904
106.17,-1274034
106.18,-1293811
106.19,-1540413
106.2,-1823074
106.21,-2190182
106.22,-2371002
106.23,-2647619
106.24,-3037326
106.25,-2725388
106.26,-2667651
106.27,-3112395
106.28,-3376577
106.29,-3527511
106.3,-3675678
106.31,-3770134
106.32,-3494920
106.33,-3438329
106.34,-3684945
106.35,-3592265
106.36,-3721712
106.37,-3981179
106.38,-4034645
106.39,-4359799
106.4,-4537387
106.41,-4451623
106.42,-4641010
106.43,-4807720
106.44,-4968524
106.45,-5211418
106.46,-5125440
106.47,-5108687
106.48,-5346299
106.49,-5400411
106.5,-5442440
106.51,-5636821
106.52,-5820667
106.53,-6192120
106.54,-6324530
106.55,-6246887
106.56,-6369122
106.57,-6078178
106.58,-6038533
106.59,-6248874
106.6,-6166301
106.61,-6195527
106.62,-6207266
106.63,-6222422
106.64,-6220779
106.65,-6224095
106.66,-6425994
106.67,-6658559
106.68,-6554757
106.69,-6493506
106.7,-6419264
106.71,-6359503
106.72,-6546458
106.73,-6583728
106.74,-6710252
106.75,-6718199
106.76,-6861328
106.77,-6976615
106.78,-6754907
106.79,-6819664
106.8,-6774690
106.81,-6805120
106.82,-7027804
106.83,-7276587
106.84,-7462280
106.85,-7352378
106.86,-7452852
106.87,-7532257
106.88,-7402268
106.89,-7204729
106.9,-7017719
106.91,-6844651
106.92,-6858551
106.93,-7374122
106.94,-7536652
106.95,-7450359
106.96,-7456042
106.97,-7259366
106.98,-7128004
106.99,-6987657
107.0,-7121810
107.01,-7224920
107.02,-7206743
107.03,-7549998
107.04,-7371289
107.05,-7089919
107.06,-7080585
107.07,-6808592
107.08,-6970180
107.09,-6877675
107.1,-6441294
107.11,-6473770
107.12,-6461307
107.13,-6498646
107.14,-6325856
107.15,-6170277
107.16,-6166848
107.17,-6018984
107.18,-6057530
107.19,-5907155
107.2,-6130009
107.21,-6324949
107.22,-6458884
107.23,-6968086
107.24,-6975407
107.25,-6752002
107.26,-5667610
107.27,-4657794
107.28,-5072390
107.29,-5858298
107.3,-6116449
107.31,-5846177
107.32,-5858083
107.33,-5641294
107.34,-5225596
107.35,-4758488
107.36,-4271827
107.37,-4484583
107.38,-4486364
107.39,-4672541
107.4,-4896696
107.41,-4603877
107.42,-4317341
107.43,-3643231
107.44,-3468700
107.45,-3528155
107.46,-3380499
107.47,-3315894
107.48,-3117828
107.49,-3042065
107.5,-2408535
107.51,-2464173
107.52,-3196934
107.53,-2917436
107.54,-2880178
107.55,-2642610
107.56,-2363801
107.57,-2609824
107.58,-2089767
107.59,-1719363
107.6,-1635578
107.61,-1512876
107.62,-1329031
107.63,-996042
107.64,-1060576
107.65,-1001562
107.66,-807433
107.67,-1009819
107.68,-1178219
107.69,-839165
107.7,-698117
107.71,-736128
107.72,-690782
107.73,-572881
107.74,-501002
107.75,-989530
107.76,-1098549
107.77,-926398
107.78,-689703
107.79,31259
107.8,169846
107.81,-355691
107.82,-295204
107.83,-144835
107.84,-625602
107.85,-491771
107.86,-197718
107.87,-146912
107.88,-324337
107.89,-685285
107.9,-182683
107.91,-186170
107.92,-89176
107.93,11500
107.94,-757213
107.95,-687008
107.96,-843815
107.97,-1029238
107.98,-874222
107.99,-783996
108.0,-405527
108.01,-475938
108.02,-494438
108.03,-162167
108.04,-66172
108.05,-268069
108.06,-450559
108.07,-540199
108.08,-605928
108.09,-1092720
108.1,-1009729
108.11,-274354
108.12,-599498
108.13,-1049823
108.14,-852372
108.15,-782953
108.16,-1148979
108.17,-1298212
108.18,-1074262
108.19,-870423
108.2,-1142613
108.21,-1260648
108.22,-838729
108.23,-1170070
108.24,-1466885
108.25,-1425590
108.26,-1505424
108.27,-1403304
108.28,-1490319
108.29,-1532852
108.3,-1505551
108.31,-1723666
108.32,-1619708
108.33,-1553546
108.34,-1913034
108.35,-1979508
108.36,-1995262
108.37,-2103916
108.38,-2120763
108.39,-2045843
108.4,-1767156
108.41,-1630813
108.42,-2007925
108.43,-2117302
108.44,-2092267
108.45,-2402116
108.46,-2315811
108.47,-2284512
108.48,-2381725
108.49,-2358130
108.5,-2517123
108.51,-2617722
108.52,-2662802
108.53,-2774833
108.54,-2789217
108.55,-2782343
108.56,-3039968
108.57,-3293990
108.58,-3195456
108.59,-3047183
108.6,-3104695
108.61,-3598249
108.62,-3593899
108.63,-2974917
108.64,-3497684
108.65,-3862208
108.66,-3146206
108.67,-3024529
108.68,-3135394
108.69,-2936531
108.7,-2810864
108.71,-2858495
108.72,-3168657
108.73,-3258212
108.74,-3143253
108.75,-3075282
108.76,-3121787
108.77,-3564964
108.78,-3847248
108.79,-3985678
108.8,-4202973
108.81,-4236651
108.82,-4054770
108.83,-3532295
108.84,-3292440
108.85,-2984786
108.86,-2461612
108.87,-2286580
108.88,-1796217
108.89,-1169150
108.9,-1315381
108.91,-2001602
108.92,-2155979
108.93,-1877150
108.94,-1532054
108.95,-1257650
108.96,-1258230
108.97,-1254029
108.98,-1253163
108.99,-1313385
109.0,-1234505
109.01,-1204329
109.02,-1389771
109.03,-1114997
109.04,-858108
109.05,-865234
109.06,-297140
109.07,87847
109.08,-153868
109.09,-126569
109.1,-47921
109.11,-169894
109.12,59553
109.13,148200
109.14,84064
109.15,76331
109.16,-55284
109.17,-115082
109.18,26363
109.19,364298
109.2,625422
109.21,1110606
109.22,1237985
109.23,1145806
109.24,1797588
109.25,1842145
109.26,1324210
109.27,1358213
109.28,1690016
109.29,2337352
109.3,3055301
109.31,3299101
109.32,3229553
109.33,3038893
109.34,2600356
109.35,2416186
109.36,2499531
109.37,2311009
109.38,2567672
109.39,3202143
109.4,3265224
109.41,3230057
109.42,3470757
109.43,3968560
109.44,4651235
109.45,4845567
109.46,4636734
109.47,4257277
109.48,3787036
109.49,3851448
109.5,3987990
109.51,3899120
109.52,4380999
109.53,4632084
109.54,4230124
109.55,4168072
109.56,4458552
109.57,4648275
109.58,4782488
109.59,5313616
109.6,5717917
109.61,5727920
109.62,5488863
109.63,5114856
109.64,4906171
109.65,4520277
109.66,4430568
109.67,4321450
109.68,3942214
109.69,4033550
109.7,4157049
109.71,3941773
109.72,3986454
109.73,4505446
109.74,4538137
109.75,4349744
109.76,4268369
109.77,3887707
109.78,3860930
109.79,3976430
109.8,4139205
109.81,4538415
109.82,4583594
109.83,4413183
109.84,4014840
109.85,3872135
109.86,4231202
109.87,4055151
109.88,3843209
109.89,3778344
109.9,3652747
109.91,3688495
109.92,3566736
109.93,3807564
109.94,3909197
109.95,3516891
109.96,3380221
109.97,3338468
109.98,3254667
109.99,3165062
110.0,3245798
110.01,3139279
110.02,2775775
110.03,2998964
110.04,3079948
110.05,2784756
110.06,2843465
110.07,3058944
110.08,3224369
110.09,2915433
110.1,2585925
110.11,2511701
110.12,2216004
110.13,2167882
110.14,2246531
110.15,2184171
110.16,2093450
110.17,1679460
110.18,1364923
110.19,1242575
110.2,1085418
110.21,1043666
110.22,1155312
110.23,1439415
110.24,1175965
110.25,777049
110.26,931136
110.27,937827
110.28,971856
110.29,1085223
110.3,867418
110.31,856651
110.32,1018462
110.33,1029911
110.34,1400109
110.35,1578391
110.36,1238268
110.37,1251907
110.38,1222376
110.39,979892
110.4,686449
110.41,434670
110.42,824176
110.43,983227
110.44,706995
110.45,776962
110.46,974260
110.47,896815
110.48,728435
110.49,897461
110.5,688198
110.51,432586
110.52,833204
110.53,858504
110.54,636788
110.55,508881
110.56,419153
110.57,293157
110.58,-28426
110.59,260488
110.6,281511
110.61,-176073
110.62,-164686
110.63,-232539
110.64,-303727
110.65,-538830
110.66,-698471
110.67,-721001
110.68,-994707
110.69,-1138548
110.7,-1228974
110.71,-1154702
110.72,-1220233
110.73,-1282100
110.74,-1116795
110.75,-1093164
110.76,-1137504
110.77,-1339088
110.78,-1097706
110.79,-990214
110.8,-1353462
110.81,-1273507
110.82,-1420263
110.83,-1630319
110.84,-1663316
110.85,-1513529
110.86,-1314305
110.87,-1555792
110.88,-1370260
110.89,-1181659
110.9,-1578906
110.91,-1903210
110.92,-1910637
110.93,-1750075
110.94,-1733062
110.95,-1640447
110.96,-1244359
110.97,-1454196
110.98,-2001519
110.99,-1773999
111.0,-1641105
111.01,-1605443
111.02,-1559782
111.03,-1949103
111.04,-1947468
111.05,-1792240
111.06,-1770257
111.07,-1797381
111.08,-2096784
111.09,-2290814
111.1,-2347913
111.11,-2314589
111.12,-2434308
111.13,-2580789
111.14,-2437096
111.15,-2736957
111.16,-3002817
111.17,-3010489
111.18,-3095934
111.19,-2750841
111.2,-2442031
111.21,-2352163
111.22,-2178111
111.23,-1829712
111.24,-1801425
111.25,-2183555
111.26,-2039035
111.27,-1737679
111.28,-1796527
111.29,-1945334
111.3,-2025418
111.31,-1838107
111.32,-1617270
111.33,-1967605
111.34,-2039707
111.35,-1552543
111.36,-1613334
111.37,-1596380
111.38,-1553818
111.39,-1636290
111.4,-1480287
111.41,-1679262
111.42,-1842983
111.43,-2064474
111.44,-2119295
111.45,-2093834
111.46,-2461915
111.47,-2336964
111.48,-2561655
111.49,-2556024
111.5,-1978695
111.51,-2103355
111.52,-2025345
111.53,-2143032
111.54,-2171919
111.55,-1936921
111.56,-2179376
111.57,-2275641
111.58,-2404871
111.59,-2409629
111.6,-2415846
111.61,-2456875
111.62,-2232866
111.63,-2094655
111.64,-2002028
111.65,-2215830
111.66,-2435572
111.67,-2378278
111.68,-2414090
111.69,-2359445
111.7,-2501910
111.71,-2788065
111.72,-2909968
111.73,-2899206
111.74,-2808173
111.75,-2829527
111.76,-2845431
111.77,-2928015
111.78,-2918953
111.79,-3050379
111.8,-3221587
111.81,-3181241
111.82,-3225205
111.83,-3030630
111.84,-3065876
111.85,-3199073
111.86,-2917397
111.87,-2707219
111.88,-2770254
111.89,-2902366
111.9,-2873104
111.91,-3189959
111.92,-3539711
111.93,-3368506
111.94,-3413790
111.95,-3514626
111.96,-3451859
111.97,-3674286
111.98,-3799835
111.99,-3602067
112.0,-3325197
112.01,-3495554
112.02,-3945243
112.03,-4403752
112.04,-4864020
112.05,-4289850
112.06,-3576057
112.07,-4054789
112.08,-4760510
112.09,-4890386
112.1,-5169455
112.11,-5509016
112.12,-4892111
112.13,-4511032
112.14,-5069349
112.15,-5135918
112.16,-5042693
112.17,-5834294
112.18,-5930415
112.19,-5557769
112.2,-5745975
112.21,-5359115
112.22,-5398170
112.23,-6064787
112.24,-5737338
112.25,-5628202
112.26,-6039335
112.27,-5716327
112.28,-5582443
112.29,-5652879
112.3,-5584575
112.31,-5520183
112.32,-5616654
112.33,-5903213
112.34,-5742997
112.35,-5182632
112.36,-4790278
112.37,-5212477
112.38,-5580664
112.39,-5457836
112.4,-5344811
112.41,-5167236
112.42,-5118565
112.43,-4996506
112.44,-4783412
112.45,-4832530
112.46,-4837355
112.47,-4881332
112.48,-5095505
112.49,-5041713
112.5,-5081754
112.51,-4999272
112.52,-4951289
112.53,-4910801
112.54,-4717830
112.55,-4842837
112.56,-4522388
112.57,-4473239
112.58,-4798841
112.59,-4777562
112.6,-4709458
112.61,-4526577
112.62,-4695965
112.63,-4915451
112.64,-4395180
112.65,-3990381
112.66,-4163590
112.67,-4057985
112.68,-4010526
112.69,-3919817
112.7,-3689945
112.71,-3700408
112.72,-3498281
112.73,-3654718
112.74,-3730367
112.75,-3562148
112.76,-3631862
112.77,-3438418
112.78,-3140400
112.79,-2919861
112.8,-3042694
112.81,-3062233
112.82,-2976632
112.83,-2844436
112.84,-2550438
112.85,-2610599
112.86,-2537784
112.87,-2517153
112.88,-2536746
112.89,-2462303
112.9,-2649207
112.91,-2522000
112.92,-2278935
112.93,-2220377
112.94,-2207612
112.95,-2435646
112.96,-2441672
112.97,-2160662
112.98,-1778708
112.99,-1598860
113.0,-2017933
113.01,-2227554
113.02,-1998023
113.03,-2179182
113.04,-2410796
113.05,-1986988
113.06,-1965401
113.07,-2205731
113.08,-2014036
113.09,-2092378
113.1,-2106010
113.11,-2018972
113.12,-1924758
113.13,-1850025
113.14,-1925509
113.15,-1671103
113.16,-1734753
113.17,-1947372
113.18,-1855883
113.19,-1840000
113.2,-1583354
113.21,-1415276
113.22,-1434350
113.23,-1271084
113.24,-1360603
113.25,-1390320
113.26,-1036147
113.27,-949245
113.28,-826114
113.29,-727019
113.3,-849215
113.31,-666012
113.32,-732758
113.33,-819727
113.34,-520778
113.35,-389752
113.36,-290731
113.37,-410602
113.38,-508721
113.39,-477033
113.4,-648490
113.41,-691858
113.42,-621130
113.43,-362238
113.44,-346206
113.45,-313874
113.46,-126565
113.47,-458019
113.48,-303101
113.49,233362
113.5,-109567
113.51,-368266
113.52,65706
113.53,133717
113.54,22507
113.55,-3801
113.56,-25849
113.57,98906
113.58,-17013
113.59,-192887
113.6,-155018
113.61,60877
113.62,118098
113.63,-131337
113.64,-99736
113.65,-130673
113.66,-564399
113.67,-385821
113.68,25702
113.69,-377837
113.7,-612968
113.71,-507306
113.72,-679424
113.73,-492120
113.74,-342009
113.75,-599922
113.76,-602199
113.77,-389999
113.78,-227036
113.79,-169383
113.8,-377383
113.81,-747061
113.82,-686832
113.83,-396429
113.84,-147424
113.85,60807
113.86,-121168
113.87,-318519
113.88,-349008
113.89,-529923
113.9,-379830
113.91,-48329
113.92,-253503
113.93,-132922
113.94,66302
113.95,-210655
113.96,-101519
113.97,-65786
113.98,-139225
113.99,-285658
114.0,-740230
114.01,-776080
114.02,-577455
114.03,-516522
114.04,-800290
114.05,-981805
114.06,-719738
114.07,-442208
114.08,-262708
114.09,-433411
114.1,-555449
114.11,-698523
114.12,-826239
114.13,-718682
114.14,-964149
114.15,-1333685
114.16,-1456554
114.17,-1311612
114.18,-1235705
114.19,-1160460
114.2,-1032722
114.21,-1410435
114.22,-1821198
114.23,-1862266
114.24,-1756114
114.25,-1556287
114.26,-1590385
114.27,-1661940
114.28,-1165804
114.29,-888193
114.3,-1365713
114.31,-1488809
114.32,-1612459
114.33,-1922925
114.34,-1692392
114.35,-1703736
114.36,-1698267
114.37,-1693001
114.38,-1811890
114.39,-1504612
114.4,-1788316
114.41,-2237094
114.42,-2008833
114.43,-1890622
114.44,-1905663
114.45,-1691161
114.46,-1613777
114.47,-1920838
114.48,-2008032
114.49,-1548506
114.5,-1181442
114.51,-1220154
114.52,-1151629
114.53,-1173610
114.54,-1586040
114.55,-1543821
114.56,-1291113
114.57,-1301111
114.58,-1240920
114.59,-1088859
114.6,-544046
114.61,-541680
114.62,-921135
114.63,-686156
114.64,-1028097
114.65,-1099190
114.66,-520112
114.67,-230628
114.68,108625
114.69,-25464
114.7,-71186
114.71,-139104
114.72,-394932
114.73,-2024
114.74,-242199
114.75,-810494
114.76,-1127121
114.77,-1833123
114.78,-1937336
114.79,-1772269
114.8,-1895664
114.81,-1823922
114.82,-2111375
114.83,-2353177
114.84,-2494494
114.85,-2496858
114.86,-1812133
114.87,-1779147
114.88,-2284273
114.89,-2704571
114.9,-3120067
114.91,-2980889
114.92,-2973134
114.93,-3241803
114.94,-3033406
114.95,-2722970
114.96,-2772734
114.97,-3316674
114.98,-3785320
114.99,-3500955
115.0,-3173798
115.01,-3010438
115.02,-2596025
115.03,-2171275
115.04,-2335472
115.05,-2926935
115.06,-3076002
115.07,-2757618
115.08,-2641679
115.09,-2802540
115.1,-2728070
115.11,-2973234
115.12,-3235837
115.13,-2735832
115.14,-2331463
115.15,-2540452
115.16,-3036233
115.17,-2974769
115.18,-2657067
115.19,-2963552
115.2,-3264367
115.21,-3042215
115.22,-2807403
115.23,-2838765
115.24,-3079994
115.25,-3419022
115.26,-3484037
115.27,-3388430
115.28,-3241201
115.29,-3174922
115.3,-3151710
115.31,-2411354
115.32,-2168148
115.33,-2807193
115.34,-2814787
115.35,-2800740
115.36,-2753205
115.37,-2668230
115.38,-2523276
115.39,-1921794
115.4,-2246110
115.41,-3116075
115.42,-3479509
115.43,-3814967
115.44,-4095509
115.45,-3678342
115.46,-3140871
115.47,-2824865
115.48,-2624029
115.49,-3211894
115.5,-3478137
115.51,-3371112
115.52,-3450148
115.53,-3072947
115.54,-3007949
115.55,-3021512
115.56,-2968741
115.57,-3061408
115.58,-3437425
115.59,-3684584
115.6,-3290428
115.61,-3668058
115.62,-3944559
115.63,-3723001
115.64,-3690785
115.65,-3606890
115.66,-3771868
115.67,-3524398
115.68,-3414934
115.69,-3648601
115.7,-3281564
115.71,-2919162
115.72,-3105632
115.73,-3307350
115.74,-3049868
115.75,-3065690
115.76,-3279200
115.77,-3208750
115.78,-3325386
115.79,-3435856
115.8,-3490573
115.81,-3602258
115.82,-3833596
115.83,-4110559
115.84,-4336034
115.85,-4671765
115.86,-4824979
115.87,-4300847
115.88,-3326671
115.89,-3466765
115.9,-4253812
115.91,-3699855
115.92,-2711726
115.93,-2549763
115.94,-3003676
115.95,-3337317
115.96,-3204125
115.97,-3186956
115.98,-3338245
115.99,-3426260
116.0,-3540826
116.01,-3583353
116.02,-3304304
116.03,-3191715
116.04,-3342758
116.05,-3486065
116.06,-3535544
116.07,-3135630
116.08,-3108440
116.09,-3199202
116.1,-2804209
116.11,-2477830
116.12,-2363623
116.13,-2530326
116.14,-2433539
116.15,-2388812
116.16,-2670820
116.17,-2621654
116.18,-2213206
116.19,-2089244
116.2,-2524801
116.21,-2501634
116.22,-2315056
116.23,-2538754
116.24,-2356549
116.25,-1962255
116.26,-1924421
116.27,-2091376
116.28,-2008549
116.29,-1965611
116.3,-2090066
116.31,-1974146
116.32,-1780273
116.33,-1753324
116.34,-1907895
116.35,-1740703
116.36,-1579313
116.37,-1567437
116.38,-1656855
116.39,-1713361
116.4,-1591056
116.41,-2000406
116.42,-1897736
116.43,-1421201
116.44,-1668223
116.45,-1967214
116.46,-1967495
116.47,-1859529
116.48,-1935450
116.49,-2057019
116.5,-2246504
116.51,-2296879
116.52,-2143503
116.53,-2245366
116.54,-2075702
116.55,-1901510
116.56,-1967129
116.57,-1895203
116.58,-1943999
116.59,-1969130
116.6,-2138164
116.61,-2087054
116.62,-1984110
116.63,-2242600
116.64,-2117802
116.65,-2070088
116.66,-2120456
116.67,-2145669
116.68,-2323675
116.69,-2335834
116.7,-2319382
116.71,-2186185
116.72,-2199023
116.73,-2115335
116.74,-1873764
116.75,-2267604
116.76,-2397470
116.77,-2178976
116.78,-2328301
116.79,-2162307
116.8,-2022590
116.81,-2083469
116.82,-1981399
116.83,-1865387
116.84,-1862927
116.85,-2003879
116.86,-1759051
116.87,-1527787
116.88,-1471051
116.89,-1394302
116.9,-1654881
116.91,-1449218
116.92,-1196134
116.93,-1260234
116.94,-988649
116.95,-901075
116.96,-890983
116.97,-746854
116.98,-521523
116.99,-652236
117.0,-866724
117.01,-665756
117.02,-672122
117.03,-318803
117.04,-130148
117.05,-162302
117.06,348278
117.07,321457
117.08,111176
117.09,-61084
117.1,-482625
117.11,-578908
117.12,-713116
117.13,-595650
117.14,-487355
117.15,-921594
117.16,-984124
117.17,-987622
117.18,-972009
117.19,-1009103
117.2,-1242673
117.21,-1197830
117.22,-1242034
117.23,-1211590
117.24,-1224309
117.25,-1588923
117.26,-1853784
117.27,-1868187
117.28,-1945533
117.29,-2100822
117.3,-2137867
117.31,-2425407
117.32,-2686953
117.33,-2242437
117.34,-2148504
117.35,-2662657
117.36,-2880561
117.37,-2737312
117.38,-2378851
117.39,-2355076
117.4,-2480630
117.41,-2279207
117.42,-2276230
117.43,-2589375
117.44,-2590978
117.45,-2467666
117.46,-2438511
117.47,-2050633
117.48,-1755308
117.49,-1625756
117.5,-1511023
117.51,-1699768
117.52,-1815852
117.53,-1906153
117.54,-1964072
117.55,-1953898
117.56,-2007131
117.57,-2082197
117.58,-2145953
117.59,-2095876
117.6,-2259237
117.61,-2439616
117.62,-2642882
117.63,-2814782
117.64,-2827610
117.65,-3198032
117.66,-3355451
117.67,-3298995
117.68,-3288613
117.69,-2786403
117.7,-2267784
117.71,-2174605
117.72,-2064479
117.73,-2048809
117.74,-2124501
117.75,-1816764
117.76,-1852085
117.77,-2132105
117.78,-2013215
117.79,-2122610
117.8,-2316815
117.81,-2145480
117.82,-2150203
117.83,-2152932
117.84,-1886753
117.85,-1964500
117.86,-1965109
117.87,-1815434
117.88,-2036469
117.89,-2591548
117.9,-2860984
117.91,-2392505
117.92,-2027501
117.93,-1860793
117.94,-1886824
117.95,-1859366
117.96,-1485480
117.97,-1665516
117.98,-2107974
117.99,-2248911
118.0,-1895704
118.01,-1458845
118.02,-1656763
118.03,-2077836
118.04,-2114262
118.05,-1482556
118.06,-1016592
118.07,-1057855
118.08,-981594
118.09,-1145538
118.1,-986049
118.11,-245548
118.12,-144790
118.13,-576458
118.14,-773282
118.15,-633259
118.16,-497354
118.17,-471678
118.18,-794057
118.19,-1056329
118.2,-934323
118.21,-1110374
118.22,-985499
118.23,-832431
118.24,-711095
118.25,-244354
118.26,-317410
118.27,-241926
118.28,-481393
118.29,-742455
118.3,-453462
118.31,-1042249
118.32,-1339958
118.33,-1215698
118.34,-1076701
118.35,-849014
118.36,-1189598
118.37,-1303636
118.38,-1073905
118.39,-696795
118.4,-542255
118.41,-725474
118.42,-565289
118.43,-360132
118.44,-400102
118.45,-680152
118.46,-1138353
118.47,-1154217
118.48,-964345
118.49,-874441
118.5,-1188283
118.51,-1799230
118.52,-1350326
118.53,-1106405
118.54,-1175817
118.55,-1052553
118.56,-1566354
118.57,-1256833
118.58,-1044190
118.59,-1311730
118.6,-983336
118.61,-1024734
118.62,-1280904
118.63,-1353843
118.64,-1574994
118.65,-1699565
118.66,-1676741
118.67,-1730235
118.68,-1473811
118.69,-1091228
118.7,-1044144
118.71,-1320596
118.72,-1571759
118.73,-1568625
118.74,-1604718
118.75,-1501291
118.76,-1304982
118.77,-1455122
118.78,-1502824
118.79,-1210035
118.8,-1244098
118.81,-1431248
118.82,-1600798
118.83,-1826241
118.84,-1640872
118.85,-1680388
118.86,-2175455
118.87,-2442985
118.88,-2522045
118.89,-2734501
118.9,-2866006
118.91,-2707510
118.92,-2509908
118.93,-2280778
118.94,-2063284
118.95,-1753032
118.96,-1695943
118.97,-1846814
118.98,-1888980
118.99,-2154136
119.0,-2154302
119.01,-2276249
119.02,-2668368
119.03,-2641153
119.04,-2592775
119.05,-2752421
119.06,-2891920
119.07,-2674872
119.08,-2236997
119.09,-2087672
119.1,-2174560
119.11,-2155651
119.12,-2011182
119.13,-1727616
119.14,-1563062
119.15,-1712339
119.16,-1790359
119.17,-1733283
119.18,-1520341
119.19,-1548342
119.2,-1977666
119.21,-2132698
119.22,-1984676
119.23,-1847046
119.24,-1840762
119.25,-1808740
119.26,-1947580
119.27,-2134288
119.28,-1975913
119.29,-1827433
119.3,-1737412
119.31,-1882768
119.32,-1872304
119.33,-1530164
119.34,-1520947
119.35,-1660462
119.36,-1774331
119.37,-1634087
119.38,-1399147
119.39,-1527248
119.4,-1542682
119.41,-1232467
119.42,-1004021
119.43,-1012125
119.44,-973351
119.45,-863602
119.46,-1022343
119.47,-1341622
119.48,-1466071
119.49,-1413570
119.5,-1539820
119.51,-1429047
119.52,-1054028
119.53,-1147117
119.54,-1235818
119.55,-1190827
119.56,-1188753
119.57,-1188092
119.58,-1232904
119.59,-1218375
119.6,-1319258
119.61,-1113935
119.62,-916603
119.63,-1229638
119.64,-1290977
119.65,-1382324
119.66,-1593463
119.67,-1408918
119.68,-1374237
119.69,-1311186
119.7,-1177489
119.71,-1289719
119.72,-1312853
119.73,-1347927
119.74,-1411190
119.75,-1309516
119.76,-1262619
119.77,-1271846
119.78,-1322927
119.79,-1512180
119.8,-1505518
119.81,-1388737
119.82,-1337516
119.83,-1365003
119.84,-1350304
119.85,-1141751
119.86,-1015141
119.87,-1110318
119.88,-1179077
119.89,-935633
119.9,-798402
119.91,-1095786
119.92,-1027221
119.93,-865233
119.94,-1089835
119.95,-1018418
119.96,-1021806
119.97,-1067060
119.98,-1059651
119.99,-925744
120.0,-653037
120.01,-784090
120.02,-792065
120.03,-950354
120.04,-1149208
120.05,-1140066
120.06,-1257670
120.07,-1189679
120.08,-1290342
120.09,-1283988
120.1,-1108627
120.11,-1121941
120.12,-1030011
120.13,-952750
120.14,-897186
120.15,-947646
120.16,-1023838
120.17,-996513
120.18,-1029090
120.19,-872299
120.2,-724618
120.21,-893316
120.22,-989075
120.23,-849522
120.24,-715308
120.25,-822127
120.26,-877560
120.27,-846113
120.28,-982462
120.29,-920339
120.3,-1025372
120.31,-1249732
120.32,-1081972
120.33,-1115357
120.34,-1172127
120.35,-1261378
120.36,-1455443
120.37,-1328555
120.38,-1427067
120.39,-1699404
120.4,-1732884
120.41,-1577640
120.42,-1638668
120.43,-1846248
120.44,-1682738
120.45,-1619084
120.46,-1846421
120.47,-1973303
120.48,-2060553
120.49,-2280773
120.5,-2387407
120.51,-2374639
120.52,-2384461
120.53,-2406904
120.54,-2539184
120.55,-2435934
120.56,-2468407
120.57,-2781822
120.58,-2841116
120.59,-2959067
120.6,-3096962
120.61,-3056143
120.62,-3096953
120.63,-3153135
120.64,-3373451
120.65,-3733904
120.66,-3638842
120.67,-3697186
120.68,-3838407
120.69,-3637532
120.7,-3574627
120.71,-3556967
120.72,-3598879
120.73,-3581337
120.74,-3650437
120.75,-3902406
120.76,-4127648
120.77,-4042509
120.78,-3786296
120.79,-3780075
120.8,-3659585
120.81,-3552393
120.82,-3741687
120.83,-3936872
120.84,-4058816
120.85,-4238200
120.86,-4252037
120.87,-4064222
120.88,-3933101
120.89,-3752343
120.9,-3595266
120.91,-3544826
120.92,-3534576
120.93,-3534419
120.94,-3600029
120.95,-3641423
120.96,-3529628
120.97,-3406360
120.98,-3275920
120.99,-3295164
121.0,-3299674
121.01,-3408726
121.02,-3614015
121.03,-3542822
121.04,-3790650
121.05,-3978461
121.06,-3784319
121.07,-3725048
121.08,-3767170
121.09,-3926622
121.1,-3744457
121.11,-3520119
121.12,-3724186
121.13,-3772801
121.14,-3741757
121.15,-3632755
121.16,-3514940
121.17,-3351308
121.18,-3240058
121.19,-3455454
121.2,-3435403
121.21,-3604595
121.22,-3650040
121.23,-3391067
121.24,-3517576
121.25,-3421972
121.26,-3408392
121.27,-3613276
121.28,-3483576
121.29,-3259224
121.3,-3314901
121.31,-3392031
121.32,-3357335
121.33,-3515046
121.34,-3439187
121.35,-3417690
121.36,-3609218
121.37,-3552319
121.38,-3627852
121.39,-3654677
121.4,-3619481
121.41,-3768531
121.42,-3696502
121.43,-3671555
121.44,-3789765
121.45,-3651888
121.46,-3371315
121.47,-3244613
121.48,-3312149
121.49,-3271329
121.5,-3204626
121.51,-3392322
121.52,-3534578
121.53,-3571511
121.54,-3749304
121.55,-3906521
121.56,-3957649
121.57,-4111052
121.58,-4245956
121.59,-4004270
121.6,-3878573
121.61,-3824258
121.62,-3738130
121.63,-3931810
121.64,-3600792
121.65,-3330607
121.66,-3516644
121.67,-3437032
121.68,-3314275
121.69,-3387410
121.7,-3611475
121.71,-3864132
121.72,-4367908
121.73,-4486231
121.74,-4106411
121.75,-4088255
121.76,-3954456
121.77,-3830637
121.78,-4091706
121.79,-3991109
121.8,-3799248
121.81,-3734640
121.82,-3506496
121.83,-3730227
121.84,-3755216
121.85,-3601828
121.86,-4137578
121.87,-4620825
121.88,-4793211
121.89,-4557539
121.9,-4416914
121.91,-4691594
121.92,-4832171
121.93,-5015541
121.94,-5107233
121.95,-5111285
121.96,-4921840
121.97,-4564223
121.98,-4611678
121.99,-4598974
122.0,-4625866
122.01,-4756786
122.02,-4703832
122.03,-4806319
122.04,-4755770
122.05,-4781958
122.06,-4860904
122.07,-4886917
122.08,-5087516
122.09,-5015971
122.1,-4756977
122.11,-4779255
122.12,-4797026
122.13,-4647192
122.14,-4738793
122.15,-4860077
122.16,-5108212
122.17,-5073714
122.18,-4756919
122.19,-4883344
122.2,-4865942
122.21,-4733161
122.22,-4828830
122.23,-4945818
122.24,-4865673
122.25,-4607778
122.26,-4485946
122.27,-4602283
122.28,-4520306
122.29,-4201961
122.3,-4387033
122.31,-4616191
122.32,-4368025
122.33,-4278053
122.34,-4356650
122.35,-4233669
122.36,-4290366
122.37,-4530649
122.38,-4434616
122.39,-4349461
122.4,-4352358
122.41,-4317447
122.42,-4292971
122.43,-4068202
122.44,-4070242
122.45,-4073907
122.46,-3924163
122.47,-4074313
122.48,-4141671
122.49,-4151073
122.5,-4049190
122.51,-3922275
122.52,-4090289
122.53,-3998817
122.54,-3827588
122.55,-3836720
122.56,-3803271
122.57,-3893668
122.58,-3803418
122.59,-3588668
122.6,-3654036
122.61,-3559336
122.62,-3456765
122.63,-3471541
122.64,-3275140
122.65,-3264614
122.66,-3256891
122.67,-3176984
122.68,-3091962
122.69,-2865896
122.7,-2937325
122.71,-2979420
122.72,-2784550
122.73,-2810068
122.74,-2902387
122.75,-2737034
122.76,-2778075
122.77,-2905973
122.78,-2686100
122.79,-2677648
122.8,-2713585
122.81,-2739056
122.82,-2601614
122.83,-2374958
122.84,-2401373
122.85,-2178068
122.86,-2188367
122.87,-2114039
122.88,-1936041
122.89,-1985820
122.9,-1729728
122.91,-1649293
122.92,-1627438
122.93,-1582999
122.94,-1508811
122.95,-1466529
122.96,-1649427
122.97,-1625387
122.98,-1660741
122.99,-1662693
123.0,-1600598
123.01,-1536532
123.02,-1404927
123.03,-1543466
123.04,-1573462
123.05,-1480427
123.06,-1377862
123.07,-1370823
123.08,-1415622
123.09,-1264298
123.1,-1363930
123.11,-1303620
123.12,-1200566
123.13,-1285599
123.14,-1146738
123.15,-1373046
123.16,-1526797
123.17,-1267703
123.18,-1183141
123.19,-1166327
123.2,-1099603
123.21,-1029001
123.22,-1130659
123.23,-1246703
123.24,-1050031
123.25,-866912
123.26,-828644
123.27,-760012
123.28,-844559
123.29,-846687
123.3,-677746
123.31,-685141
123.32,-613677
123.33,-451217
123.34,-500794
123.35,-643137
123.36,-483827
123.37,-433086
123.38,-652924
123.39,-383827
123.4,-232411
123.41,-538465
123.42,-483316
123.43,-291169
123.44,-410560
123.45,-306382
123.46,-161055
123.47,-289758
123.48,-213263
123.49,-217281
123.5,-71963
123.51,134071
123.52,-82526
123.53,-67394
123.54,-136094
123.55,-208679
123.56,34403
123.57,-88159
123.58,-259470
123.59,-380218
123.6,-664688
123.61,-1048134
123.62,-1126067
123.63,-868897
123.64,-616181
123.65,144684
123.66,371102
123.67,303342
123.68,726481
123.69,-298807
123.7,-1234152
123.71,-839975
123.72,-1180733
123.73,-1145337
123.74,-800226
123.75,-1142353
123.76,-877277
123.77,-868360
123.78,-1037160
123.79,-1137074
123.8,-1564113
123.81,-1121917
123.82,-1139950
123.83,-1512100
123.84,-977219
123.85,-871445
123.86,-1110381
123.87,-873691
123.88,-777982
123.89,-1109981
123.9,-1059104
123.91,-988955
123.92,-1239873
123.93,-1234489
123.94,-1240716
123.95,-1445567
123.96,-1544401
123.97,-1640865
123.98,-1732329
123.99,-1693376
124.0,-1704116
124.01,-1648470
124.02,-1616284
124.03,-1851348
124.04,-2023262
124.05,-2037200
124.06,-2243929
124.07,-2467592
124.08,-2474067
124.09,-2285960
124.1,-2105660
124.11,-2190017
124.12,-2234919
124.13,-2134949
124.14,-2185222
124.15,-2393077
124.16,-2620833
124.17,-2803142
124.18,-2692938
124.19,-2685171
124.2,-3087143
124.21,-2998323
124.22,-2935773
124.23,-3118692
124.24,-2896750
124.25,-2689435
124.26,-2378189
124.27,-2446489
124.28,-2715712
124.29,-2459975
124.3,-2350719
124.31,-2194620
124.32,-1924227
124.33,-2148997
124.34,-2289479
124.35,-2269158
124.36,-2466261
124.37,-2234625
124.38,-1853713
124.39,-1806385
124.4,-1701841
124.41,-1754720
124.42,-1857308
124.43,-1791668
124.44,-1815154
124.45,-1720184
124.46,-1553111
124.47,-1482350
124.48,-1399891
124.49,-1385031
124.5,-1419444
124.51,-1377357
124.52,-1264170
124.53,-1071539
124.54,-1143813
124.55,-1672186
124.56,-2062569
124.57,-2138189
124.58,-1915243
124.59,-1765766
124.6,-1693909
124.61,-1250365
124.62,-1120978
124.63,-1395770
124.64,-1764940
124.65,-1875878
124.66,-1923720
124.67,-2182644
124.68,-2105025
124.69,-2124966
124.7,-2275038
124.71,-2122878
124.72,-1941086
124.73,-1858492
124.74,-1760175
124.75,-1932031
124.76,-2264773
124.77,-2422228
124.78,-2476151
124.79,-2310730
124.8,-2222787
124.81,-2182264
124.82,-1905671
124.83,-2136483
124.84,-2580053
124.85,-2366895
124.86,-2369572
124.87,-2607216
124.88,-2504797
124.89,-2418215
124.9,-2480510
124.91,-2741392
124.92,-2872678
124.93,-2803248
124.94,-2738643
124.95,-2753536
124.96,-2829746
124.97,-2646686
124.98,-2424847
124.99,-2387997
125.0,-2470338
125.01,-2270699
125.02,-2110811
125.03,-2652033
125.04,-2896660
125.05,-2786021
125.06,-2956076
125.07,-3139028
125.08,-2976728
125.09,-2671112
125.1,-2720532
125.11,-2707323
125.12,-2851170
125.13,-3007836
125.14,-2861115
125.15,-2896689
125.16,-2796351
125.17,-2868913
125.18,-2575932
125.19,-2186328
125.2,-2567455
125.21,-2282656
125.22,-2035826
125.23,-2225266
125.24,-2239094
125.25,-2341853
125.26,-2213112
125.27,-2303274
125.28,-2237616
125.29,-1996758
125.3,-2040160
125.31,-2135628
125.32,-2378533
125.33,-2358150
125.34,-1980936
125.35,-1988043
125.36,-2376814
125.37,-2456736
125.38,-2369825
125.39,-2260068
125.4,-2252161
125.41,-2284056
125.42,-2241033
125.43,-2356930
125.44,-2231045
125.45,-2150714
125.46,-2378271
125.47,-2369471
125.48,-2172184
125.49,-2165796
125.5,-2315736
125.51,-2402247
125.52,-2530452
125.53,-2409761
125.54,-2270687
125.55,-2544582
125.56,-2451525
125.57,-2468969
125.58,-2840727
125.59,-2595829
125.6,-2394130
125.61,-2380049
125.62,-2316692
125.63,-2572835
125.64,-2580597
125.65,-2621435
125.66,-2718517
125.67,-2483086
125.68,-2460609
125.69,-2372668
125.7,-2334803
125.71,-2614628
125.72,-2634984
125.73,-2622452
125.74,-2629203
125.75,-2417165
125.76,-2411289
125.77,-2497845
125.78,-2588977
125.79,-2629143
125.8,-2384638
125.81,-2365478
125.82,-2466839
125.83,-2324060
125.84,-2439725
125.85,-2626545
125.86,-2516600
125.87,-2516686
125.88,-2669680
125.89,-2605390
125.9,-2449159
125.91,-2563855
125.92,-2678139
125.93,-2632693
125.94,-2515040
125.95,-2493241
125.96,-2646839
125.97,-2679948
125.98,-2732323
125.99,-2753983
126.0,-2673241
126.01,-2608340
126.02,-2532318
126.03,-2591717
126.04,-2599608
126.05,-2656706
126.06,-2741717
126.07,-2766718
126.08,-2872776
126.09,-2872223
126.1,-2908651
126.11,-2921007
126.12,-2738620
126.13,-2503058
126.14,-2670017
126.15,-2845805
126.16,-2605617
126.17,-2649608
126.18,-2644061
126.19,-2477487
126.2,-2613148
126.21,-2744518
126.22,-2677799
126.23,-2579091
126.24,-2624203
126.25,-2621049
126.26,-2484066
126.27,-2560979
126.28,-2738377
126.29,-2682512
126.3,-2774135
126.31,-2905481
126.32,-2842378
126.33,-2775051
126.34,-2612653
126.35,-2786528
126.36,-2982414
126.37,-2919751
126.38,-2991928
126.39,-2962954
126.4,-2814668
126.41,-2684424
126.42,-2951471
126.43,-3125034
126.44,-2856448
126.45,-2922083
126.46,-2955519
126.47,-2994232
126.48,-3134843
126.49,-2994517
126.5,-3027902
126.51,-2972307
126.52,-2884333
126.53,-2915287
126.54,-2996274
126.55,-3125540
126.56,-2908584
126.57,-2842508
126.58,-2894839
126.59,-2850605
126.6,-2821116
126.61,-2803878
126.62,-2951859
126.63,-2932586
126.64,-2822681
126.65,-2892997
126.66,-2850487
126.67,-2680506
126.68,-2717411
126.69,-2737628
126.7,-2580386
126.71,-2527806
126.72,-2486735
126.73,-2302542
126.74,-2240323
126.75,-2434304
126.76,-2602895
126.77,-2584861
126.78,-2642974
126.79,-2906046
126.8,-2877870
126.81,-2735837
126.82,-2732033
126.83,-2697480
126.84,-2909560
126.85,-2841477
126.86,-2631252
126.87,-2829285
126.88,-2844073
126.89,-2855529
126.9,-2899072
126.91,-2640267
126.92,-2659929
126.93,-2817767
126.94,-2762416
126.95,-2813455
126.96,-2663475
126.97,-2449633
126.98,-2582340
126.99,-2702916
127.0,-2820244
127.01,-2735112
127.02,-2495018
127.03,-2448673
127.04,-2338600
127.05,-2324393
127.06,-2430578
127.07,-2506728
127.08,-2320010
127.09,-2221957
127.1,-2587251
127.11,-2748406
127.12,-2895285
127.13,-2986963
127.14,-2822296
127.15,-2652511
127.16,-2437415
127.17,-2393581
127.18,-2414441
127.19,-2370465
127.2,-2407628
127.21,-2567624
127.22,-2603959
127.23,-2535747
127.24,-2421991
127.25,-2182021
127.26,-2173588
127.27,-2361005
127.28,-2431787
127.29,-2318000
127.3,-2264670
127.31,-2375246
127.32,-2415010
127.33,-2361023
127.34,-2383925
127.35,-2533927
127.36,-2492796
127.37,-2270834
127.38,-2308339
127.39,-2551206
127.4,-2497038
127.41,-2233851
127.42,-2299570
127.43,-2404456
127.44,-2342051
127.45,-2432135
127.46,-2505895
127.47,-2469523
127.48,-2380615
127.49,-2450099
127.5,-2637503
127.51,-2502136
127.52,-2517733
127.53,-2591843
127.54,-2406735
127.55,-2568098
127.56,-2686940
127.57,-2673849
127.58,-2602132
127.59,-2400518
127.6,-2603297
127.61,-2617766
127.62,-2515865
127.63,-2717255
127.64,-2635856
127.65,-2499248
127.66,-2602798
127.67,-2780155
127.68,-2829343
127.69,-2714524
127.7,-2524798
127.71,-2572868
127.72,-2785251
127.73,-2825154
127.74,-2955910
127.75,-2827371
127.76,-2717524
127.77,-2830608
127.78,-2757940
127.79,-2871567
127.8,-2919707
127.81,-2853812
127.82,-3001077
127.83,-3204214
127.84,-3271587
127.85,-3199335
127.86,-3016149
127.87,-2982729
127.88,-3144472
127.89,-3057500
127.9,-3087448
127.91,-3089151
127.92,-2850959
127.93,-2987197
127.94,-3004073
127.95,-2921656
127.96,-2961911
127.97,-2892560
127.98,-2905458
127.99,-2922845
128.0,-3002834
128.01,-2907405
128.02,-2916121
128.03,-2959223
128.04,-2849289
128.05,-3002150
128.06,-3024928
128.07,-3022205
128.08,-2885346
128.09,-2798559
128.1,-2994614
128.11,-2995984
128.12,-2936527
128.13,-2965795
128.14,-3178934
128.15,-3155616
128.16,-2982067
128.17,-3030861
128.18,-3141902
128.19,-3125636
128.2,-2845072
128.21,-2871041
128.22,-2744128
128.23,-2467822
128.24,-2689913
128.25,-2706274
128.26,-2540780
128.27,-2406146
128.28,-2374878
128.29,-2536555
128.3,-2484366
128.31,-2355258
128.32,-2561933
128.33,-2699969
128.34,-2645040
128.35,-2873385
128.36,-2903904
128.37,-2751928
128.38,-2829443
128.39,-2912074
128.4,-2905202
128.41,-2844133
128.42,-2935372
128.43,-2855853
128.44,-2653322
128.45,-2720899
128.46,-2788221
128.47,-2739894
128.48,-2664167
128.49,-2665042
128.5,-2609563
128.51,-2501741
128.52,-2563581
128.53,-2658800
128.54,-2691238
128.55,-2777918
128.56,-2747085
128.57,-2646506
128.58,-2600755
128.59,-2431478
128.6,-2449435
128.61,-2519649
128.62,-2420526
128.63,-2398746
128.64,-2387722
128.65,-2363246
128.66,-2293824
128.67,-2150734
128.68,-2068340
128.69,-2220109
128.7,-2193813
128.71,-2155064
128.72,-2350570
128.73,-2135736
128.74,-1945977
128.75,-2027131
128.76,-2032764
128.77,-1976400
128.78,-2016785
128.79,-2120297
128.8,-2088619
128.81,-2132513
128.82,-2082751
128.83,-1952770
128.84,-1989996
128.85,-2018637
128.86,-1900979
128.87,-1800244
128.88,-1855638
128.89,-1846064
128.9,-1967833
128.91,-1909265
128.92,-1641508
128.93,-1773082
128.94,-1829475
128.95,-1888043
128.96,-1929862
128.97,-1806575
128.98,-1837054
128.99,-1843727
129.0,-1710402
129.01,-1398243
129.02,-1350688
129.03,-1611669
129.04,-1621257
129.05,-1423489
129.06,-1315968
129.07,-1230078
129.08,-1125482
129.09,-1064682
129.1,-992249
129.11,-904961
129.12,-915343
129.13,-1129382
129.14,-1100326
129.15,-942895
129.16,-1029359
129.17,-1081986
129.18,-1058766
129.19,-965894
129.2,-941625
129.21,-903708
129.22,-774880
129.23,-749674
129.24,-731424
129.25,-689168
129.26,-678639
129.27,-715544
129.28,-632746
129.29,-387385
129.3,-229537
129.31,-288211
129.32,-372047
129.33,-317360
129.34,-342722
129.35,-392212
129.36,-304516
129.37,-155990
129.38,-89710
129.39,-94201
129.4,-75768
129.41,-230676
129.42,-147295
129.43,48793
129.44,-23791
129.45,16846
129.46,-59178
129.47,-7226
129.48,87311
129.49,48322
129.5,214862
129.51,231773
129.52,219904
129.53,249575
129.54,179236
129.55,141750
129.56,200399
129.57,249722
129.58,285994
129.59,358166
129.6,334968
129.61,309315
129.62,120654
129.63,124285
129.64,445341
129.65,129115
129.66,67209
129.67,551300
129.68,201796
129.69,131095
129.7,357495
129.71,56547
129.72,134538
129.73,73525
129.74,10529
129.75,79277
129.76,-176196
129.77,-86223
129.78,-133414
129.79,-375945
129.8,-250413
129.81,-235485
129.82,-267563
129.83,-327803
129.84,-437383
129.85,-418250
129.86,-531643
129.87,-520253
129.88,-581207
129.89,-614490
129.9,-444810
129.91,-532890
129.92,-628038
129.93,-738493
129.94,-796543
129.95,-746793
129.96,-758897
129.97,-805078
129.98,-870557
129.99,-783700
130.0,-804347
130.01,-924640
130.02,-757052
130.03,-805352
130.04,-1032110
130.05,-967358
130.06,-1034806
130.07,-1084183
130.08,-1045955
130.09,-1101782
130.1,-1113211
130.11,-1317786
130.12,-1329362
130.13,-1212579
130.14,-1208145
130.15,-1128326
130.16,-1335302
130.17,-1340280
130.18,-1209831
130.19,-1337434
130.2,-1243041
130.21,-1293475
130.22,-1520732
130.23,-1427878
130.24,-1348839
130.25,-1460200
130.26,-1595923
130.27,-1729400
130.28,-1630384
130.29,-1624225
130.3,-1726880
130.31,-1666199
130.32,-1839823
130.33,-1924796
130.34,-1835083
130.35,-1826363
130.36,-1873621
130.37,-1870137
130.38,-1774846
130.39,-1803091
130.4,-1808031
130.41,-1890253
130.42,-1975488
130.43,-1948299
130.44,-1901651
130.45,-1920852
130.46,-2057562
130.47,-2028610
130.48,-2000361
130.49,-2017969
130.5,-2034036
130.51,-2096484
130.52,-2103737
130.53,-2184049
130.54,-2156229
130.55,-2045046
130.56,-2038825
130.57,-2043217
130.58,-2124893
130.59,-2218441
130.6,-2397330
130.61,-2404555
130.62,-2127007
130.63,-2156126
130.64,-2283530
130.65,-2310576
130.66,-2351428
130.67,-2428789
130.68,-2673637
130.69,-2652882
130.7,-2400455
130.71,-2360638
130.72,-2449356
130.73,-2519073
130.74,-2523143
130.75,-2549385
130.76,-2661439
130.77,-2784626
130.78,-2783111
130.79,-2769030
130.8,-2852903
130.81,-2916709
130.82,-2919626
130.83,-2907112
130.84,-3050683
130.85,-3082940
130.86,-2983344
130.87,-3199240
130.88,-3303819
130.89,-3304927
130.9,-3236950
130.91,-3089834
130.92,-3303951
130.93,-3223437
130.94,-3222093
130.95,-3504795
130.96,-3521929
130.97,-3666308
130.98,-3653291
130.99,-3646493
131.0,-3786827
131.01,-3702811
131.02,-3736829
131.03,-3785536
131.04,-3733115
131.05,-3871123
131.06,-3803883
131.07,-3736760
131.08,-3998866
131.09,-3923422
131.1,-3895852
131.11,-3981913
131.12,-3932603
131.13,-4167243
131.14,-4194292
131.15,-4146458
131.16,-4211875
131.17,-4034400
131.18,-4016876
131.19,-4168192
131.2,-4053968
131.21,-3916193
131.22,-4104333
131.23,-4175329
131.24,-4025485
131.25,-4078057
131.26,-4150432
131.27,-4104268
131.28,-4109215
131.29,-4118671
131.3,-3960229
131.31,-3938758
131.32,-4123382
131.33,-3931637
131.34,-3722110
131.35,-3848077
131.36,-3855749
131.37,-3759398
131.38,-3964442
131.39,-4075547
131.4,-3879454
131.41,-3852825
131.42,-3872044
131.43,-3932698
131.44,-3898059
131.45,-3862842
131.46,-3924459
131.47,-3805784
131.48,-3759678
131.49,-3739257
131.5,-3759229
131.51,-3740997
131.52,-3548391
131.53,-3668958
131.54,-3996277
131.55,-4065337
131.56,-4044003
131.57,-4044780
131.58,-3994666
131.59,-3855666
131.6,-3860559
131.61,-3987470
131.62,-4023354
131.63,-4084683
131.64,-4069065
131.65,-4107737
131.66,-4072860
131.67,-4087660
131.68,-4228756
131.69,-4151565
131.7,-4181669
131.71,-4106436
131.72,-4026380
131.73,-4202249
131.74,-4134427
131.75,-4097866
131.76,-4088668
131.77,-4005537
131.78,-4095891
131.79,-3927942
131.8,-3805208
131.81,-3962326
131.82,-3958575
131.83,-3894718
131.84,-3930532
131.85,-4010371
131.86,-3989515
131.87,-3944061
131.88,-3934475
131.89,-3961294
131.9,-4018614
131.91,-3962671
131.92,-3969298
131.93,-3920647
131.94,-3862806
131.95,-3942378
131.96,-3892645
131.97,-3900159
131.98,-3749715
131.99,-3519494
132.0,-3571597
132.01,-3620578
132.02,-3522085
132.03,-3409151
132.04,-3472421
132.05,-3430154
132.06,-3337327
132.07,-3434715
132.08,-3512409
132.09,-3524725
132.1,-3474080
132.11,-3483115
132.12,-3458468
132.13,-3294890
132.14,-3203618
132.15,-3199384
132.16,-3252229
132.17,-3245511
132.18,-3230872
132.19,-3211741
132.2,-3207162
132.21,-3265829
132.22,-3146608
132.23,-3120719
132.24,-3258089
132.25,-3166105
132.26,-3054909
132.27,-3323427
132.28,-3423125
132.29,-3270610
132.3,-3343576
132.31,-3245557
132.32,-3189001
132.33,-3298036
132.34,-3299734
132.35,-3387865
132.36,-3397508
132.37,-3320444
132.38,-3285580
132.39,-3220667
132.4,-3365616
132.41,-3536058
132.42,-3357824
132.43,-3298641
132.44,-3203296
132.45,-2954843
132.46,-3077874
132.47,-3177292
132.48,-3055240
132.49,-3023356
132.5,-3013183
132.51,-2881495
132.52,-2700696
132.53,-2694993
132.54,-2778170
132.55,-2684634
132.56,-2602404
132.57,-2684173
132.58,-2645401
132.59,-2617556
132.6,-2736539
132.61,-2727831
132.62,-2772477
132.63,-2753972
132.64,-2640675
132.65,-2661931
132.66,-2622244
132.67,-2627356
132.68,-2655729
132.69,-2709953
132.7,-2737776
132.71,-2694834
132.72,-2752848
132.73,-2689385
132.74,-2623278
132.75,-2682147
132.76,-2748420
132.77,-2767699
132.78,-2728035
132.79,-2814166
132.8,-2851535
132.81,-2826444
132.82,-2827406
132.83,-2863890
132.84,-2994691
132.85,-2898632
132.86,-2827705
132.87,-2853161
132.88,-2727359
132.89,-2719319
132.9,-2666736
132.91,-2571864
132.92,-2516301
132.93,-2422581
132.94,-2438828
132.95,-2331622
132.96,-2186468
132.97,-2278786
132.98,-2471040
132.99,-2652374
133.0,-2694709
133.01,-2697812
133.02,-2639592
133.03,-2605944
133.04,-2745238
133.05,-2702154
133.06,-2663327
133.07,-2801325
133.08,-2909464
133.09,-2791038
133.1,-2538377
133.11,-2598667
133.12,-2436741
133.13,-1936117
133.14,-1836863
133.15,-2096423
133.16,-2468618
133.17,-2512169
133.18,-2519257
133.19,-2548389
133.2,-2246698
133.21,-2474223
133.22,-2461003
133.23,-2132297
133.24,-2524071
133.25,-2733399
133.26,-2944889
133.27,-2939885
133.28,-2310609
133.29,-2234787
133.3,-2460600
133.31,-2531321
133.32,-2604358
133.33,-2874449
133.34,-3056325
133.35,-2685671
133.36,-2451289
133.37,-2399599
133.38,-2403619
133.39,-2341888
133.4,-2133024
133.41,-2269005
133.42,-2259864
133.43,-2236469
133.44,-2363062
133.45,-2151685
133.46,-1930025
133.47,-2092813
133.48,-2475007
133.49,-2331850
133.5,-2139225
133.51,-2327233
133.52,-2331824
133.53,-2225664
133.54,-2279998
133.55,-2306230
133.56,-2189980
133.57,-2307002
133.58,-2159208
133.59,-1933079
133.6,-1929508
133.61,-1763477
133.62,-2041183
133.63,-2323263
133.64,-2403962
133.65,-2533077
133.66,-2281077
133.67,-2240600
133.68,-2245445
133.69,-2081607
133.7,-2215244
133.71,-2182400
133.72,-2040822
133.73,-2004541
133.74,-2000567
133.75,-2064817
133.76,-2038932
133.77,-2062274
133.78,-1994658
133.79,-1987374
133.8,-2045114
133.81,-1767937
133.82,-1736443
133.83,-1865095
133.84,-2038488
133.85,-2190760
133.86,-1959790
133.87,-1944082
133.88,-1957287
133.89,-1950998
133.9,-2137784
133.91,-2065003
133.92,-2044602
133.93,-2226635
133.94,-2331149
133.95,-2165338
133.96,-2020339
133.97,-2161171
133.98,-2082839
133.99,-1975246
134.0,-1953498
134.01,-1766522
134.02,-1535552
134.03,-1471392
134.04,-1773805
134.05,-1909766
134.06,-1754442
134.07,-1793363
134.08,-1889459
134.09,-1771549
134.1,-1798466
134.11,-2067983
134.12,-2012170
134.13,-1934434
134.14,-2130920
134.15,-2238028
134.16,-2160712
134.17,-2044221
134.18,-2026778
134.19,-1867574
134.2,-1748052
134.21,-1839161
134.22,-1695745
134.23,-1663143
134.24,-1918769
134.25,-1956894
134.26,-1886611
134.27,-1814515
134.28,-1740867
134.29,-1779931
134.3,-1721822
134.31,-1631838
134.32,-1712834
134.33,-1797881
134.34,-1775829
134.35,-1683551
134.36,-1669215
134.37,-1628841
134.38,-1461964
134.39,-1369313
134.4,-1538222
134.41,-1721962
134.42,-1569204
134.43,-1440070
134.44,-1354756
134.45,-1280035
134.46,-1272191
134.47,-1192527
134.48,-990941
134.49,-763476
134.5,-957125
134.51,-1109508
134.52,-1114916
134.53,-1086008
134.54,-969687
134.55,-1236948
134.56,-1352846
134.57,-1236493
134.58,-1201582
134.59,-1238274
134.6,-1354357
134.61,-1338360
134.62,-1175044
134.63,-948182
134.64,-1054491
134.65,-1162346
134.66,-1138991
134.67,-1332301
134.68,-1411337
134.69,-1294823
134.7,-1172184
134.71,-1140022
134.72,-1103713
134.73,-1278498
134.74,-1359880
134.75,-1418495
134.76,-1630989
134.77,-1537165
134.78,-1472919
134.79,-1250454
134.8,-1228395
134.81,-1359520
134.82,-1436879
134.83,-1713252
134.84,-1439273
134.85,-1378930
134.86,-1439872
134.87,-1167315
134.88,-1182024
134.89,-1141848
134.9,-1183134
134.91,-1147490
134.92,-1165754
134.93,-1355152
134.94,-1275878
134.95,-1266865
134.96,-1277732
134.97,-1220673
134.98,-1209119
134.99,-1322331
135.0,-1256649
135.01,-952641
135.02,-1160770
135.03,-1457718
135.04,-1531292
135.05,-1531131
135.06,-1283297
135.07,-1179545
135.08,-1303880
135.09,-1335876
135.1,-1168038
135.11,-1362928
135.12,-1331648
135.13,-1008989
135.14,-1154800
135.15,-941812
135.16,-1156599
135.17,-1360053
135.18,-853567
135.19,-1115458
135.2,-1109886
135.21,-652898
135.22,-957339
135.23,-1389729
135.24,-1275454
135.25,-968932
135.26,-969918
135.27,-1026628
135.28,-868191
135.29,-644331
135.3,-536227
135.31,-563817
135.32,-595838
135.33,-465858
135.34,-698425
135.35,-941858
135.36,-822379
135.37,-1162204
135.38,-1049919
135.39,-610720
135.4,-562155
135.41,-407636
135.42,-631620
135.43,-919970
135.44,-1153173
135.45,-1218937
135.46,-858523
135.47,-741966
135.48,-713654
135.49,-877280
135.5,-1121904
135.51,-1086889
135.52,-1040013
135.53,-1137750
135.54,-1192950
135.55,-902862
135.56,-822741
135.57,-903586
135.58,-887910
135.59,-987231
135.6,-1046710
135.61,-1100464
135.62,-1048965
135.63,-1189152
135.64,-1288172
135.65,-1359087
135.66,-1616584
135.67,-1410822
135.68,-1330944
135.69,-1292567
135.7,-1038123
135.71,-1102734
135.72,-1247438
135.73,-1489013
135.74,-1501846
135.75,-1224019
135.76,-1199707
135.77,-1172658
135.78,-1081050
135.79,-1179553
135.8,-1382090
135.81,-1713278
135.82,-1767461
135.83,-1490118
135.84,-1531370
135.85,-1776499
135.86,-1788189
135.87,-1665084
135.88,-1784270
135.89,-1902516
135.9,-1900889
135.91,-1806160
135.92,-1599498
135.93,-1707607
135.94,-1780540
135.95,-1792463
135.96,-1853349
135.97,-1618833
135.98,-1561131
135.99,-1631837
136.0,-1678788
136.01,-1759485
136.02,-1712532
136.03,-1858682
136.04,-1741526
136.05,-1587029
136.06,-1867512
136.07,-1998763
136.08,-2204501
136.09,-2097624
136.1,-1826402
136.11,-1854194
136.12,-1664228
136.13,-1717456
136.14,-1798131
136.15,-1738179
136.16,-1882044
136.17,-1893393
136.18,-2043082
136.19,-2128943
136.2,-2165622
136.21,-2396442
136.22,-2350720
136.23,-2436645
136.24,-2572683
136.25,-2524449
136.26,-2524665
136.27,-2540385
136.28,-2625861
136.29,-2619983
136.3,-2629084
136.31,-2537655
136.32,-2454921
136.33,-2539347
136.34,-2378674
136.35,-2414246
136.36,-2621667
136.37,-2414983
136.38,-2239567
136.39,-2280457
136.4,-2282317
136.41,-2272764
136.42,-2300632
136.43,-2260901
136.44,-2286112
136.45,-2337998
136.46,-2346146
136.47,-2451482
136.48,-2403909
136.49,-2380680
136.5,-2154328
136.51,-1809005
136.52,-1911315
136.53,-1913163
136.54,-2068652
136.55,-2271887
136.56,-2027944
136.57,-1995733
136.58,-1954161
136.59,-1747576
136.6,-1704491
136.61,-1750278
136.62,-1844869
136.63,-2040721
136.64,-2071792
136.65,-1967357
136.66,-1972247
136.67,-1922577
136.68,-2005827
136.69,-1966340
136.7,-2054249
136.71,-2159466
136.72,-2153081
136.73,-2609609
136.74,-2594858
136.75,-2321273
136.76,-2220876
136.77,-2117304
136.78,-2300129
136.79,-2407370
136.8,-2505350
136.81,-2494868
136.82,-2291046
136.83,-2183944
136.84,-2117687
136.85,-1976949
136.86,-1859826
136.87,-2065956
136.88,-2256404
136.89,-2183211
136.9,-2252619
136.91,-2392346
136.92,-2453160
136.93,-2556911
136.94,-2686755
136.95,-2677485
136.96,-2711343
136.97,-2846259
136.98,-2745626
136.99,-2702192
137.0,-2566242
137.01,-2519861
137.02,-2731616
137.03,-2525615
137.04,-2477587
137.05,-2438178
137.06,-2151103
137.07,-2406238
137.08,-2450507
137.09,-2161185
137.1,-2281314
137.11,-2366162
137.12,-2406507
137.13,-2513594
137.14,-2538637
137.15,-2665836
137.16,-2637921
137.17,-2442488
137.18,-2516798
137.19,-2501472
137.2,-2356838
137.21,-2382311
137.22,-2254224
137.23,-2279783
137.24,-2389005
137.25,-2332030
137.26,-2362097
137.27,-2336008
137.28,-2560673
137.29,-2732021
137.3,-2589871
137.31,-2534817
137.32,-2283746
137.33,-2333161
137.34,-2698492
137.35,-2489134
137.36,-2143590
137.37,-2344356
137.38,-2544980
137.39,-2362543
137.4,-2274481
137.41,-2293490
137.42,-2434493
137.43,-2423720
137.44,-2189106
137.45,-2167625
137.46,-2149787
137.47,-1988094
137.48,-1858833
137.49,-2157606
137.5,-2199977
137.51,-1794992
137.52,-1942575
137.53,-2167498
137.54,-2246175
137.55,-2327896
137.56,-2219867
137.57,-2239532
137.58,-2256284
137.59,-2266866
137.6,-2291971
137.61,-2174622
137.62,-2208578
137.63,-2143301
137.64,-2120800
137.65,-2348799
137.66,-2189691
137.67,-2349273
137.68,-2631837
137.69,-2241797
137.7,-2232044
137.71,-2331490
137.72,-2409500
137.73,-2289255
137.74,-1948468
137.75,-2303602
137.76,-2272851
137.77,-2098599
137.78,-2298980
137.79,-2161132
137.8,-2234760
137.81,-2317326
137.82,-2223260
137.83,-2436194
137.84,-2336959
137.85,-2090954
137.86,-2094615
137.87,-2202832
137.88,-2209255
137.89,-2005378
137.9,-1992596
137.91,-1841160
137.92,-1805646
137.93,-1771578
137.94,-1617669
137.95,-1753362
137.96,-1775834
137.97,-1779407
137.98,-1836220
137.99,-1861278
138.0,-1781254
138.01,-1856735
138.02,-2048369
138.03,-1991873
138.04,-1973519
138.05,-2026428
138.06,-1928397
138.07,-1798030
138.08,-1822878
138.09,-1938473
138.1,-1929824
138.11,-1823671
138.12,-1835746
138.13,-1873298
138.14,-1959005
138.15,-2030900
138.16,-2105678
138.17,-2247762
138.18,-2246107
138.19,-2297923
138.2,-2277033
138.21,-2217358
138.22,-2218971
138.23,-2219266
138.24,-2527326
138.25,-2519410
138.26,-2212872
138.27,-2259247
138.28,-2427870
138.29,-2514085
138.3,-2629775
138.31,-2895610
138.32,-2798414
138.33,-2450033
138.34,-2540998
138.35,-2795197
138.36,-2786778
138.37,-2603958
138.38,-2585977
138.39,-2551258
138.4,-2479816
138.41,-2750235
138.42,-2919428
138.43,-2782358
138.44,-2478226
138.45,-2088711
138.46,-1853264
138.47,-1687253
138.48,-1669635
138.49,-1919721
138.5,-2312807
138.51,-2471670
138.52,-2265953
138.53,-2374019
138.54,-2685379
138.55,-2670304
138.56,-2842062
138.57,-3028745
138.58,-2669788
138.59,-2564358
138.6,-2652021
138.61,-2714152
138.62,-2629595
138.63,-2199954
138.64,-2501763
138.65,-2750753
138.66,-2885051
138.67,-2942199
138.68,-2297968
138.69,-2258471
138.7,-2554945
138.71,-2559913
138.72,-2323592
138.73,-2333971
138.74,-2587036
138.75,-2632366
138.76,-2873730
138.77,-2856365
138.78,-2712469
138.79,-2674335
138.8,-2460997
138.81,-2677945
138.82,-2579710
138.83,-2381588
138.84,-2848133
138.85,-2868883
138.86,-2993108
138.87,-3152292
138.88,-2893127
138.89,-2814243
138.9,-2609507
138.91,-2587324
138.92,-2968172
138.93,-2872510
138.94,-2618721
138.95,-2595317
138.96,-2572871
138.97,-2852034
138.98,-2707293
138.99,-2370060
139.0,-2423683
139.01,-2670183
139.02,-3092100
139.03,-3011223
139.04,-2830192
139.05,-2738973
139.06,-2629949
139.07,-2870978
139.08,-2745999
139.09,-2936029
139.1,-3294352
139.11,-3158119
139.12,-3253919
139.13,-3113647
139.14,-2938158
139.15,-2926933
139.16,-3076126
139.17,-3039380
139.18,-2803067
139.19,-3131357
139.2,-3093210
139.21,-2799220
139.22,-3215408
139.23,-3313981
139.24,-2882660
139.25,-3132851
139.26,-3361048
139.27,-3331692
139.28,-3284094
139.29,-3244744
139.3,-3632295
139.31,-3547255
139.32,-3353183
139.33,-3362561
139.34,-3444804
139.35,-3501996
139.36,-3610032
139.37,-3869274
139.38,-3670743
139.39,-3664755
139.4,-3639505
139.41,-3831999
139.42,-4300965
139.43,-4208289
139.44,-4296079
139.45,-4510077
139.46,-4516863
139.47,-4882921
139.48,-5232932
139.49,-5263733
139.5,-5175602
139.51,-4962781
139.52,-5577283
139.53,-6070892
139.54,-5017684
139.55,-4533305
139.56,-5206952
139.57,-4863539
139.58,-3592195
139.59,-2742187
139.6,-2259437
139.61,-2200432
139.62,-2606371
139.63,-2035275
139.64,-784046
139.65,-1654013
139.66,-2923582
139.67,-2144628
139.68,-1732671
139.69,-1300487
139.7,-1394749
139.71,-3129126
139.72,-3204563
139.73,-2300311
139.74,-2794400
139.75,-3159234
139.76,-2460942
139.77,-3127953
139.78,-2663969
139.79,-1080669
139.8,-2513827
139.81,-2317020
139.82,-1601714
139.83,-1783973
139.84,-783924
139.85,-1378456
139.86,-1645498
139.87,-1501847
139.88,-1588252
139.89,-1184787
139.9,-1480614
139.91,-1854687
139.92,-1813741
139.93,-1506394
139.94,-1709133
139.95,-1982098
139.96,-1490194
139.97,-1644035
139.98,-1756464
139.99,-1057467
140.0,-1058080
140.01,-904337
140.02,-585351
140.03,-521834
140.04,-774980
140.05,-982044
140.06,-849628
140.07,-1517226
140.08,-1448504
140.09,-1144776
140.1,-1371515
140.11,-1572737
140.12,-2069237
140.13,-2066981
140.14,-2135766
140.15,-2356374
140.16,-2150332
140.17,-2099489
140.18,-2339068
140.19,-2385116
140.2,-2355914
140.21,-2247694
140.22,-2113086
140.23,-1795778
140.24,-1652093
140.25,-1564408
140.26,-756669
140.27,-479753
140.28,-129851
140.29,318280
140.3,180041
140.31,337382
140.32,268148
140.33,221733
140.34,334517
140.35,161619
140.36,578358
140.37,1200227
140.38,767304
140.39,204080
140.4,171374
140.41,366587
140.42,782442
140.43,874129
140.44,850158
140.45,1091617
140.46,881148
140.47,345868
140.48,202971
140.49,-198969
140.5,-565657
140.51,-162097
140.52,-532930
140.53,-1623487
140.54,-1924576
140.55,-2171176
140.56,-2592272
140.57,-2568744
140.58,-2381561
140.59,-2272520
140.6,-2279573
140.61,-2141638
140.62,-1830337
140.63,-1751507
140.64,-1680035
140.65,-1132864
140.66,-881364
140.67,-509666
140.68,-117051
140.69,-440382
140.7,-168501
140.71,-152380
140.72,-252664
140.73,-224880
140.74,-499361
140.75,-94572
140.76,-11891
140.77,-183285
140.78,-38923
140.79,62016
140.8,158686
140.81,14479
140.82,-176958
140.83,65423
140.84,-152416
140.85,-614820
140.86,-538392
140.87,-506226
140.88,-385994
140.89,-617135
140.9,-704365
140.91,-315777
140.92,-265883
140.93,-280065
140.94,-514951
140.95,-780731
140.96,-940311
140.97,-1490981
140.98,-1718632
140.99,-1502232
141.0,-1666471
141.01,-1999139
141.02,-2230782
141.03,-2235782
141.04,-2186986
141.05,-2305119
141.06,-2105247
141.07,-1936690
141.08,-1935263
141.09,-2014714
141.1,-2242048
141.11,-2250257
141.12,-2726845
141.13,-2916628
141.14,-2479811
141.15,-2548547
141.16,-2565195
141.17,-2349415
141.18,-2104240
141.19,-2070970
141.2,-2068738
141.21,-1962291
141.22,-2109190
141.23,-2255738
141.24,-2356105
141.25,-2124709
141.26,-1942159
141.27,-2039383
141.28,-1980074
141.29,-2170023
141.3,-2202220
141.31,-1935246
141.32,-2086364
141.33,-2119567
141.34,-2043774
141.35,-2246784
141.36,-2142348
141.37,-1919466
141.38,-1693637
141.39,-1676593
141.4,-1911217
141.41,-1957495
141.42,-2243413
141.43,-2430621
141.44,-2475563
141.45,-2486248
141.46,-2484871
141.47,-3032162
141.48,-3382849
141.49,-3571184
141.5,-3693942
141.51,-3447312
141.52,-3258329
141.53,-2993002
141.54,-3086786
141.55,-3090120
141.56,-2780847
141.57,-2799996
141.58,-2595646
141.59,-2532992
141.6,-2560150
141.61,-2430130
141.62,-2476202
141.63,-2461350
141.64,-2618190
141.65,-2642725
141.66,-2668349
141.67,-2939281
141.68,-3079147
141.69,-3358725
141.7,-3496421
141.71,-3538527
141.72,-3611177
141.73,-3616244
141.74,-3618536
141.75,-3573012
141.76,-3461709
141.77,-3020706
141.78,-3136484
141.79,-3245462
141.8,-2960545
141.81,-3057930
141.82,-2701953
141.83,-2471347
141.84,-2516358
141.85,-2702738
141.86,-3053003
141.87,-3052490
141.88,-3117385
141.89,-3202504
141.9,-3369388
141.91,-3419381
141.92,-3443953
141.93,-3333246
141.94,-3033614
141.95,-3070940
141.96,-2981740
141.97,-2818230
141.98,-2688770
141.99,-2665299
142.0,-2761730
142.01,-2627747
142.02,-2544036
142.03,-2604897
142.04,-2544526
142.05,-2408296
142.06,-2465714
142.07,-2398273
142.08,-2236541
142.09,-2539002
142.1,-2777257
142.11,-2792683
142.12,-2928846
142.13,-2895040
142.14,-2652819
142.15,-2746691
142.16,-3029138
142.17,-2915719
142.18,-2766487
142.19,-2690653
142.2,-2635017
142.21,-2766716
142.22,-2896878
142.23,-2742198
142.24,-2702627
142.25,-2754605
142.26,-2606096
142.27,-2511200
142.28,-1988521
142.29,-1800275
142.3,-2214168
142.31,-2127488
142.32,-1952014
142.33,-2015493
142.34,-1958907
142.35,-1636066
142.36,-1572424
142.37,-1830539
142.38,-1642303
142.39,-1611179
142.4,-1872259
142.41,-1795077
142.42,-1746599
142.43,-1645183
142.44,-1479253
142.45,-1286211
142.46,-1296047
142.47,-1662464
142.48,-1697783
142.49,-1694710
142.5,-1419517
142.51,-1240947
142.52,-1850426
142.53,-1891942
142.54,-1564079
142.55,-1527408
142.56,-1943883
142.57,-2307567
142.58,-2004832
142.59,-1778993
142.6,-1594547
142.61,-1471920
142.62,-1475350
142.63,-1604185
142.64,-1601119
142.65,-1347568
142.66,-1216905
142.67,-1055560
142.68,-1111239
142.69,-1198479
142.7,-1079684
142.71,-1057634
142.72,-1136989
142.73,-1375244
142.74,-1424705
142.75,-1277977
142.76,-1378269
142.77,-1365052
142.78,-1140280
142.79,-995297
142.8,-1013085
142.81,-1143517
142.82,-864241
142.83,-583580
142.84,-835142
142.85,-641637
142.86,-462338
142.87,-758465
142.88,-622787
142.89,-590880
142.9,-901918
142.91,-1004728
142.92,-649634
142.93,-268979
142.94,-460413
142.95,-651428
142.96,-793441
142.97,-938216
142.98,-790007
142.99,-847964
143.0,-920122
143.01,-790790
143.02,-848989
143.03,-974194
143.04,-921852
143.05,-816335
143.06,-791258
143.07,-721246
143.08,-722864
143.09,-749680
143.1,-698090
143.11,-573376
143.12,-512721
143.13,-831309
143.14,-942077
143.15,-572945
143.16,-546184
143.17,-955577
143.18,-987531
143.19,-519646
143.2,-534683
143.21,-535898
143.22,-169724
143.23,-453942
143.24,-385042
143.25,-232237
143.26,-448233
143.27,-118515
143.28,146742
143.29,189990
143.3,-111125
143.31,-125448
143.32,199774
143.33,108790
143.34,195644
143.35,-93595
143.36,-366804
143.37,48747
143.38,216408
143.39,253172
143.4,-14168
143.41,-120859
143.42,88420
143.43,-129128
143.44,283258
143.45,462571
143.46,140751
143.47,344471
143.48,167187
143.49,-17190
143.5,601
143.51,-98833
143.52,-215497
143.53,-197585
143.54,402
143.55,103245
143.56,90251
143.57,-219602
143.58,-290609
143.59,-151878
143.6,-232177
143.61,-139029
143.62,26485
143.63,-163725
143.64,-240773
143.65,20591
143.66,-142427
143.67,-475036
143.68,-283723
143.69,154071
143.7,-206542
143.71,-487280
143.72,-219445
143.73,-367811
143.74,-166481
143.75,-146646
143.76,-200618
143.77,-146002
143.78,-667478
143.79,-684907
143.8,-598998
143.81,-741699
143.82,-665234
143.83,-847659
143.84,-1023386
143.85,-1039996
143.86,-1202980
143.87,-1118407
143.88,-1035205
143.89,-1195063
143.9,-1312409
143.91,-1490414
143.92,-1371649
143.93,-1451251
143.94,-1691085
143.95,-1468064
143.96,-1311232
143.97,-1336514
143.98,-1548122
143.99,-1602387
144.0,-1546366
144.01,-1626088
144.02,-1610253
144.03,-1779682
144.04,-2022722
144.05,-2185871
144.06,-2139628
144.07,-2114182
144.08,-2155144
144.09,-1949180
144.1,-2152357
144.11,-2344261
144.12,-2311426
144.13,-2409053
144.14,-2288900
144.15,-2279246
144.16,-2380284
144.17,-2343011
144.18,-2144157
144.19,-2264387
144.2,-2447488
144.21,-2224796
144.22,-2531190
144.23,-2729662
144.24,-2438680
144.25,-2477111
144.26,-2339535
144.27,-2304933
144.28,-2751540
144.29,-2755948
144.3,-2618220
144.31,-2866132
144.32,-3037206
144.33,-3139286
144.34,-3003199
144.35,-2924747
144.36,-3297099
144.37,-3293687
144.38,-3042043
144.39,-3093492
144.4,-3098200
144.41,-3035728
144.42,-2969746
144.43,-3110556
144.44,-3361982
144.45,-3227815
144.46,-3071328
144.47,-3207744
144.48,-3440075
144.49,-3384093
144.5,-3367902
144.51,-3500198
144.52,-3395957
144.53,-3506776
144.54,-3532353
144.55,-3578590
144.56,-3885192
144.57,-3912781
144.58,-3959108
144.59,-3904193
144.6,-3702677
144.61,-3825011
144.62,-3846627
144.63,-3687347
144.64,-3792401
144.65,-3920319
144.66,-3851780
144.67,-3861133
144.68,-4025099
144.69,-4065155
144.7,-4008253
144.71,-4092280
144.72,-4296752
144.73,-4294016
144.74,-4160542
144.75,-4227099
144.76,-4049460
144.77,-3849064
144.78,-4046843
144.79,-4128179
144.8,-4182062
144.81,-4330395
144.82,-4229133
144.83,-4131711
144.84,-4251430
144.85,-4160076
144.86,-4169521
144.87,-4292979
144.88,-4143908
144.89,-4295142
144.9,-4343558
144.91,-4244349
144.92,-4303336
144.93,-4072818
144.94,-4066404
144.95,-4226786
144.96,-4324735
144.97,-4448921
144.98,-4338369
144.99,-4316663
145.0,-4354366
145.01,-4193141
145.02,-4026551
145.03,-4005472
145.04,-4081349
145.05,-4069596
145.06,-4040956
145.07,-4046654
145.08,-3902176
145.09,-3709559
145.1,-3778748
145.11,-3901176
145.12,-3768974
145.13,-3632808
145.14,-3550061
145.15,-3542963
145.16,-3632486
145.17,-3498421
145.18,-3269459
145.19,-3173699
145.2,-3048109
145.21,-2955362
145.22,-2916508
145.23,-2930185
145.24,-2931955
145.25,-2885732
145.26,-2762669
145.27,-2541380
145.28,-2505691
145.29,-2365845
145.3,-2275203
145.31,-2453553
145.32,-2503166
145.33,-2360896
145.34,-2282206
145.35,-2347030
145.36,-2232485
145.37,-2145705
145.38,-2116713
145.39,-2132877
145.4,-2113649
145.41,-1946966
145.42,-1968392
145.43,-1830323
145.44,-1690559
145.45,-1766464
145.46,-1735241
145.47,-1698057
145.48,-1648208
145.49,-1619857
145.5,-1610107
145.51,-1538276
145.52,-1551358
145.53,-1612391
145.54,-1536114
145.55,-1455380
145.56,-1544741
145.57,-1589026
145.58,-1455304
145.59,-1380343
145.6,-1423531
145.61,-1447485
145.62,-1366486
145.63,-1281607
145.64,-1315685
145.65,-1155062
145.66,-1022757
145.67,-1122036
145.68,-916538
145.69,-811708
145.7,-934898
145.71,-852270
145.72,-849486
145.73,-805339
145.74,-666502
145.75,-693020
145.76,-729158
145.77,-853869
145.78,-887618
145.79,-557839
145.8,-471869
145.81,-571125
145.82,-435073
145.83,-414943
145.84,-460048
145.85,-386648
145.86,-395157
145.87,-541255
145.88,-628301
145.89,-624104
145.9,-647182
145.91,-616662
145.92,-586366
145.93,-510519
145.94,-461134
145.95,-553266
145.96,-634635
145.97,-714930
145.98,-557810
145.99,-454478
146.0,-587165
146.01,-553757
146.02,-495987
146.03,-652534
146.04,-849649
146.05,-566972
146.06,-328526
146.07,-618247
146.08,-710728
146.09,-553094
146.1,-420027
146.11,-328900
146.12,-248475
146.13,-216064
146.14,-245143
146.15,-311169
146.16,-431823
146.17,-331575
146.18,-471764
146.19,-440918
146.2,-83730
146.21,-347501
146.22,-362153
146.23,-105052
146.24,-144967
146.25,-359466
146.26,-453252
146.27,-216729
146.28,-349138
146.29,-410114
146.3,-210605
146.31,-326885
146.32,-331939
146.33,-203853
146.34,-204161
146.35,-248549
146.36,-289829
146.37,-279514
146.38,-295780
146.39,-235678
146.4,-191821
146.41,-269994
146.42,-299498
146.43,-304318
146.44,-145727
146.45,-133799
146.46,-164251
146.47,-6244
146.48,47235
146.49,120517
146.5,101003
146.51,60200
146.52,175379
146.53,205915
146.54,136712
146.55,38339
146.56,-87386
146.57,96829
146.58,190220
146.59,44019
146.6,-10095
146.61,-119316
146.62,-30457
146.63,26086
146.64,-6976
146.65,-1232
146.66,-74265
146.67,-152082
146.68,-132760
146.69,-99792
146.7,-190157
146.71,-100773
146.72,-19736
146.73,-120212
146.74,-80339
146.75,-31501
146.76,-168125
146.77,-161890
146.78,-165993
146.79,-105072
146.8,17363
146.81,-223009
146.82,-126526
146.83,53976
146.84,-224769
146.85,-233816
146.86,-174777
146.87,-261582
146.88,-29554
146.89,-176819
146.9,-360710
146.91,-138708
146.92,-299408
146.93,-153716
146.94,18897
146.95,-240150
146.96,-242032
146.97,-337603
146.98,-314392
146.99,-124254
147.0,-313432
147.01,-326702
147.02,-389611
147.03,-620009
147.04,-464496
147.05,-419231
147.06,-348987
147.07,-425768
147.08,-656593
147.09,-557893
147.1,-738630
147.11,-841342
147.12,-696426
147.13,-696354
147.14,-810046
147.15,-1035701
147.16,-996197
147.17,-945775
147.18,-1089267
147.19,-1119139
147.2,-1075643
147.21,-1147858
147.22,-1251623
147.23,-1250105
147.24,-1194342
147.25,-1230776
147.26,-1371001
147.27,-1219987
147.28,-1340291
147.29,-1644597
147.3,-1558542
147.31,-1674016
147.32,-1689507
147.33,-1620337
147.34,-1692506
147.35,-1719905
147.36,-1694829
147.37,-1558138
147.38,-1608835
147.39,-1741580
147.4,-1758547
147.41,-1693259
147.42,-1784778
147.43,-1849814
147.44,-1991615
147.45,-2080535
147.46,-1814399
147.47,-1992722
147.48,-1989696
147.49,-1929171
147.5,-2169844
147.51,-2068806
147.52,-2195457
147.53,-2323750
147.54,-2235964
147.55,-2201729
147.56,-1996462
147.57,-1934079
147.58,-2195318
147.59,-2235763
147.6,-2238062
147.61,-2279490
147.62,-2099422
147.63,-2159650
147.64,-2158636
147.65,-2102349
147.66,-2403344
147.67,-2590538
147.68,-2654406
147.69,-2644714
147.7,-2487373
147.71,-2402037
147.72,-2255250
147.73,-2134300
147.74,-1981947
147.75,-1752297
147.76,-1901347
147.77,-1980087
147.78,-1841424
147.79,-2114303
147.8,-2342010
147.81,-2315741
147.82,-2530635
147.83,-2594497
147.84,-2346697
147.85,-2091382
147.86,-1958998
147.87,-2093802
147.88,-1943397
147.89,-1804246
147.9,-2030452
147.91,-1988380
147.92,-2133191
147.93,-2286402
147.94,-2150643
147.95,-2111346
147.96,-2199057
147.97,-2364866
147.98,-2298020
147.99,-2407074
148.0,-2593697
148.01,-2356172
148.02,-2188035
148.03,-2204699
148.04,-2137009
148.05,-2160177
148.06,-2143998
148.07,-2091171
148.08,-2225553
148.09,-2118488
148.1,-2031606
148.11,-2284320
148.12,-2340558
148.13,-2221554
148.14,-2246903
148.15,-2224500
148.16,-2196024
148.17,-2198169
148.18,-2056653
148.19,-1965606
148.2,-1886058
148.21,-1817076
148.22,-1993402
148.23,-1963185
148.24,-1965056
148.25,-2281824
148.26,-2037492
148.27,-1938732
148.28,-2129775
148.29,-2629507
148.3,-3311290
148.31,-2597482
148.32,-1411930
148.33,-792936
148.34,-1239057
148.35,-1958222
148.36,-2112630
148.37,-2042530
148.38,-1124681
148.39,-740486
148.4,-1008505
148.41,-1299615
148.42,-1621197
148.43,-1471108
148.44,-1483252
148.45,-1474862
148.46,-1670432
148.47,-1543616
148.48,-1423945
148.49,-1824648
148.5,-1422503
148.51,-1149133
148.52,-1158046
148.53,-1131261
148.54,-1442475
148.55,-1492965
148.56,-1159211
148.57,-1087168
148.58,-1129722
148.59,-1250998
148.6,-1314716
148.61,-973021
148.62,-1170742
148.63,-1226393
148.64,-1256013
148.65,-1275074
148.66,-1062467
148.67,-1329880
148.68,-1041847
148.69,-1143782
148.7,-1308011
148.71,-1027377
148.72,-1377766
148.73,-1419326
148.74,-1307004
148.75,-1173965
148.76,-983680
148.77,-1019283
148.78,-1310762
148.79,-1507167
148.8,-1255297
148.81,-1163626
148.82,-1150788
148.83,-1156753
148.84,-1254427
148.85,-1358930
148.86,-1352897
148.87,-1497254
148.88,-1513943
148.89,-1362228
148.9,-1629924
148.91,-1345849
148.92,-1329909
148.93,-2001479
148.94,-2231417
148.95,-1916580
148.96,-1472226
148.97,-1778638
148.98,-1862618
148.99,-1659665
149.0,-1763461
149.01,-1771615
149.02,-1885371
149.03,-1879818
149.04,-1850413
149.05,-1828496
149.06,-1545917
149.07,-1603237
149.08,-1815340
149.09,-1506861
149.1,-1425619
149.11,-1368682
149.12,-1478206
149.13,-1816331
149.14,-1659012
149.15,-1815375
149.16,-1890946
149.17,-1623716
149.18,-1509911
149.19,-1440653
149.2,-1318806
149.21,-1097473
149.22,-1835823
149.23,-2352950
149.24,-1296230
149.25,-1238673
149.26,-1779551
149.27,-1303247
149.28,-1225171
149.29,-1451673
149.3,-1495143
149.31,-1371509
149.32,-1303599
149.33,-1522895
149.34,-1504139
149.35,-1623452
149.36,-1501632
149.37,-1334234
149.38,-1663388
149.39,-1961998
149.4,-2096685
149.41,-1743485
149.42,-1831769
149.43,-1780965
149.44,-1361800
149.45,-1816672
149.46,-1989051
149.47,-1981060
149.48,-1799719
149.49,-1639282
149.5,-2199782
149.51,-1877635
149.52,-1447367
149.53,-1929782
149.54,-2217593
149.55,-1804314
149.56,-1354516
149.57,-1633258
149.58,-1857097
149.59,-1817228
149.6,-1713946
149.61,-1926912
149.62,-2124883
149.63,-1819642
149.64,-1863140
149.65,-1932864
149.66,-1772257
149.67,-1801377
149.68,-1828312
149.69,-1812683
149.7,-1804390
149.71,-1705091
149.72,-1768815
149.73,-1834492
149.74,-1764417
149.75,-1721222
149.76,-1685314
149.77,-1667450
149.78,-1642073
149.79,-1629880
149.8,-1670151
149.81,-1901867
149.82,-1932351
149.83,-1734105
149.84,-1721697
149.85,-1992494
149.86,-1909139
149.87,-1694469
149.88,-1894058
149.89,-1584781
149.9,-1605123
149.91,-1894775
149.92,-1799012
149.93,-1856346
149.94,-1822986
149.95,-1934554
149.96,-1979362
149.97,-1815815
149.98,-1712428
149.99,-1668412
150.0,-1900335
150.01,-2132328
150.02,-1702385
150.03,-1342111
150.04,-1417290
150.05,-1100594
150.06,-1059230
150.07,-1399543
150.08,-1322923
150.09,-1269929
150.1,-1310000
150.11,-1395590
150.12,-1136070
150.13,-613091
150.14,-866391
150.15,-1280548
150.16,-1281844
150.17,-1032845
150.18,-1159476
150.19,-1546618
150.2,-1629078
150.21,-1494431
150.22,-1240947
150.23,-1483671
150.24,-1188987
150.25,-349445
150.26,-395056
150.27,-562835
150.28,-699681
150.29,-917849
150.3,-1096521
150.31,-1603205
150.32,-1145663
150.33,-268770
150.34,-669914
150.35,-1176421
150.36,-1011937
150.37,-779568
150.38,-1073988
150.39,-1429694
150.4,-1027696
150.41,-664943
150.42,-736616
150.43,-373074
150.44,-363058
150.45,-900679
150.46,-259036
150.47,27026
150.48,-361387
150.49,298817
150.5,78215
150.51,-182312
150.52,495228
150.53,-281654
150.54,-655718
150.55,304133
150.56,-210788
150.57,-638791
150.58,59979
150.59,-125638
150.6,-508796
150.61,-870327
150.62,-567892
150.63,-109781
150.64,-559266
150.65,-142993
150.66,110483
150.67,-441327
150.68,-396429
150.69,-2085
150.7,49805
150.71,117765
150.72,170713
150.73,-107015
150.74,77560
150.75,299083
150.76,32930
150.77,43887
150.78,281084
150.79,131602
150.8,124339
150.81,415224
150.82,245005
150.83,-183914
150.84,15545
150.85,306078
150.86,-314702
150.87,-357859
150.88,461121
150.89,256415
150.9,-405454
150.91,-44070
150.92,161691
150.93,-84189
150.94,212983
150.95,54237
150.96,-152181
150.97,152561
150.98,88216
150.99,63935
151.0,120700
151.01,-147995
151.02,7289
151.03,216564
151.04,78893
151.05,418950
151.06,463795
151.07,54964
151.08,26594
151.09,61768
151.1,57872
151.11,154197
151.12,207986
151.13,123027
151.14,130084
151.15,27921
151.16,-378744
151.17,-293829
151.18,-165545
151.19,-534922
151.2,-780367
151.21,-659475
151.22,-229094
151.23,-223316
151.24,-511524
151.25,-604797
151.26,-374507
151.27,-171562
151.28,-385693
151.29,-381849
151.3,-446137
151.31,-159887
151.32,340634
151.33,267844
151.34,98001
151.35,-57155
151.36,80690
151.37,35884
151.38,-546684
151.39,-1077591
151.4,-1235832
151.41,-1043784
151.42,-924451
151.43,-1041735
151.44,-1141139
151.45,-848378
151.46,-561439
151.47,-803450
151.48,-992126
151.49,-738902
151.5,-663684
151.51,-922682
151.52,-664661
151.53,-554077
151.54,-1186051
151.55,-1340169
151.56,-1211976
151.57,-1288286
151.58,-1182534
151.59,-1241386
151.6,-1158559
151.61,-830585
151.62,-1105047
151.63,-1332399
151.64,-1246081
151.65,-1337681
151.66,-1411819
151.67,-1542084
151.68,-1341470
151.69,-1028666
151.7,-1189390
151.71,-1303910
151.72,-1327631
151.73,-1652035
151.74,-1943588
151.75,-1912042
151.76,-1943785
151.77,-1870276
151.78,-1800376
151.79,-1960488
151.8,-1589658
151.81,-1498648
151.82,-1992920
151.83,-2362996
151.84,-2739137
151.85,-2670812
151.86,-2711874
151.87,-2807046
151.88,-2506084
151.89,-2590938
151.9,-2508301
151.91,-2065421
151.92,-2050293
151.93,-2608912
151.94,-2793770
151.95,-1893526
151.96,-1355117
151.97,-2090640
151.98,-2611216
151.99,-2290744
152.0,-2131335
152.01,-1957813
152.02,-1844816
152.03,-1902142
152.04,-1871487
152.05,-2189282
152.06,-2426303
152.07,-2544541
152.08,-2524160
152.09,-2427267
152.1,-2260804
152.11,-2264385
152.12,-2928120
152.13,-2884170
152.14,-2304616
152.15,-2215239
152.16,-2565054
152.17,-2815887
152.18,-2659935
152.19,-2920414
152.2,-2730974
152.21,-1865946
152.22,-1924573
152.23,-2269725
152.24,-2035125
152.25,-2067854
152.26,-2162459
152.27,-2160474
152.28,-2641211
152.29,-2848456
152.3,-2539246
152.31,-2549679
152.32,-2852285
152.33,-2582365
152.34,-2185097
152.35,-2270341
152.36,-2237768
152.37,-2266919
152.38,-2460695
152.39,-2599740
152.4,-2397281
152.41,-2143682
152.42,-2396757
152.43,-2624768
152.44,-2636572
152.45,-2511518
152.46,-2725297
152.47,-3144319
152.48,-2935281
152.49,-2847271
152.5,-3074596
152.51,-2987448
152.52,-2948606
152.53,-2744104
152.54,-2295631
152.55,-2290408
152.56,-2433231
152.57,-2399391
152.58,-2496941
152.59,-2624268
152.6,-2609110
152.61,-2706699
152.62,-2873856
152.63,-2812088
152.64,-2802169
152.65,-2909654
152.66,-2894402
152.67,-2768938
152.68,-2563858
152.69,-2407435
152.7,-2387331
152.71,-2546802
152.72,-2661924
152.73,-2808624
152.74,-2893970
152.75,-2752890
152.76,-2918188
152.77,-2977369
152.78,-2756947
152.79,-2614252
152.8,-2416067
152.81,-2575694
152.82,-2683325
152.83,-2559219
152.84,-2704888
152.85,-2773516
152.86,-2799613
152.87,-2673921
152.88,-2518681
152.89,-2644902
152.9,-2941871
152.91,-2956436
152.92,-2631281
152.93,-2665748
152.94,-2771959
152.95,-2583069
152.96,-2479880
152.97,-2589814
152.98,-2501288
152.99,-2549073
153.0,-2796584
153.01,-2657956
153.02,-2685947
153.03,-2779563
153.04,-2519440
153.05,-2467854
153.06,-2575801
153.07,-2635849
153.08,-2739318
153.09,-2561517
153.1,-2348143
153.11,-2282817
153.12,-2329598
153.13,-2479930
153.14,-2292731
153.15,-2267790
153.16,-2426376
153.17,-2470429
153.18,-2497464
153.19,-2422780
153.2,-2488857
153.21,-2276460
153.22,-2073575
153.23,-2104184
153.24,-2023898
153.25,-2103781
153.26,-1993357
153.27,-1867951
153.28,-1905025
153.29,-1895910
153.3,-2029033
153.31,-2031087
153.32,-2148866
153.33,-2236398
153.34,-1915248
153.35,-1910658
153.36,-1957725
153.37,-1757053
153.38,-1828901
153.39,-1983010
153.4,-1832950
153.41,-1650431
153.42,-1776791
153.43,-1925867
153.44,-1935195
153.45,-1811294
153.46,-1739017
153.47,-1831883
153.48,-1920364
153.49,-1912057
153.5,-1789314
153.51,-1791638
153.52,-1658765
153.53,-1440196
153.54,-1448813
153.55,-1365702
153.56,-1356168
153.57,-1608556
153.58,-1805639
153.59,-1983535
153.6,-2000569
153.61,-1771710
153.62,-1787788
153.63,-1551433
153.64,-1342525
153.65,-1599761
153.66,-1599483
153.67,-1938169
153.68,-2237716
153.69,-2038590
153.7,-2024122
153.71,-1649447
153.72,-1186334
153.73,-1340966
153.74,-1666335
153.75,-1803716
153.76,-1873491
153.77,-1678349
153.78,-1547972
153.79,-1790730
153.8,-1462456
153.81,-1531100
153.82,-1692916
153.83,-1284700
153.84,-1681243
153.85,-1489602
153.86,-1382263
153.87,-1774629
153.88,-1471410
153.89,-1534855
153.9,-1407243
153.91,-1434424
153.92,-1734937
153.93,-1460129
153.94,-1349968
153.95,-1350224
153.96,-1339150
153.97,-1415857
153.98,-1378112
153.99,-1415552
154.0,-1698387
154.01,-1588371
154.02,-1491762
154.03,-1885115
154.04,-1707313
154.05,-1701108
154.06,-1812070
154.07,-1511987
154.08,-1533299
154.09,-1240522
154.1,-1135139
154.11,-1338479
154.12,-1253725
154.13,-1479936
154.14,-1576751
154.15,-1373898
154.16,-1249965
154.17,-1314821
154.18,-1340804
154.19,-1269350
154.2,-1523440
154.21,-1668659
154.22,-1710365
154.23,-1599460
154.24,-1404285
154.25,-1479601
154.26,-1445196
154.27,-1511670
154.28,-1613844
154.29,-1483916
154.3,-1245610
154.31,-1231392
154.32,-1389426
154.33,-1253917
154.34,-1121225
154.35,-1311043
154.36,-1431860
154.37,-1168271
154.38,-1095573
154.39,-1231700
154.4,-1153615
154.41,-1160724
154.42,-1241987
154.43,-1146812
154.44,-1141435
154.45,-1185887
154.46,-1056811
154.47,-1061848
154.48,-1126927
154.49,-1297540
154.5,-1312594
154.51,-1091307
154.52,-1166791
154.53,-1117121
154.54,-1027150
154.55,-1148295
154.56,-1184890
154.57,-1242032
154.58,-1306828
154.59,-1289774
154.6,-1263508
154.61,-1285189
154.62,-1175816
154.63,-1079730
154.64,-1082921
154.65,-1037121
154.66,-1192912
154.67,-1238290
154.68,-1051329
154.69,-1008670
154.7,-992576
154.71,-979629
154.72,-1032802
154.73,-1087091
154.74,-1131398
154.75,-1043636
154.76,-989165
154.77,-1003974
154.78,-906515
154.79,-820188
154.8,-702060
154.81,-712839
154.82,-794744
154.83,-768454
154.84,-849568
154.85,-937025
154.86,-1032343
154.87,-1026167
154.88,-935560
154.89,-1032101
154.9,-986527
154.91,-898117
154.92,-831781
154.93,-758570
154.94,-904931
154.95,-852563
154.96,-677270
154.97,-641533
154.98,-602688
154.99,-523357
155.0,-635360
155.01,-718005
155.02,-557713
155.03,-509745
155.04,-332835
155.05,-252437
155.06,-290486
155.07,-226738
155.08,-245302
155.09,-133319
155.1,-137457
155.11,-226081
155.12,-185137
155.13,-194619
155.14,-200384
155.15,-205033
155.16,-231598
155.17,-203916
155.18,-221745
155.19,-252751
155.2,-110284
155.21,-50480
155.22,-143955
155.23,-85724
155.24,30731
155.25,55292
155.26,9697
155.27,-115724
155.28,-255419
155.29,-276087
155.3,-203967
155.31,-102631
155.32,24450
155.33,13729
155.34,-9850
155.35,127249
155.36,165126
155.37,59854
155.38,-58440
155.39,7516
155.4,330941
155.41,527461
155.42,350509
155.43,317488
155.44,565735
155.45,264838
155.46,120683
155.47,390468
155.48,331287
155.49,476614
155.5,365163
155.51,226571
155.52,334477
155.53,97966
155.54,54652
155.55,204792
155.56,363584
155.57,319173
155.58,375316
155.59,411129
155.6,175619
155.61,175370
155.62,21358
155.63,130360
155.64,228239
155.65,81360
155.66,340906
155.67,181610
155.68,-25693
155.69,158303
155.7,142176
155.71,275154
155.72,475262
155.73,582534
155.74,659471
155.75,588579
155.76,522550
155.77,545393
155.78,459664
155.79,225019
155.8,169343
155.81,-106443
155.82,-238447
155.83,91419
155.84,155842
155.85,360925
155.86,604769
155.87,557859
155.88,567124
155.89,827529
155.9,1022251
155.91,819696
155.92,535399
155.93,279486
155.94,152524
155.95,210147
155.96,546437
155.97,779770
155.98,529112
155.99,323780
156.0,268694
156.01,245957
156.02,505009
156.03,870869
156.04,889523
156.05,674513
156.06,420477
156.07,194940
156.08,243222
156.09,439305
156.1,617785
156.11,750699
156.12,519767
156.13,410727
156.14,523037
156.15,399060
156.16,433310
156.17,392148
156.18,310466
156.19,448395
156.2,398895
156.21,453267
156.22,530005
156.23,326815
156.24,381307
156.25,438313
156.26,335570
156.27,343038
156.28,398232
156.29,312758
156.3,96383
156.31,452460
156.32,544114
156.33,332974
156.34,538702
156.35,411877
156.36,346974
156.37,255525
156.38,132176
156.39,197523
156.4,122624
156.41,346796
156.42,497084
156.43,405803
156.44,361811
156.45,294188
156.46,223440
156.47,188315
156.48,292660
156.49,230538
156.5,278136
156.51,440181
156.52,379402
156.53,450147
156.54,323348
156.55,196769
156.56,88687
156.57,-15111
156.58,401186
156.59,331418
156.6,128645
156.61,196444
156.62,-6054
156.63,177682
156.64,309221
156.65,217378
156.66,114882
156.67,-80677
156.68,88107
156.69,59338
156.7,-327544
156.71,-367819
156.72,-252920
156.73,-176774
156.74,-146937
156.75,-215929
156.76,-182365
156.77,-207010
156.78,-246883
156.79,-234427
156.8,-353971
156.81,-407273
156.82,-485408
156.83,-396040
156.84,-307434
156.85,-551121
156.86,-433871
156.87,-338526
156.88,-591681
156.89,-670108
156.9,-675790
156.91,-664091
156.92,-571185
156.93,-507828
156.94,-493819
156.95,-409038
156.96,-293902
156.97,-385987
156.98,-622098
156.99,-581323
157.0,-583179
157.01,-882032
157.02,-834879
157.03,-621493
157.04,-670400
157.05,-761602
157.06,-879662
157.07,-880091
157.08,-726834
157.09,-840413
157.1,-1055599
157.11,-1079350
157.12,-958312
157.13,-965980
157.14,-1156449
157.15,-1117065
157.16,-972298
157.17,-1006129
157.18,-1313516
157.19,-1354511
157.2,-1213803
157.21,-1489185
157.22,-1453340
157.23,-1224840
157.24,-1280756
157.25,-1318095
157.26,-1225621
157.27,-1055591
157.28,-1060663
157.29,-1262404
157.3,-1523704
157.31,-1491788
157.32,-1390776
157.33,-1632047
157.34,-1680052
157.35,-1713483
157.36,-2013883
157.37,-2187181
157.38,-2181611
157.39,-2250536
157.4,-2566827
157.41,-2531873
157.42,-2233331
157.43,-2124529
157.44,-1751872
157.45,-1588567
157.46,-1710295
157.47,-1759408
157.48,-2001965
157.49,-2288107
157.5,-2649687
157.51,-2713464
157.52,-2524372
157.53,-2379478
157.54,-2141256
157.55,-2256854
157.56,-2468608
157.57,-2556537
157.58,-2655704
157.59,-2676849
157.6,-2681328
157.61,-2663179
157.62,-2705772
157.63,-2615153
157.64,-2594178
157.65,-2836316
157.66,-2873778
157.67,-2831846
157.68,-2906434
157.69,-2905618
157.7,-3067690
157.71,-3149224
157.72,-2814477
157.73,-2561431
157.74,-2539647
157.75,-2791459
157.76,-3023097
157.77,-2937438
157.78,-2932965
157.79,-2965124
157.8,-2990693
157.81,-3088341
157.82,-3168395
157.83,-3229349
157.84,-3178309
157.85,-3121723
157.86,-3109766
157.87,-3093187
157.88,-3187152
157.89,-3180019
157.9,-3118574
157.91,-3246182
157.92,-3418665
157.93,-3458720
157.94,-3288099
157.95,-3274112
157.96,-3337850
157.97,-3333710
157.98,-3409067
157.99,-3458793
158.0,-3588328
158.01,-3551642
158.02,-3459450
158.03,-3467940
158.04,-3502175
158.05,-3602671
158.06,-3565385
158.07,-3535728
158.08,-3431842
158.09,-3328643
158.1,-3489385
158.11,-3549216
158.12,-3484449
158.13,-3522846
158.14,-3499246
158.15,-3531734
158.16,-3582706
158.17,-3491715
158.18,-3451365
158.19,-3473694
158.2,-3490239
158.21,-3439318
158.22,-3487958
158.23,-3565911
158.24,-3394128
158.25,-3161308
158.26,-3150460
158.27,-3270246
158.28,-3319342
158.29,-3327060
158.3,-3388860
158.31,-3478010
158.32,-3364400
158.33,-3306593
158.34,-3402241
158.35,-3441250
158.36,-3511813
158.37,-3412062
158.38,-3294464
158.39,-3184993
158.4,-3143788
158.41,-3252122
158.42,-3151589
158.43,-3117793
158.44,-3150936
158.45,-3196983
158.46,-3200562
158.47,-3090420
158.48,-3140956
158.49,-3053083
158.5,-2939860
158.51,-2949484
158.52,-2919841
158.53,-2760205
158.54,-2620954
158.55,-2741069
158.56,-2625773
158.57,-2459878
158.58,-2419545
158.59,-2361196
158.6,-2469567
158.61,-2439252
158.62,-2316812
158.63,-2241322
158.64,-2164622
158.65,-2156025
158.66,-2153766
158.67,-2112059
158.68,-2076999
158.69,-2009344
158.7,-1980915
158.71,-2045547
158.72,-1985009
158.73,-1930374
158.74,-1856768
158.75,-1663095
158.76,-1555123
158.77,-1650380
158.78,-1689963
158.79,-1513487
158.8,-1491168
158.81,-1318095
158.82,-1092948
158.83,-1260243
158.84,-1392309
158.85,-1333754
158.86,-1233207
158.87,-1294769
158.88,-1244100
158.89,-1050237
158.9,-1032416
158.91,-983996
158.92,-1038230
158.93,-997820
158.94,-901974
158.95,-866595
158.96,-719034
158.97,-834324
158.98,-800088
158.99,-617955
159.0,-658715
159.01,-554094
159.02,-361044
159.03,-316935
159.04,-395008
159.05,-359755
159.06,-258896
159.07,-209470
159.08,-83352
159.09,-67348
159.1,-23637
159.11,90234
159.12,27118
159.13,60884
159.14,52159
159.15,77787
159.16,250995
159.17,255959
159.18,268046
159.19,249914
159.2,246738
159.21,322731
159.22,352757
159.23,357272
159.24,368767
159.25,374985
159.26,282886
159.27,325450
159.28,451416
159.29,447554
159.3,558899
159.31,632723
159.32,513921
159.33,588279
159.34,600484
159.35,579277
159.36,683376
159.37,601626
159.38,625857
159.39,595528
159.4,633512
159.41,771528
159.42,642992
159.43,678119
159.44,751761
159.45,680226
159.46,729329
159.47,707614
159.48,703720
159.49,886654
159.5,837616
159.51,778578
159.52,890602
159.53,778847
159.54,774257
159.55,875401
159.56,771642
159.57,843509
159.58,902986
159.59,823457
159.6,826983
159.61,739688
159.62,729615
159.63,773539
159.64,850605
159.65,905007
159.66,869144
159.67,994337
159.68,921844
159.69,795904
159.7,851741
159.71,755097
159.72,795832
159.73,868093
159.74,778297
159.75,781852
159.76,853192
159.77,942492
159.78,918332
159.79,893352
159.8,910114
159.81,823505
159.82,816139
159.83,890716
159.84,844149
159.85,789592
159.86,784975
159.87,788991
159.88,874145
159.89,779563
159.9,778804
159.91,942408
159.92,888091
159.93,811503
159.94,783503
159.95,829571
159.96,648540
159.97,391863
159.98,450208
159.99,800253
160.0,1307734
160.01,1202017
160.02,863476
160.03,1084221
160.04,1113438
160.05,686953
160.06,631634
160.07,775191
160.08,634783
160.09,646531
160.1,822301
160.11,949197
160.12,752039
160.13,477161
160.14,676675
160.15,773215
160.16,540304
160.17,433223
160.18,617473
160.19,637766
160.2,407242
160.21,385013
160.22,456165
160.23,486639
160.24,603961
160.25,646733
160.26,374335
160.27,301195
160.28,336267
160.29,176954
160.3,199060
160.31,168761
160.32,186972
160.33,126370
160.34,-31586
160.35,65088
160.36,-26965
160.37,-82674
160.38,13362
160.39,43382
160.4,-32502
160.41,-189610
160.42,-188245
160.43,-308132
160.44,-353497
160.45,-285633
160.46,-486356
160.47,-603938
160.48,-482590
160.49,-492577
160.5,-529023
160.51,-538737
160.52,-730345
160.53,-720344
160.54,-693447
160.55,-845072
160.56,-822181
160.57,-787229
160.58,-908264
160.59,-896321
160.6,-758532
160.61,-801690
160.62,-818806
160.63,-902287
160.64,-1051944
160.65,-972435
160.66,-954341
160.67,-870225
160.68,-541518
160.69,-563809
160.7,-1162333
160.71,-1541928
160.72,-1289330
160.73,-1039182
160.74,-1122450
160.75,-1293939
160.76,-1146744
160.77,-731190
160.78,-857795
160.79,-1370805
160.8,-1424005
160.81,-1340450
160.82,-1232327
160.83,-1081508
160.84,-1276438
160.85,-1416984
160.86,-1487740
160.87,-1381594
160.88,-1232142
160.89,-1430178
160.9,-1447210
160.91,-1404427
160.92,-1428409
160.93,-1548044
160.94,-1751377
160.95,-1642801
160.96,-1583858
160.97,-1718370
160.98,-1654165
160.99,-1484341
161.0,-1384202
161.01,-1515083
161.02,-1610322
161.03,-1406374
161.04,-1456441
161.05,-1806938
161.06,-1895677
161.07,-1605558
161.08,-1555995
161.09,-1769451
161.1,-1823828
161.11,-1643761
161.12,-1558897
161.13,-1789952
161.14,-1770080
161.15,-1678295
161.16,-1833425
161.17,-1976923
161.18,-1904540
161.19,-1714198
161.2,-1700006
161.21,-1785925
161.22,-1782493
161.23,-1761660
161.24,-1853651
161.25,-1860238
161.26,-1764691
161.27,-1862705
161.28,-1983544
161.29,-1890209
161.3,-1732333
161.31,-1663102
161.32,-1853583
161.33,-1928307
161.34,-1873660
161.35,-1955363
161.36,-1746709
161.37,-1665248
161.38,-1819659
161.39,-1823954
161.4,-1734165
161.41,-1668007
161.42,-1775714
161.43,-1724017
161.44,-1714565
161.45,-1620165
161.46,-1352559
161.47,-1383913
161.48,-1216249
161.49,-989290
161.5,-829653
161.51,-905161
161.52,-1509526
161.53,-1731384
161.54,-1547209
161.55,-1158277
161.56,-533918
161.57,-105686
161.58,-362477
161.59,-1370474
161.6,-2240297
161.61,-2378605
161.62,-1458724
161.63,-487477
161.64,-840310
161.65,-1621856
161.66,-1637537
161.67,-1111922
161.68,-1302184
161.69,-1674007
161.7,-1384951
161.71,-830543
161.72,-131046
161.73,-678198
161.74,-1554982
161.75,-1063372
161.76,-582838
161.77,-824751
161.78,-1147537
161.79,-1468244
161.8,-1602646
161.81,-940490
161.82,-733574
161.83,-1276253
161.84,-1396170
161.85,-1089092
161.86,-636755
161.87,-810032
161.88,-1159463
161.89,-1520825
161.9,-1798683
161.91,-1069854
161.92,-906263
161.93,-1125486
161.94,-946906
161.95,-1220886
161.96,-1207239
161.97,-998701
161.98,-882426
161.99,-735514
162.0,-747967
162.01,-741941
162.02,-737073
162.03,-661026
162.04,-495145
162.05,-571812
162.06,-678902
162.07,-655141
162.08,-745459
162.09,-697132
162.1,-631837
162.11,-525586
162.12,-544985
162.13,-805225
162.14,-685758
162.15,-624053
162.16,-475984
162.17,-42069
162.18,-119808
162.19,-598332
162.2,-775991
162.21,-360688
162.22,-191759
162.23,-408537
162.24,-639453
162.25,-651851
162.26,-305299
162.27,-208413
162.28,-152514
162.29,-34440
162.3,61957
162.31,135465
162.32,-109786
162.33,-332209
162.34,-206307
162.35,-282166
162.36,-321489
162.37,-14864
162.38,53245
162.39,99844
162.4,105597
162.41,90231
162.42,219964
162.43,216337
162.44,-26927
162.45,-92751
162.46,50142
162.47,-28151
162.48,49398
162.49,57779
162.5,-54042
162.51,-41594
162.52,-186223
162.53,-223784
162.54,-173976
162.55,-63238
162.56,249661
162.57,450076
162.58,366268
162.59,103578
162.6,-104910
162.61,205380
162.62,463020
162.63,374732
162.64,456850
162.65,187054
162.66,-24936
162.67,-51035
162.68,74850
162.69,449772
162.7,8136
162.71,-191217
162.72,89321
162.73,25292
162.74,185533
162.75,215378
162.76,253192
162.77,77210
162.78,-227959
162.79,-2371
162.8,-266987
162.81,-500632
162.82,-58024
162.83,73101
162.84,47401
162.85,145122
162.86,166251
162.87,57971
162.88,-158039
162.89,-115782
162.9,12519
162.91,-40322
162.92,-65171
162.93,-157704
162.94,-117066
162.95,-79387
162.96,-138344
162.97,-27642
162.98,-173100
162.99,-189654
163.0,-2590
163.01,-177397
163.02,-123990
163.03,86845
163.04,25520
163.05,72160
163.06,-183278
163.07,-509724
163.08,-170983
163.09,-50497
163.1,-88738
163.11,-79924
163.12,-503879
163.13,-606208
163.14,-670149
163.15,-968322
163.16,-809167
163.17,-836255
163.18,-914125
163.19,-741145
163.2,-880864
163.21,-967081
163.22,-900506
163.23,-696851
163.24,-568654
163.25,-278897
163.26,237277
163.27,319982
163.28,333034
163.29,35794
163.3,-361480
163.31,-419588
163.32,-441320
163.33,-548145
163.34,-735545
163.35,-660605
163.36,-504900
163.37,-407061
163.38,-821643
163.39,-1136355
163.4,-787660
163.41,-875341
163.42,-853064
163.43,-407806
163.44,-361650
163.45,-648917
163.46,-902421
163.47,-1137622
163.48,-1055179
163.49,-795185
163.5,-735922
163.51,-503728
163.52,-786808
163.53,-1089398
163.54,-787459
163.55,-657769
163.56,-428565
163.57,-380303
163.58,-148787
163.59,-87373
163.6,-706733
163.61,-838015
163.62,-1060839
163.63,-1317399
163.64,-1170451
163.65,-1022511
163.66,-823500
163.67,-712660
163.68,-608873
163.69,-718597
163.7,-656984
163.71,-307859
163.72,-533031
163.73,-941992
163.74,-1105133
163.75,-997344
163.76,-851160
163.77,-818471
163.78,-631234
163.79,-826345
163.8,-1009262
163.81,-1105086
163.82,-1381100
163.83,-1472191
163.84,-1612488
163.85,-1415451
163.86,-1127773
163.87,-1277551
163.88,-1524754
163.89,-1406245
163.9,-1176872
163.91,-1259201
163.92,-1302504
163.93,-1384180
163.94,-1281471
163.95,-1049892
163.96,-1204825
163.97,-1233016
163.98,-1304970
163.99,-1369395
164.0,-1018782
164.01,-1008156
164.02,-1253559
164.03,-1427327
164.04,-1499389
164.05,-1447674
164.06,-1519278
164.07,-1478608
164.08,-1433540
164.09,-1429917
164.1,-1342620
164.11,-1422155
164.12,-1473740
164.13,-1397952
164.14,-1439958
164.15,-1593681
164.16,-1538900
164.17,-1344042
164.18,-1416085
164.19,-1526017
164.2,-1561865
164.21,-1687405
164.22,-1723371
164.23,-1773471
164.24,-1774578
164.25,-1596479
164.26,-1650443
164.27,-1799745
164.28,-1652497
164.29,-1428340
164.3,-1544062
164.31,-1634799
164.32,-1567781
164.33,-1704008
164.34,-1652849
164.35,-1727980
164.36,-1977849
164.37,-1998880
164.38,-2100612
164.39,-2101662
164.4,-1929517
164.41,-1782357
164.42,-1584045
164.43,-1618229
164.44,-1895605
164.45,-1788598
164.46,-1750084
164.47,-1980010
164.48,-1966366
164.49,-1992236
164.5,-1741664
164.51,-1525504
164.52,-1760193
164.53,-1839259
164.54,-1714539
164.55,-1346457
164.56,-1482541
164.57,-1619633
164.58,-1415075
164.59,-1908639
164.6,-1902489
164.61,-1860938
164.62,-1940219
164.63,-1519143
164.64,-1545314
164.65,-1289513
164.66,-1309461
164.67,-1525779
164.68,-1334464
164.69,-1559776
164.7,-1393508
164.71,-1288288
164.72,-1731383
164.73,-1816923
164.74,-1705915
164.75,-1510068
164.76,-1391957
164.77,-1539943
164.78,-1640807
164.79,-1620019
164.8,-1421112
164.81,-1567155
164.82,-1751558
164.83,-1463234
164.84,-1453620
164.85,-1329169
164.86,-1199068
164.87,-1261428
164.88,-1170387
164.89,-1185607
164.9,-1258127
164.91,-1357203
164.92,-1460631
164.93,-1597552
164.94,-1435957
164.95,-1188695
164.96,-1230418
164.97,-1244427
164.98,-1369552
164.99,-1605037
165.0,-1637625
165.01,-1660244
165.02,-1584360
165.03,-1445818
165.04,-1564780
165.05,-1503898
165.06,-1589908
165.07,-1534827
165.08,-1198002
165.09,-1220078
165.1,-971617
165.11,-1086308
165.12,-1447929
165.13,-1288656
165.14,-1373571
165.15,-1552802
165.16,-1358219
165.17,-984416
165.18,-1028368
165.19,-1177305
165.2,-1050315
165.21,-972134
165.22,-773422
165.23,-922517
165.24,-1035255
165.25,-836087
165.26,-1069511
165.27,-1127799
165.28,-963023
165.29,-996307
165.3,-1069862
165.31,-1108722
165.32,-1235151
165.33,-1341454
165.34,-1178345
165.35,-1110482
165.36,-1139116
165.37,-1085204
165.38,-852018
165.39,-566194
165.4,-471495
165.41,-442882
165.42,-716006
165.43,-942142
165.44,-771271
165.45,-786616
165.46,-904910
165.47,-844375
165.48,-888011
165.49,-682502
165.5,-312341
165.51,-457436
165.52,-449630
165.53,-342233
165.54,-468398
165.55,-403551
165.56,-365247
165.57,-326822
165.58,-819405
165.59,-1117070
165.6,-438515
165.61,-375924
165.62,-673694
165.63,-618781
165.64,-572093
165.65,-580249
165.66,-563570
165.67,-358441
165.68,-521033
165.69,-618234
165.7,-316180
165.71,-404958
165.72,-530485
165.73,-418332
165.74,-218230
165.75,-156549
165.76,-225725
165.77,28005
165.78,37345
165.79,-222818
165.8,-184494
165.81,12236
165.82,-7975
165.83,-377865
165.84,-251859
165.85,-72515
165.86,-271807
165.87,-68604
165.88,133573
165.89,104178
165.9,-19975
165.91,-204712
165.92,-275875
165.93,-101576
165.94,225342
165.95,448465
165.96,452313
165.97,262738
165.98,33985
165.99,-27571
166.0,16941
166.01,-99666
166.02,313258
166.03,572033
166.04,-117519
166.05,-84951
166.06,-227393
166.07,-498942
166.08,36905
166.09,-71428
166.1,128440
166.11,4193
166.12,-129130
166.13,409456
166.14,7727
166.15,7314
166.16,245028
166.17,211388
166.18,260313
166.19,62439
166.2,-27505
166.21,-9711
166.22,123445
166.23,211279
166.24,178250
166.25,90598
166.26,110480
166.27,313207
166.28,230627
166.29,-61663
166.3,-112054
166.31,-126751
166.32,-234740
166.33,-240950
166.34,-182159
166.35,-187872
166.36,-121794
166.37,87704
166.38,182849
166.39,-14347
166.4,-163618
166.41,-44813
166.42,-59225
166.43,73900
166.44,232758
166.45,270415
166.46,418061
166.47,193628
166.48,39170
166.49,-37642
166.5,-3569
166.51,69863
166.52,-81427
166.53,241807
166.54,340640
166.55,267967
166.56,331911
166.57,166081
166.58,-16899
166.59,-244083
166.6,-138478
166.61,-53924
166.62,55632
166.63,218067
166.64,-16983
166.65,2921
166.66,50210
166.67,15658
166.68,133666
166.69,258125
166.7,439096
166.71,372019
166.72,226584
166.73,182517
166.74,79031
166.75,-81775
166.76,-56768
166.77,39871
166.78,-111260
166.79,55161
166.8,229949
166.81,42869
166.82,114804
166.83,278399
166.84,276122
166.85,275555
166.86,172413
166.87,65257
166.88,202007
166.89,256071
166.9,200876
166.91,167529
166.92,202972
166.93,292767
166.94,99423
166.95,96411
166.96,381719
166.97,357437
166.98,300260
166.99,331978
167.0,427558
167.01,521028
167.02,350108
167.03,336570
167.04,423085
167.05,228385
167.06,304361
167.07,554065
167.08,414177
167.09,297122
167.1,232801
167.11,172320
167.12,45076
167.13,-89990
167.14,134288
167.15,72320
167.16,32614
167.17,162237
167.18,35676
167.19,189425
167.2,198096
167.21,177688
167.22,278982
167.23,68205
167.24,123856
167.25,189125
167.26,108502
167.27,193848
167.28,141621
167.29,479
167.3,81511
167.31,243538
167.32,163616
167.33,67172
167.34,145744
167.35,248132
167.36,83339
167.37,17395
167.38,70995
167.39,33532
167.4,241374
167.41,136776
167.42,75108
167.43,321908
167.44,359498
167.45,283176
167.46,154223
167.47,198462
167.48,297068
167.49,420029
167.5,393452
167.51,280601
167.52,356266
167.53,420934
167.54,533766
167.55,427109
167.56,327240
167.57,330257
167.58,251676
167.59,332289
167.6,296127
167.61,338371
167.62,432456
167.63,422118
167.64,467530
167.65,360728
167.66,489156
167.67,647495
167.68,494186
167.69,450968
167.7,533193
167.71,548390
167.72,450854
167.73,531362
167.74,579282
167.75,580258
167.76,607570
167.77,342981
167.78,369589
167.79,525723
167.8,435467
167.81,422080
167.82,253299
167.83,266025
167.84,450816
167.85,345756
167.86,281965
167.87,260684
167.88,374120
167.89,491348
167.9,367737
167.91,223256
167.92,216749
167.93,328145
167.94,305494
167.95,236982
167.96,65199
167.97,116629
167.98,287101
167.99,243599
168.0,307761
168.01,159932
168.02,13076
168.03,145448
168.04,258982
168.05,98836
168.06,-45545
168.07,43537
168.08,-18579
168.09,26431
168.1,86370
168.11,-78417
168.12,-78085
168.13,-92211
168.14,-106902
168.15,-76130
168.16,-142907
168.17,-40836
168.18,23608
168.19,-28954
168.2,-53570
168.21,-171708
168.22,-254622
168.23,-260593
168.24,-328528
168.25,-203870
168.26,15922
168.27,-57041
168.28,-127279
168.29,-114393
168.3,-233281
168.31,-281952
168.32,-178642
168.33,-119831
168.34,-88004
168.35,-71382
168.36,-199986
168.37,-319194
168.38,-336314
168.39,-254646
168.4,-247263
168.41,-468352
168.42,-525123
168.43,-414665
168.44,-345540
168.45,-267109
168.46,-306724
168.47,-510948
168.48,-512755
168.49,-308727
168.5,-274057
168.51,-130910
168.52,-20277
168.53,-187200
168.54,-191680
168.55,-186499
168.56,-254585
168.57,-272917
168.58,-328355
168.59,-290272
168.6,-383191
168.61,-441416
168.62,-246296
168.63,-141324
168.64,-118019
168.65,-120122
168.66,-185718
168.67,-297124
168.68,-288844
168.69,-290873
168.7,-276971
168.71,-275328
168.72,-444402
168.73,-465522
168.74,-420388
168.75,-353943
168.76,-378832
168.77,-430815
168.78,-362420
168.79,-284835
168.8,-176792
168.81,-205622
168.82,-128151
168.83,-40288
168.84,-220672
168.85,-334942
168.86,-451360
168.87,-429856
168.88,-338611
168.89,-362445
168.9,-303106
168.91,-448351
168.92,-419543
168.93,-327878
168.94,-322769
168.95,-243612
168.96,-444564
168.97,-456961
168.98,-272855
168.99,-290210
169.0,-510098
169.01,-439370
169.02,-285855
169.03,-427346
169.04,-349076
169.05,-412187
169.06,-613053
169.07,-562386
169.08,-435435
169.09,-267435
169.1,-353505
169.11,-433513
169.12,-335610
169.13,-584675
169.14,-692553
169.15,-535162
169.16,-734776
169.17,-809460
169.18,-676486
169.19,-710728
169.2,-567030
169.21,-623130
169.22,-712363
169.23,-515641
169.24,-606978
169.25,-678253
169.26,-673705
169.27,-736964
169.28,-755286
169.29,-828764
169.3,-827995
169.31,-768385
169.32,-794793
169.33,-777271
169.34,-785320
169.35,-874541
169.36,-897088
169.37,-1052013
169.38,-1025462
169.39,-841340
169.4,-925378
169.41,-969329
169.42,-908041
169.43,-942908
169.44,-1101313
169.45,-1154600
169.46,-1141187
169.47,-1176118
169.48,-1120271
169.49,-1031428
169.5,-976283
169.51,-1041456
169.52,-1127977
169.53,-1081710
169.54,-1026554
169.55,-1130808
169.56,-1223522
169.57,-1203491
169.58,-1156372
169.59,-1079601
169.6,-1260261
169.61,-1377807
169.62,-1212542
169.63,-1236898
169.64,-1236673
169.65,-1186431
169.66,-1267559
169.67,-1289931
169.68,-1333479
169.69,-1330058
169.7,-1243658
169.71,-1304794
169.72,-1470891
169.73,-1553962
169.74,-1460528
169.75,-1381931
169.76,-1370198
169.77,-1401029
169.78,-1457238
169.79,-1357303
169.8,-1427924
169.81,-1526570
169.82,-1549829
169.83,-1742155
169.84,-1678882
169.85,-1584335
169.86,-1540803
169.87,-1482046
169.88,-1596136
169.89,-1592400
169.9,-1688531
169.91,-1803155
169.92,-1732395
169.93,-1726585
169.94,-1685271
169.95,-1655366
169.96,-1640088
169.97,-1592205
169.98,-1746151
169.99,-1856113
170.0,-1787167
170.01,-1783196
170.02,-1664483
170.03,-1524599
170.04,-1585133
170.05,-1656482
170.06,-1638641
170.07,-1628858
170.08,-1576370
170.09,-1470853
170.1,-1565138
170.11,-1590969
170.12,-1507201
170.13,-1507376
170.14,-1391109
170.15,-1437702
170.16,-1510521
170.17,-1578299
170.18,-1785511
170.19,-1763078
170.2,-1818252
170.21,-1741616
170.22,-1480322
170.23,-1497897
170.24,-1552408
170.25,-1635813
170.26,-1588724
170.27,-1544186
170.28,-1517830
170.29,-1446868
170.3,-1385812
170.31,-1311989
170.32,-1447238
170.33,-1456760
170.34,-1623676
170.35,-1700009
170.36,-1542233
170.37,-1623503
170.38,-1532310
170.39,-1429881
170.4,-1486851
170.41,-1555353
170.42,-1645353
170.43,-1661561
170.44,-1504104
170.45,-1445426
170.46,-1575975
170.47,-1591879
170.48,-1523275
170.49,-1371425
170.5,-1352357
170.51,-1425705
170.52,-1402882
170.53,-1457549
170.54,-1395972
170.55,-1460450
170.56,-1553236
170.57,-1390753
170.58,-1344003
170.59,-1285766
170.6,-1162887
170.61,-1149415
170.62,-1316611
170.63,-1495872
170.64,-1434247
170.65,-1293181
170.66,-1315833
170.67,-1324024
170.68,-1273462
170.69,-1463252
170.7,-1525795
170.71,-1315115
170.72,-1359268
170.73,-1556287
170.74,-1395966
170.75,-1085955
170.76,-1218159
170.77,-1445977
170.78,-1484175
170.79,-1489704
170.8,-1402900
170.81,-1484734
170.82,-1417023
170.83,-1230233
170.84,-1315919
170.85,-1503896
170.86,-1534863
170.87,-1360265
170.88,-1437898
170.89,-1409450
170.9,-1341706
170.91,-1447869
170.92,-1395222
170.93,-1347566
170.94,-1244858
170.95,-1275344
170.96,-1332874
170.97,-1265118
170.98,-1319041
170.99,-1375163
171.0,-1414577
171.01,-1413750
171.02,-1319655
171.03,-1380299
171.04,-1463781
171.05,-1397348
171.06,-1401818
171.07,-1363784
171.08,-1245000
171.09,-1220556
171.1,-1265559
171.11,-1312019
171.12,-1348839
171.13,-1272364
171.14,-1179261
171.15,-1205026
171.16,-1151626
171.17,-1106778
171.18,-1111438
171.19,-1219627
171.2,-1285435
171.21,-1161200
171.22,-1162555
171.23,-1082167
171.24,-1027902
171.25,-1084742
171.26,-1139066
171.27,-1210425
171.28,-1008471
171.29,-971065
171.3,-1098079
171.31,-1055903
171.32,-1104904
171.33,-1089764
171.34,-1035498
171.35,-1072818
171.36,-1090808
171.37,-1130285
171.38,-1050059
171.39,-928838
171.4,-1013557
171.41,-1024077
171.42,-917029
171.43,-817057
171.44,-769683
171.45,-821251
171.46,-859693
171.47,-878035
171.48,-772660
171.49,-625732
171.5,-634714
171.51,-777707
171.52,-827633
171.53,-783666
171.54,-763515
171.55,-672675
171.56,-565397
171.57,-557425
171.58,-671326
171.59,-732832
171.6,-618950
171.61,-490097
171.62,-518974
171.63,-555816
171.64,-562477
171.65,-571061
171.66,-552846
171.67,-583502
171.68,-484900
171.69,-434563
171.7,-498019
171.71,-388193
171.72,-431389
171.73,-516233
171.74,-368437
171.75,-347317
171.76,-342055
171.77,-200387
171.78,-79027
171.79,-83262
171.8,-237083
171.81,-294440
171.82,-185647
171.83,-58240
171.84,-129413
171.85,-401636
171.86,-410246
171.87,-296054
171.88,-311625
171.89,-220986
171.9,-200319
171.91,-297988
171.92,-354080
171.93,-225872
171.94,-88384
171.95,-214158
171.96,-315681
171.97,-199796
171.98,-38392
171.99,-134005
172.0,-195120
172.01,-135073
172.02,-158578
172.03,-203727
172.04,-291718
172.05,-271233
172.06,-268201
172.07,-181393
172.08,-117472
172.09,-89989
172.1,53116
172.11,-86837
172.12,-110651
172.13,-18644
172.14,-47061
172.15,11946
172.16,-50822
172.17,-1390
172.18,162224
172.19,140343
172.2,79319
172.21,-28713
172.22,-189093
172.23,-42785
172.24,163048
172.25,140823
172.26,290104
172.27,250901
172.28,91564
172.29,269088
172.3,239508
172.31,29223
172.32,59047
172.33,216635
172.34,158050
172.35,66523
172.36,120900
172.37,209748
172.38,369708
172.39,306705
172.4,258961
172.41,317750
172.42,291538
172.43,410798
172.44,474381
172.45,383688
172.46,413669
172.47,451103
172.48,469502
172.49,554697
172.5,497540
172.51,511784
172.52,374939
172.53,278541
172.54,571859
172.55,360520
172.56,315960
172.57,538330
172.58,390416
172.59,685445
172.6,663983
172.61,502420
172.62,762564
172.63,557103
172.64,625509
172.65,728398
172.66,438973
172.67,658098
172.68,791926
172.69,633743
172.7,602053
172.71,608025
172.72,624968
172.73,617787
172.74,692597
172.75,668250
172.76,656748
172.77,725333
172.78,807236
172.79,795630
172.8,624048
172.81,781351
172.82,888982
172.83,668973
172.84,657866
172.85,850693
172.86,842717
172.87,682899
172.88,688173
172.89,781615
172.9,707295
172.91,638111
172.92,785363
172.93,746039
172.94,584476
172.95,670946
172.96,812791
172.97,734717
172.98,546468
172.99,618400
173.0,718177
173.01,640588
173.02,716072
173.03,696193
173.04,412192
173.05,288084
173.06,452058
173.07,516454
173.08,492475
173.09,756382
173.1,727192
173.11,386451
173.12,299325
173.13,382755
173.14,511699
173.15,470361
173.16,600682
173.17,678007
173.18,626364
173.19,549185
173.2,195609
173.21,92990
173.22,-143646
173.23,117410
173.24,794371
173.25,721513
173.26,647067
173.27,688863
173.28,460187
173.29,18570
173.3,205197
173.31,582593
173.32,378165
173.33,347311
173.34,283768
173.35,247245
173.36,290558
173.37,154150
173.38,89156
173.39,216106
173.4,259620
173.41,100307
173.42,67287
173.43,167471
173.44,166629
173.45,-78265
173.46,39575
173.47,181474
173.48,-45311
173.49,-28444
173.5,-85502
173.51,-109943
173.52,-41680
173.53,-52311
173.54,1558
173.55,-40659
173.56,129295
173.57,279877
173.58,-36684
173.59,-74567
173.6,96652
173.61,-95929
173.62,-164854
173.63,-86277
173.64,-131866
173.65,-78948
173.66,8462
173.67,-160143
173.68,-281365
173.69,-209660
173.7,-337238
173.71,-398023
173.72,-340985
173.73,-361504
173.74,-253294
173.75,-257505
173.76,-149241
173.77,-252554
173.78,-636662
173.79,-463911
173.8,-309790
173.81,-389289
173.82,-490186
173.83,-559145
173.84,-591946
173.85,-675192
173.86,-599613
173.87,-487253
173.88,-353470
173.89,-409362
173.9,-446164
173.91,-201321
173.92,-372624
173.93,-461141
173.94,-393718
173.95,-754461
173.96,-943981
173.97,-994566
173.98,-778142
173.99,-617698
174.0,-751613
174.01,-693363
174.02,-837822
174.03,-743022
174.04,-583922
174.05,-862474
174.06,-875976
174.07,-706294
174.08,-547740
174.09,-536164
174.1,-727051
174.11,-678442
174.12,-699129
174.13,-815687
174.14,-690801
174.15,-805193
174.16,-858584
174.17,-716542
174.18,-679700
174.19,-594650
174.2,-782869
174.21,-783671
174.22,-619043
174.23,-891410
174.24,-998957
174.25,-883404
174.26,-878088
174.27,-836345
174.28,-771424
174.29,-911161
174.3,-1198206
174.31,-1149465
174.32,-927398
174.33,-914256
174.34,-882486
174.35,-896153
174.36,-1053718
174.37,-972627
174.38,-583013
174.39,-530001
174.4,-1110525
174.41,-1423580
174.42,-755291
174.43,-793792
174.44,-1441556
174.45,-615243
174.46,-757489
174.47,-1221668
174.48,-351742
174.49,-984906
174.5,-1020888
174.51,-646924
174.52,-1287041
174.53,-871201
174.54,-1018070
174.55,-1197742
174.56,-606019
174.57,-634601
174.58,-655002
174.59,-472196
174.6,-478407
174.61,-585239
174.62,-644643
174.63,-877932
174.64,-964213
174.65,-877067
174.66,-942815
174.67,-817254
174.68,-787020
174.69,-815959
174.7,-780035
174.71,-721235
174.72,-753891
174.73,-989864
174.74,-858506
174.75,-778303
174.76,-926644
174.77,-879838
174.78,-711213
174.79,-571674
174.8,-781909
174.81,-923935
174.82,-908084
174.83,-1010262
174.84,-869461
174.85,-735000
174.86,-747426
174.87,-829581
174.88,-915168
174.89,-829168
174.9,-917692
174.91,-999683
174.92,-869471
174.93,-778428
174.94,-790066
174.95,-782546
174.96,-660932
174.97,-686531
174.98,-846816
174.99,-941119
175.0,-1062539
175.01,-983038
175.02,-677311
175.03,-791769
175.04,-953291
175.05,-820289
175.06,-815793
175.07,-750840
175.08,-641281
175.09,-696584
175.1,-936695
175.11,-1062226
175.12,-958391
175.13,-848294
175.14,-684863
175.15,-691581
175.16,-787942
175.17,-811108
175.18,-948501
175.19,-931583
175.2,-875445
175.21,-880653
175.22,-562162
175.23,-543954
175.24,-873710
175.25,-773581
175.26,-711080
175.27,-819009
175.28,-879299
175.29,-882571
175.3,-719819
175.31,-786321
175.32,-906710
175.33,-699087
175.34,-460973
175.35,-548928
175.36,-560619
175.37,-409012
175.38,-599064
175.39,-609218
175.4,-273969
175.41,-176307
175.42,-408388
175.43,-584386
175.44,-416423
175.45,-448789
175.46,-709002
175.47,-639146
175.48,-470485
175.49,-395860
175.5,-347587
175.51,-414849
175.52,-545233
175.53,-471058
175.54,-166809
175.55,-258403
175.56,-631268
175.57,-405096
175.58,-156388
175.59,-301925
175.6,-377281
175.61,-472690
175.62,-528735
175.63,-465422
175.64,-273651
175.65,-174256
175.66,-200246
175.67,-249796
175.68,-405875
175.69,-408955
175.7,-424283
175.71,-503845
175.72,-526829
175.73,-511877
175.74,-406367
175.75,-222355
175.76,18099
175.77,-24076
175.78,-75269
175.79,39065
175.8,3597
175.81,-198300
175.82,-526081
175.83,-561773
175.84,-298814
175.85,43534
175.86,132130
175.87,-118241
175.88,-150768
175.89,-160695
175.9,-438780
175.91,-561782
175.92,-368084
175.93,-394034
175.94,-345427
175.95,-151172
175.96,-232002
175.97,-40722
175.98,2454
175.99,-25575
176.0,148792
176.01,-110782
176.02,-193165
176.03,-40851
176.04,-29857
176.05,73618
176.06,79604
176.07,73857
176.08,322116
176.09,377932
176.1,120025
176.11,-49528
176.12,-99541
176.13,-67762
176.14,-199652
176.15,-318115
176.16,-221713
176.17,-87383
176.18,-41682
176.19,-116894
176.2,-5813
176.21,-25195
176.22,-28784
176.23,107741
176.24,14906
176.25,-171640
176.26,-500737
176.27,-500684
176.28,74158
176.29,444205
176.3,131926
176.31,162988
176.32,604223
176.33,93215
176.34,-379174
176.35,-287491
176.36,-207818
176.37,15549
176.38,-126609
176.39,17181
176.4,229162
176.41,-58738
176.42,104266
176.43,302478
176.44,165887
176.45,60502
176.46,141002
176.47,234230
176.48,141312
176.49,63034
176.5,199062
176.51,383407
176.52,289404
176.53,163148
176.54,165841
176.55,231669
176.56,251208
176.57,182619
176.58,169079
176.59,130471
176.6,194034
176.61,247344
176.62,213222
176.63,194506
176.64,88760
176.65,26487
176.66,151049
176.67,155607
176.68,3035
176.69,254579
176.7,343776
176.71,58103
176.72,35486
176.73,148951
176.74,233483
176.75,109099
176.76,96759
176.77,220069
176.78,47836
176.79,138663
176.8,278659
176.81,143833
176.82,264382
176.83,294416
176.84,216936
176.85,203759
176.86,169322
176.87,238123
176.88,198926
176.89,236555
176.9,300050
176.91,248593
176.92,192872
176.93,195271
176.94,116289
176.95,-143785
176.96,97707
176.97,164794
176.98,-43792
176.99,197656
177.0,257048
177.01,270143
177.02,286778
177.03,155110
177.04,102484
177.05,281217
177.06,223260
177.07,82813
177.08,241547
177.09,76122
177.1,172420
177.11,312092
177.12,205535
177.13,201759
177.14,162778
177.15,260546
177.16,90284
177.17,102810
177.18,258327
177.19,73636
177.2,164290
177.21,314670
177.22,249715
177.23,74156
177.24,69611
177.25,142705
177.26,122667
177.27,269765
177.28,204804
177.29,249864
177.3,394876
177.31,225408
177.32,163542
177.33,130138
177.34,121367
177.35,121233
177.36,113907
177.37,184443
177.38,73810
177.39,77738
177.4,120987
177.41,34134
177.42,159018
177.43,188398
177.44,195865
177.45,247820
177.46,150778
177.47,107787
177.48,37464
177.49,62215
177.5,196384
177.51,148420
177.52,221192
177.53,415385
177.54,304154
177.55,255017
177.56,424103
177.57,391252
177.58,338334
177.59,453998
177.6,468353
177.61,369786
177.62,275331
177.63,129762
177.64,4835
177.65,99443
177.66,250666
177.67,229408
177.68,118357
177.69,-11588
177.7,98274
177.71,306071
177.72,325300
177.73,385022
177.74,251177
177.75,137194
177.76,267896
177.77,265436
177.78,291406
177.79,78241
177.8,-101156
177.81,162711
177.82,44473
177.83,-79118
177.84,58122
177.85,-48512
177.86,113442
177.87,388477
177.88,332883
177.89,105210
177.9,35765
177.91,35048
177.92,-141310
177.93,-277196
177.94,-431923
177.95,-401345
177.96,-354112
177.97,-576282
177.98,-462902
177.99,-132042
178.0,-35003
178.01,-10483
178.02,267661
178.03,460583
178.04,307794
178.05,491817
178.06,499141
178.07,357245
178.08,337514
178.09,1520
178.1,-32469
178.11,22908
178.12,-142190
178.13,-158822
178.14,114036
178.15,79247
178.16,-91336
178.17,84610
178.18,4184
178.19,-104890
178.2,3923
178.21,115094
178.22,-30528
178.23,-125616
178.24,120820
178.25,48613
178.26,-34748
178.27,121252
178.28,-51339
178.29,-129234
178.3,-47085
178.31,-154429
178.32,-171091
178.33,-221151
178.34,-363269
178.35,-239295
178.36,886
178.37,-47774
178.38,-46409
178.39,102361
178.4,72409
178.41,15668
178.42,62130
178.43,127677
178.44,106899
178.45,-56182
178.46,-195483
178.47,-21046
178.48,112338
178.49,84713
178.5,118105
178.51,-17786
178.52,-74839
178.53,54270
178.54,88008
178.55,141733
178.56,116188
178.57,9611
178.58,22746
178.59,-101252
178.6,-156512
178.61,-83343
178.62,-178633
178.63,-198633
178.64,-218025
178.65,-282801
178.66,-167485
178.67,-73291
178.68,-139767
178.69,-142995
178.7,-134642
178.71,-126769
178.72,29071
178.73,23754
178.74,-47791
178.75,4456
178.76,-81740
178.77,21406
178.78,130303
178.79,-120759
178.8,-95677
178.81,-38091
178.82,-323035
178.83,-172649
178.84,125323
178.85,-4179
178.86,22726
178.87,25639
178.88,-87254
178.89,-47283
178.9,-140571
178.91,-134707
178.92,6942
178.93,37492
178.94,42550
178.95,109818
178.96,65419
178.97,31735
178.98,48381
178.99,-85066
179.0,-68684
179.01,-195011
179.02,-307034
179.03,-118882
179.04,-69787
179.05,-14037
179.06,22429
179.07,12105
179.08,-44445
179.09,-143745
179.1,-52473
179.11,6331
179.12,35747
179.13,-86418
179.14,-170325
179.15,5341
179.16,-22801
179.17,-63915
179.18,-245713
179.19,-383697
179.2,-237082
179.21,-234093
179.22,-164257
179.23,-86746
179.24,-239194
179.25,-377923
179.26,-293086
179.27,-185432
179.28,-351547
179.29,-496654
179.3,-324758
179.31,-411496
179.32,-542044
179.33,-304650
179.34,-241596
179.35,-190154
179.36,-180348
179.37,-304060
179.38,-368500
179.39,-482776
179.4,-565302
179.41,-540365
179.42,-483214
179.43,-508218
179.44,-463815
179.45,-479679
179.46,-552733
179.47,-553169
179.48,-488395
179.49,-393152
179.5,-581457
179.51,-699434
179.52,-528870
179.53,-480918
179.54,-587692
179.55,-613460
179.56,-562278
179.57,-480016
179.58,-394354
179.59,-315053
179.6,-228439
179.61,-315293
179.62,-381042
179.63,-383550
179.64,-484688
179.65,-540453
179.66,-581521
179.67,-599215
179.68,-713497
179.69,-787273
179.7,-653385
179.71,-615975
179.72,-610673
179.73,-455221
179.74,-382576
179.75,-545694
179.76,-499563
179.77,-435742
179.78,-666864
179.79,-560345
179.8,-410512
179.81,-602541
179.82,-657371
179.83,-699565
179.84,-885913
179.85,-924029
179.86,-706692
179.87,-523933
179.88,-653923
179.89,-754161
179.9,-708626
179.91,-745489
179.92,-807858
179.93,-867685
179.94,-809945
179.95,-800175
179.96,-796737
179.97,-710107
179.98,-871093
179.99,-900531
180.0,-799157
180.01,-895479
180.02,-980559
180.03,-948500
180.04,-839547
180.05,-835344
180.06,-837695
180.07,-822395
180.08,-870630
180.09,-890335
180.1,-858369
180.11,-757742
180.12,-728904
180.13,-758382
180.14,-892038
180.15,-1043138
180.16,-975965
180.17,-1011884
180.18,-996186
180.19,-871974
180.2,-955344
180.21,-921421
180.22,-842471
180.23,-749180
180.24,-691175
180.25,-793923
180.26,-768564
180.27,-712098
180.28,-701056
180.29,-802684
180.3,-781667
180.31,-627517
180.32,-611781
180.33,-595950
180.34,-739608
180.35,-757291
180.36,-625510
180.37,-678891
180.38,-571859
180.39,-482891
180.4,-597304
180.41,-476777
180.42,-390739
180.43,-475861
180.44,-300210
180.45,-223847
180.46,-429561
180.47,-523536
180.48,-522723
180.49,-584351
180.5,-488050
180.51,-401054
180.52,-511773
180.53,-437458
180.54,-409025
180.55,-513713
180.56,-491030
180.57,-521912
180.58,-534273
180.59,-498958
180.6,-445117
180.61,-343381
180.62,-298634
180.63,-186837
180.64,-167283
180.65,-241140
180.66,-277027
180.67,-359273
180.68,-429326
180.69,-407424
180.7,-295427
180.71,-271809
180.72,-223019
180.73,-219124
180.74,-242662
180.75,-275261
180.76,-303779
180.77,-138113
180.78,-101306
180.79,-117537
180.8,-175584
180.81,-262537
180.82,-265137
180.83,-290351
180.84,-161238
180.85,-111025
180.86,-176297
180.87,-152202
180.88,-186370
180.89,-154760
180.9,-110176
180.91,-153816
180.92,-121489
180.93,-59686
180.94,8852
180.95,93916
180.96,-689
180.97,-109012
180.98,18954
180.99,-90173
181.0,-236956
181.01,-149834
181.02,-188659
181.03,-125776
181.04,-55962
181.05,-85897
181.06,-55281
181.07,-86658
181.08,-75629
181.09,-48862
181.1,-115591
181.11,-57269
181.12,56684
181.13,2280
181.14,6346
181.15,44239
181.16,-83940
181.17,-86013
181.18,-17658
181.19,-55502
181.2,-73044
181.21,-108368
181.22,-21741
181.23,120125
181.24,128309
181.25,113065
181.26,74142
181.27,58184
181.28,185112
181.29,195334
181.3,44018
181.31,40287
181.32,4425
181.33,11688
181.34,117732
181.35,6290
181.36,-29189
181.37,103949
181.38,91712
181.39,85570
181.4,121026
181.41,59192
181.42,77700
181.43,71175
181.44,66823
181.45,172803
181.46,170308
181.47,140363
181.48,32153
181.49,-34937
181.5,52098
181.51,19382
181.52,60853
181.53,154719
181.54,171547
181.55,224051
181.56,155297
181.57,56888
181.58,4911
181.59,74973
181.6,178789
181.61,33800
181.62,1636
181.63,52826
181.64,11352
181.65,97794
181.66,174137
181.67,195227
181.68,151882
181.69,72868
181.7,152884
181.71,196890
181.72,68998
181.73,54267
181.74,134643
181.75,130912
181.76,145838
181.77,112726
181.78,83412
181.79,166858
181.8,82381
181.81,63902
181.82,114486
181.83,115341
181.84,167641
181.85,106110
181.86,102842
181.87,63687
181.88,159014
181.89,178160
181.9,118622
181.91,169348
181.92,97804
181.93,208184
181.94,219203
181.95,395662
181.96,390825
181.97,121504
181.98,210704
181.99,191878
182.0,236378
182.01,152720
182.02,57418
182.03,160936
182.04,317218
182.05,372724
182.06,210292
182.07,319539
182.08,266535
182.09,155301
182.1,312502
182.11,329283
182.12,225148
182.13,158165
182.14,180883
182.15,190334
182.16,203922
182.17,152534
182.18,149878
182.19,234075
182.2,237793
182.21,169209
182.22,91458
182.23,155135
182.24,150750
182.25,96819
182.26,170708
182.27,100049
182.28,30167
182.29,160883
182.3,194963
182.31,143094
182.32,148139
182.33,236204
182.34,129643
182.35,-53455
182.36,143335
182.37,146210
182.38,11118
182.39,187714
182.4,176114
182.41,94559
182.42,136913
182.43,134355
182.44,205232
182.45,80659
182.46,72021
182.47,137317
182.48,-40856
182.49,17930
182.5,-43150
182.51,-85118
182.52,42423
182.53,-15099
182.54,841
182.55,-33571
182.56,-68420
182.57,39422
182.58,52903
182.59,28059
182.6,-51908
182.61,-108378
182.62,-116079
182.63,-152691
182.64,-141140
182.65,-263748
182.66,-233232
182.67,-177070
182.68,-272186
182.69,-191397
182.7,-191078
182.71,-207709
182.72,-213802
182.73,-199058
182.74,-208606
182.75,-333411
182.76,-197540
182.77,-100781
182.78,-238538
182.79,-262113
182.8,-197878
182.81,-237386
182.82,-325205
182.83,-309155
182.84,-272961
182.85,-299570
182.86,-355401
182.87,-382720
182.88,-352606
182.89,-350693
182.9,-373807
182.91,-302577
182.92,-329295
182.93,-480989
182.94,-536214
182.95,-524201
182.96,-412088
182.97,-308921
182.98,-328967
182.99,-335284
183.0,-389111
183.01,-556796
183.02,-583493
183.03,-523769
183.04,-582332
183.05,-569020
183.06,-527828
183.07,-553362
183.08,-515488
183.09,-466382
183.1,-525020
183.11,-570871
183.12,-550305
183.13,-595248
183.14,-594315
183.15,-594751
183.16,-613983
183.17,-550440
183.18,-533157
183.19,-553784
183.2,-584328
183.21,-548739
183.22,-562357
183.23,-651408
183.24,-644341
183.25,-730188
183.26,-785724
183.27,-619742
183.28,-541852
183.29,-560979
183.3,-531689
183.31,-577905
183.32,-538534
183.33,-435618
183.34,-473273
183.35,-543423
183.36,-587978
183.37,-500884
183.38,-427664
183.39,-570990
183.4,-619389
183.41,-593697
183.42,-557620
183.43,-411400
183.44,-444114
183.45,-522186
183.46,-426448
183.47,-350284
183.48,-399983
183.49,-430904
183.5,-409797
183.51,-456718
183.52,-491397
183.53,-470802
183.54,-388337
183.55,-244562
183.56,-189554
183.57,-315893
183.58,-380976
183.59,-338111
183.6,-367060
183.61,-301577
183.62,-187396
183.63,-256858
183.64,-319798
183.65,-260648
183.66,-253062
183.67,-297564
183.68,-395711
183.69,-413713
183.7,-232713
183.71,-133524
183.72,-174631
183.73,-210868
183.74,-202957
183.75,-153011
183.76,-219919
183.77,-283800
183.78,-185619
183.79,-116396
183.8,-136461
183.81,-143040
183.82,-58939
183.83,-120119
183.84,-164460
183.85,-57112
183.86,-66713
183.87,-22702
183.88,-71337
183.89,-90195
183.9,34840
183.91,-21331
183.92,6244
183.93,108095
183.94,42499
183.95,-99149
183.96,-74178
183.97,129093
183.98,64562
183.99,-99454
184.0,37906
184.01,97778
184.02,6662
184.03,49268
184.04,125847
184.05,143406
184.06,164463
184.07,236573
184.08,206783
184.09,122302
184.1,247781
184.11,242274
184.12,89189
184.13,137542
184.14,83159
184.15,114817
184.16,259306
184.17,188269
184.18,205001
184.19,261144
184.2,267322
184.21,255124
184.22,191303
184.23,184036
184.24,161640
184.25,189664
184.26,240142
184.27,224851
184.28,281716
184.29,242361
184.3,275979
184.31,471291
184.32,385073
184.33,250978
184.34,214172
184.35,185678
184.36,294960
184.37,339584
184.38,245709
184.39,286340
184.4,397810
184.41,340790
184.42,290428
184.43,312118
184.44,285311
184.45,207990
184.46,213233
184.47,356330
184.48,386806
184.49,190189
184.5,160284
184.51,325628
184.52,237826
184.53,220233
184.54,354137
184.55,283146
184.56,271264
184.57,287012
184.58,160038
184.59,173020
184.6,308237
184.61,342504
184.62,254971
184.63,247919
184.64,322312
184.65,214076
184.66,198463
184.67,151755
184.68,156938
184.69,298006
184.7,50593
184.71,110541
184.72,292432
184.73,163516
184.74,188303
184.75,92500
184.76,137486
184.77,192771
184.78,20345
184.79,58376
184.8,56206
184.81,97991
184.82,98730
184.83,-46360
184.84,182053
184.85,218614
184.86,-43944
184.87,8654
184.88,177515
184.89,208071
184.9,-1319
184.91,37429
184.92,158023
184.93,-41310
184.94,-46686
184.95,18098
184.96,748
184.97,-68444
184.98,-54830
184.99,54318
185.0,-29362
185.01,-82579
185.02,-25110
185.03,-28420
185.04,-50095
185.05,-57497
185.06,-109908
185.07,-106389
185.08,17257
185.09,-37006
185.1,-137826
185.11,39993
185.12,65739
185.13,-39555
185.14,16298
185.15,-36467
185.16,-149167
185.17,-224911
185.18,-159997
185.19,-35478
185.2,-48069
185.21,-55071
185.22,-76747
185.23,-67115
185.24,-110047
185.25,-120686
185.26,-136011
185.27,-232651
185.28,-120409
185.29,-163637
185.3,-221157
185.31,-140966
185.32,-278739
185.33,-204969
185.34,-60086
185.35,-220152
185.36,-220288
185.37,-147520
185.38,-228919
185.39,-256115
185.4,-251792
185.41,-295660
185.42,-274644
185.43,-184274
185.44,-130337
185.45,-84881
185.46,-185955
185.47,-197685
185.48,-122712
185.49,-209451
185.5,-206798
185.51,-268767
185.52,-302588
185.53,-190074
185.54,-152390
185.55,-141337
185.56,-173901
185.57,-408276
185.58,-647477
185.59,-418480
185.6,-180232
185.61,-208063
185.62,-278907
185.63,-533043
185.64,-572516
185.65,-361152
185.66,-314791
185.67,-371944
185.68,-352073
185.69,-222581
185.7,-143841
185.71,-142915
185.72,-202523
185.73,-324314
185.74,-303430
185.75,-237404
185.76,-297388
185.77,-322291
185.78,-432025
185.79,-454915
185.8,-191798
185.81,-226110
185.82,-394820
185.83,-342381
185.84,-233883
185.85,-153397
185.86,-316879
185.87,-260561
185.88,-142133
185.89,-352356
185.9,-302306
185.91,-159709
185.92,-130792
185.93,-139713
185.94,-150459
185.95,-93973
185.96,-118620
185.97,-179424
185.98,-190001
185.99,-98513
186.0,-58451
186.01,-109655
186.02,-132387
186.03,-176734
186.04,-102361
186.05,-138337
186.06,-223879
186.07,-34971
186.08,-100009
186.09,-127790
186.1,23913
186.11,-94980
186.12,-146181
186.13,-138866
186.14,-27218
186.15,-19642
186.16,-204563
186.17,-194160
186.18,-179527
186.19,-101799
186.2,-38839
186.21,-2141
186.22,45666
186.23,-29415
186.24,-79742
186.25,-220305
186.26,-77002
186.27,89809
186.28,-57286
186.29,-55790
186.3,-255661
186.31,-343420
186.32,-132258
186.33,-97822
186.34,-126394
186.35,-195080
186.36,-135141
186.37,69350
186.38,72090
186.39,-39807
186.4,-70423
186.41,-112109
186.42,-167643
186.43,-147106
186.44,-99634
186.45,-105221
186.46,-73150
186.47,-74335
186.48,-142847
186.49,-182875
186.5,-200982
186.51,-136819
186.52,2009
186.53,79636
186.54,-54901
186.55,-249806
186.56,-218672
186.57,-179731
186.58,-265076
186.59,-160466
186.6,-110664
186.61,-166607
186.62,-45196
186.63,-106912
186.64,-212958
186.65,-146182
186.66,-200387
186.67,-172523
186.68,-121293
186.69,-258551
186.7,-258503
186.71,-203203
186.72,-243375
186.73,-96186
186.74,-124517
186.75,-269346
186.76,-230255
186.77,-352995
186.78,-325119
186.79,-306009
186.8,-327763
186.81,-226911
186.82,-291205
186.83,-241267
186.84,-160296
186.85,-253848
186.86,-381780
186.87,-372416
186.88,-286955
186.89,-212498
186.9,-328763
186.91,-535678
186.92,-381466
186.93,-337699
186.94,-467960
186.95,-341978
186.96,-338345
186.97,-485121
186.98,-515699
186.99,-481991
187.0,-347056
187.01,-260326
187.02,-289173
187.03,-338834
187.04,-299804
187.05,-235780
187.06,-349682
187.07,-232488
187.08,42607
187.09,95967
187.1,-46474
187.11,-252551
187.12,-182384
187.13,-160274
187.14,-202717
187.15,-150102
187.16,-403323
187.17,-364872
187.18,8714
187.19,17503
187.2,-51899
187.21,-167483
187.22,-236677
187.23,-145476
187.24,-229782
187.25,-283955
187.26,-178502
187.27,-134334
187.28,-139249
187.29,-18588
187.3,-58987
187.31,-137203
187.32,-46709
187.33,-131360
187.34,-109195
187.35,-117341
187.36,-280762
187.37,-167995
187.38,-52620
187.39,-166058
187.4,-160303
187.41,-135233
187.42,-163249
187.43,-111069
187.44,-243888
187.45,-235636
187.46,-101176
187.47,-135336
187.48,-117263
187.49,-152460
187.5,-152444
187.51,45693
187.52,167015
187.53,51321
187.54,26347
187.55,53227
187.56,6720
187.57,147910
187.58,82457
187.59,-7932
187.6,197535
187.61,97580
187.62,146090
187.63,400295
187.64,312507
187.65,209316
187.66,122812
187.67,67909
187.68,158291
187.69,186838
187.7,46338
187.71,105730
187.72,311615
187.73,266484
187.74,278701
187.75,373522
187.76,304202
187.77,350277
187.78,489676
187.79,442245
187.8,295667
187.81,377773
187.82,648282
187.83,625598
187.84,572493
187.85,555579
187.86,343347
187.87,302022
187.88,225581
187.89,-83250
187.9,-208651
187.91,-169354
187.92,-172783
187.93,-105188
187.94,-24780
187.95,100439
187.96,273633
187.97,489111
187.98,721727
187.99,802029
188.0,843730
188.01,895252
188.02,966082
188.03,940909
188.04,851068
188.05,823875
188.06,813849
188.07,810677
188.08,667137
188.09,478438
188.1,519308
188.11,643720
188.12,605107
188.13,575626
188.14,629260
188.15,633522
188.16,572812
188.17,576647
188.18,742283
188.19,888358
188.2,920314
188.21,839623
188.22,741366
188.23,688577
188.24,530835
188.25,508901
188.26,605726
188.27,503777
188.28,575796
188.29,740102
188.3,711517
188.31,677919
188.32,428149
188.33,349609
188.34,597241
188.35,557579
188.36,512144
188.37,556807
188.38,531934
188.39,470982
188.4,368118
188.41,427960
188.42,523164
188.43,583006
188.44,719410
188.45,875047
188.46,865066
188.47,811699
188.48,807613
188.49,725262
188.5,859557
188.51,846177
188.52,547946
188.53,464929
188.54,390801
188.55,328672
188.56,350952
188.57,362797
188.58,302601
188.59,228368
188.6,267403
188.61,410581
188.62,536493
188.63,332623
188.64,226975
188.65,413784
188.66,453686
188.67,435893
188.68,455774
188.69,476411
188.7,439834
188.71,355311
188.72,286359
188.73,165738
188.74,140402
188.75,200709
188.76,122960
188.77,-6376
188.78,-10761
188.79,-5036
188.8,-123481
188.81,-82159
188.82,-29188
188.83,-59112
188.84,35035
188.85,45035
188.86,77033
188.87,147933
188.88,141501
188.89,96905
188.9,73334
188.91,213825
188.92,296649
188.93,244937
188.94,188736
188.95,55426
188.96,-21844
188.97,54373
188.98,75027
188.99,-69491
189.0,-132634
189.01,-43569
189.02,27536
189.03,7429
189.04,-123152
189.05,-214540
189.06,-170377
189.07,-92308
189.08,-58865
189.09,-106807
189.1,-150837
189.11,-104983
189.12,-89785
189.13,-99546
189.14,-162529
189.15,-136365
189.16,-57268
189.17,-183038
189.18,-213569
189.19,-157487
189.2,-75826
189.21,-54032
189.22,-193290
189.23,-174370
189.24,-112308
189.25,-173951
189.26,-251556
189.27,-149475
189.28,-57009
189.29,-201489
189.3,-210365
189.31,-200617
189.32,-283512
189.33,-265698
189.34,-272724
189.35,-191844
189.36,-187015
189.37,-211088
189.38,-61091
189.39,-182463
189.4,-249427
189.41,-255735
189.42,-296510
189.43,-212919
189.44,-431055
189.45,-367595
189.46,-162108
189.47,-404755
189.48,-380470
189.49,-239934
189.5,-425568
189.51,-267679
189.52,-221963
189.53,-430773
189.54,-309880
189.55,-416083
189.56,-367292
189.57,-335796
189.58,-549530
189.59,-401918
189.6,-341315
189.61,-403717
189.62,-306641
189.63,-274152
189.64,-275472
189.65,-173462
189.66,-199122
189.67,-287682
189.68,-236217
189.69,-217938
189.7,-250076
189.71,-188333
189.72,-232267
189.73,-270597
189.74,-188677
189.75,-238953
189.76,-204997
189.77,-158781
189.78,-307178
189.79,-388349
189.8,-257077
189.81,-157883
189.82,-256731
189.83,-232653
189.84,-244623
189.85,-299986
189.86,-175234
189.87,-226854
189.88,-192548
189.89,-166351
189.9,-292729
189.91,-221715
189.92,-100279
189.93,-143568
189.94,-203226
189.95,-106201
189.96,-118128
189.97,-133593
189.98,-182523
189.99,-201038
190.0,-107250
190.01,-167597
190.02,-160028
190.03,-90700
190.04,-77923
190.05,-66420
190.06,-76818
190.07,-114418
190.08,-107419
190.09,-121050
190.1,-186437
190.11,-196895
190.12,-156597
190.13,-128646
190.14,-161154
190.15,-93442
190.16,-53209
190.17,-137827
190.18,-105611
190.19,-132017
190.2,-130641
190.21,-48980
190.22,-188142
190.23,-185045
190.24,-26957
190.25,-32252
190.26,-36314
190.27,-72327
190.28,-96723
190.29,-83997
190.3,-130488
190.31,-81489
190.32,-72176
190.33,-94355
190.34,-89122
190.35,-139199
190.36,-55667
190.37,-107139
190.38,-138692
190.39,-96183
190.4,-160567
190.41,-71095
190.42,-138419
190.43,-141248
190.44,-57442
190.45,-70239
190.46,-96912
190.47,-230457
190.48,-249310
190.49,-272538
190.5,-244388
190.51,-99363
190.52,-32442
190.53,-109038
190.54,-205920
190.55,-210376
190.56,-220254
190.57,-224799
190.58,-162813
190.59,-129673
190.6,-265921
190.61,-303358
190.62,-212859
190.63,-262385
190.64,-332381
190.65,-274858
190.66,-319937
190.67,-480990
190.68,-395768
190.69,-362089
190.7,-464265
190.71,-420356
190.72,-347431
190.73,-308299
190.74,-342256
190.75,-320660
190.76,-275974
190.77,-226463
190.78,-305186
190.79,-418708
190.8,-314313
190.81,-388168
190.82,-347530
190.83,-274239
190.84,-404416
190.85,-365724
190.86,-353563
190.87,-277830
190.88,-258052
190.89,-321405
190.9,-333778
190.91,-388518
190.92,-345638
190.93,-364358
190.94,-371336
190.95,-409203
190.96,-410970
190.97,-320207
190.98,-328040
190.99,-218637
191.0,-207064
191.01,-340035
191.02,-416794
191.03,-333836
191.04,-220491
191.05,-313992
191.06,-270351
191.07,-265354
191.08,-372164
191.09,-306456
191.1,-276367
191.11,-242766
191.12,-275499
191.13,-353833
191.14,-278837
191.15,-203577
191.16,-114443
191.17,-99422
191.18,-182784
191.19,-282122
191.2,-297091
191.21,-229750
191.22,-300912
191.23,-293230
191.24,-216913
191.25,-111654
191.26,-103482
191.27,-234019
191.28,-177453
191.29,-117373
191.3,-117945
191.31,-136032
191.32,-79255
191.33,-32782
191.34,-190752
191.35,-241436
191.36,-185895
191.37,-107787
191.38,12292
191.39,-32636
191.4,-122208
191.41,-75300
191.42,-31011
191.43,-91596
191.44,-183913
191.45,-158842
191.46,7252
191.47,-57229
191.48,-141772
191.49,-25378
191.5,-36657
191.51,29336
191.52,35600
191.53,22110
191.54,-22883
191.55,-130910
191.56,-5603
191.57,-117612
191.58,-28353
191.59,202258
191.6,73570
191.61,79276
191.62,-3100
191.63,-1659
191.64,44410
191.65,2570
191.66,-16552
191.67,-110225
191.68,-12973
191.69,-74859
191.7,-166352
191.71,-110517
191.72,-48635
191.73,-30909
191.74,-123784
191.75,-73771
191.76,-18919
191.77,-49510
191.78,-147577
191.79,-133582
191.8,-112711
191.81,-205104
191.82,-172737
191.83,-181094
191.84,-238519
191.85,-230062
191.86,-160832
191.87,-122796
191.88,-130230
191.89,-185346
191.9,-182266
191.91,-147240
191.92,-218353
191.93,-143546
191.94,-166951
191.95,-250917
191.96,-141762
191.97,-176900
191.98,-311804
191.99,-378033
192.0,-395031
192.01,-346210
192.02,-188369
192.03,-108481
192.04,-194155
192.05,-173630
192.06,-131076
192.07,-200591
192.08,-192473
192.09,-273431
192.1,-199648
192.11,-72686
192.12,-287659
192.13,-169396
192.14,-138444
192.15,-170559
192.16,-122477
192.17,-336663
192.18,-86316
192.19,-29418
192.2,-92241
192.21,-21869
192.22,-359041
192.23,-294705
192.24,-127683
192.25,-268373
192.26,-210950
192.27,-108626
192.28,-69644
192.29,-75409
192.3,-220375
192.31,-156340
192.32,-32822
192.33,-177066
192.34,-130583
192.35,-176023
192.36,-301415
192.37,-202167
192.38,-250404
192.39,-263744
192.4,-167512
192.41,-202938
192.42,-133088
192.43,-8805
192.44,-35242
192.45,26534
192.46,35430
192.47,74702
192.48,83074
192.49,65303
192.5,202298
192.51,84529
192.52,28310
192.53,69399
192.54,-61283
192.55,-92088
192.56,-199057
192.57,-110353
192.58,168458
192.59,51004
192.6,86959
192.61,136571
192.62,192624
192.63,385083
192.64,133930
192.65,132885
192.66,136369
192.67,2424
192.68,218341
192.69,126281
192.7,20368
192.71,212542
192.72,178791
192.73,185488
192.74,284327
192.75,203683
192.76,270353
192.77,230366
192.78,130037
192.79,166607
192.8,175899
192.81,286177
192.82,308332
192.83,216875
192.84,33435
192.85,216397
192.86,438303
192.87,157263
192.88,226294
192.89,333963
192.9,219210
192.91,128202
192.92,132663
192.93,385639
192.94,308182
192.95,300937
192.96,361823
192.97,248773
192.98,321276
192.99,225049
193.0,367766
193.01,473698
193.02,217092
193.03,129546
193.04,-31121
193.05,-43033
193.06,202509
193.07,193400
193.08,146136
193.09,293405
193.1,306804
193.11,244886
193.12,231112
193.13,297963
193.14,507874
193.15,513756
193.16,394364
193.17,357063
193.18,200344
193.19,234705
193.2,445094
193.21,341468
193.22,307742
193.23,389761
193.24,340964
193.25,327159
193.26,187746
193.27,397310
193.28,630476
193.29,462299
193.3,582236
193.31,538658
193.32,445014
193.33,558702
193.34,371844
193.35,221264
193.36,346584
193.37,537732
193.38,457806
193.39,388924
193.4,448201
193.41,297064
193.42,295683
193.43,387781
193.44,452520
193.45,450617
193.46,390458
193.47,354443
193.48,381522
193.49,445570
193.5,390818
193.51,462331
193.52,480519
193.53,484609
193.54,450499
193.55,414942
193.56,454260
193.57,312936
193.58,389910
193.59,462978
193.6,477723
193.61,544835
193.62,441073
193.63,547785
193.64,620542
193.65,567721
193.66,662827
193.67,654513
193.68,677153
193.69,807950
193.7,723581
193.71,599497
193.72,681324
193.73,630226
193.74,605308
193.75,634899
193.76,579186
193.77,700383
193.78,731132
193.79,780879
193.8,913437
193.81,946292
193.82,815853
193.83,587308
193.84,613427
193.85,731044
193.86,768326
193.87,729751
193.88,899089
193.89,1114404
193.9,814403
193.91,656883
193.92,707392
193.93,610822
193.94,685223
193.95,580147
193.96,473844
193.97,769668
193.98,862054
193.99,683500
194.0,678316
194.01,586232
194.02,473876
194.03,555789
194.04,471172
194.05,400699
194.06,425891
194.07,307397
194.08,371895
194.09,509924
194.1,516158
194.11,701556
194.12,780455
194.13,541826
194.14,479393
194.15,644307
194.16,669898
194.17,616849
194.18,546443
194.19,618852
194.2,547283
194.21,390571
194.22,653861
194.23,713047
194.24,647318
194.25,518717
194.26,484152
194.27,808349
194.28,740333
194.29,547178
194.3,543018
194.31,734601
194.32,770367
194.33,471840
194.34,447606
194.35,480766
194.36,515593
194.37,588142
194.38,586959
194.39,473639
194.4,562999
194.41,700180
194.42,348486
194.43,228438
194.44,321825
194.45,321960
194.46,397079
194.47,397307
194.48,260124
194.49,175679
194.5,307260
194.51,348223
194.52,231872
194.53,59558
194.54,55996
194.55,234596
194.56,148507
194.57,166980
194.58,261553
194.59,81437
194.6,225479
194.61,290697
194.62,89802
194.63,66397
194.64,-160192
194.65,-129396
194.66,73656
194.67,-67123
194.68,-65572
194.69,-65720
194.7,-52478
194.71,-22687
194.72,-208492
194.73,-105837
194.74,35204
194.75,20536
194.76,101721
194.77,-54998
194.78,-48162
194.79,92642
194.8,-44590
194.81,-22707
194.82,38768
194.83,-4287
194.84,-60568
194.85,-103425
194.86,-88728
194.87,-170460
194.88,-116782
194.89,-163142
194.9,-248118
194.91,-99861
194.92,-216286
194.93,-218958
194.94,-192066
194.95,-173135
194.96,-74692
194.97,-292561
194.98,-316326
194.99,-375697
195.0,-453577
195.01,-422995
195.02,-367356
195.03,-209381
195.04,-442142
195.05,-453245
195.06,-392772
195.07,-553306
195.08,-546232
195.09,-777741
195.1,-735403
195.11,-404349
195.12,-393194
195.13,-460724
195.14,-399684
195.15,-297105
195.16,-340773
195.17,-474513
195.18,-524091
195.19,-643170
195.2,-654066
195.21,-356487
195.22,-376754
195.23,-626922
195.24,-665953
195.25,-622013
195.26,-638233
195.27,-652071
195.28,-468416
195.29,-403091
195.3,-520418
195.31,-556761
195.32,-501913
195.33,-453505
195.34,-554048
195.35,-674827
195.36,-762608
195.37,-714358
195.38,-456109
195.39,-499461
195.4,-725542
195.41,-601629
195.42,-405979
195.43,-558599
195.44,-670915
195.45,-457462
195.46,-629983
195.47,-651135
195.48,-418317
195.49,-798130
195.5,-742578
195.51,-426682
195.52,-625184
195.53,-714022
195.54,-675815
195.55,-746041
195.56,-994489
195.57,-1002634
195.58,-741550
195.59,-676068
195.6,-536845
195.61,-453571
195.62,-461834
195.63,-512103
195.64,-758513
195.65,-744683
195.66,-541713
195.67,-387071
195.68,-497469
195.69,-713549
195.7,-705253
195.71,-613225
195.72,-422151
195.73,-346204
195.74,-449301
195.75,-688306
195.76,-708650
195.77,-560341
195.78,-612097
195.79,-659369
195.8,-655732
195.81,-594263
195.82,-683935
195.83,-739995
195.84,-616943
195.85,-599949
195.86,-626762
195.87,-536383
195.88,-291575
195.89,-292398
195.9,-599251
195.91,-721959
195.92,-611490
195.93,-617813
195.94,-746232
195.95,-843532
195.96,-859379
195.97,-740335
195.98,-611168
195.99,-583779
196.0,-645829
196.01,-680425
196.02,-553902
196.03,-428978
196.04,-380650
196.05,-270985
196.06,-244715
196.07,-130315
196.08,-115738
196.09,-114667
196.1,56914
196.11,-78107
196.12,-138804
196.13,-351553
196.14,-1000933
196.15,-1328575
196.16,-580037
196.17,87217
196.18,-159725
196.19,108214
196.2,-125510
196.21,-700996
196.22,-427735
196.23,-451423
196.24,-122189
196.25,470924
196.26,712741
196.27,941057
196.28,672573
196.29,255157
196.3,5975
196.31,-63049
196.32,18596
196.33,-352996
196.34,-435724
196.35,-361344
196.36,-662013
196.37,-526158
196.38,-345093
196.39,-107760
196.4,-108098
196.41,-323066
196.42,-374986
196.43,-639263
196.44,-458679
196.45,-74006
196.46,-138747
196.47,-375621
196.48,-362858
196.49,-260036
196.5,-193722
196.51,-53836
196.52,63408
196.53,165028
196.54,423424
196.55,769122
196.56,779528
196.57,616293
196.58,19969
196.59,-29021
196.6,335475
196.61,77133
196.62,269562
196.63,-76268
196.64,-268875
196.65,-148491
196.66,-288238
196.67,161225
196.68,-10390
196.69,348160
196.7,634647
196.71,416075
196.72,860793
196.73,553445
196.74,275967
196.75,110311
196.76,166081
196.77,375033
196.78,-178500
196.79,113769
196.8,603543
196.81,456383
196.82,480143
196.83,600285
196.84,619213
196.85,343090
196.86,129324
196.87,163813
196.88,91172
196.89,160896
196.9,507634
196.91,445887
196.92,402048
196.93,411724
196.94,200064
196.95,568095
196.96,629700
196.97,228418
196.98,82191
196.99,-37414
197.0,265481
197.01,188509
197.02,-219852
197.03,-69631
197.04,19866
197.05,224357
197.06,503300
197.07,556774
197.08,633832
197.09,794125
197.1,836471
197.11,846659
197.12,800784
197.13,438106
197.14,470317
197.15,434442
197.16,162654
197.17,278949
197.18,243471
197.19,433058
197.2,611607
197.21,693903
197.22,885334
197.23,503971
197.24,461317
197.25,810424
197.26,698278
197.27,584098
197.28,550718
197.29,623481
197.3,721001
197.31,631986
197.32,531128
197.33,281429
197.34,468334
197.35,915218
197.36,677654
197.37,325831
197.38,491434
197.39,769976
197.4,830581
197.41,735250
197.42,386899
197.43,403973
197.44,679791
197.45,706384
197.46,866780
197.47,776753
197.48,536093
197.49,522715
197.5,670184
197.51,758262
197.52,776302
197.53,1086549
197.54,947583
197.55,703077
197.56,929568
197.57,708600
197.58,516866
197.59,718531
197.6,885255
197.61,1183881
197.62,1028728
197.63,709090
197.64,903278
197.65,846577
197.66,844300
197.67,944909
197.68,729075
197.69,717425
197.7,762826
197.71,966569
197.72,933347
197.73,550119
197.74,798399
197.75,952132
197.76,966122
197.77,1069757
197.78,812903
197.79,635629
197.8,419447
197.81,308810
197.82,327161
197.83,436006
197.84,548934
197.85,406117
197.86,446417
197.87,497354
197.88,372978
197.89,237635
197.9,304025
197.91,564076
197.92,393029
197.93,97356
197.94,366307
197.95,543740
197.96,549483
197.97,602412
197.98,475659
197.99,615388
198.0,726928
198.01,538432
198.02,543930
198.03,609725
198.04,461039
198.05,404474
198.06,480949
198.07,705590
198.08,689084
198.09,515290
198.1,750097
198.11,453134
198.12,378798
198.13,737468
198.14,293507
198.15,206401
198.16,191334
198.17,-95895
198.18,17765
198.19,-55531
198.2,151943
198.21,531924
198.22,429545
198.23,413339
198.24,665331
198.25,427059
198.26,113870
198.27,189354
198.28,-40870
198.29,-314484
198.3,-477929
198.31,-296734
198.32,106519
198.33,240229
198.34,424004
198.35,459640
198.36,237969
198.37,-11651
198.38,9609
198.39,19985
198.4,-524094
198.41,-689590
198.42,-317548
198.43,248802
198.44,966662
198.45,1042811
198.46,678025
198.47,463383
198.48,525665
198.49,176480
198.5,-313539
198.51,-212375
198.52,-484838
198.53,-670920
198.54,-80465
198.55,622568
198.56,597806
198.57,16558
198.58,85181
198.59,395957
198.6,290958
198.61,233437
198.62,165999
198.63,310442
198.64,859927
198.65,670244
198.66,178355
198.67,322151
198.68,455941
198.69,344974
198.7,98193
198.71,-67721
198.72,-29747
198.73,101940
198.74,325217
198.75,609123
198.76,399307
198.77,43086
198.78,164167
198.79,166870
198.8,134439
198.81,179949
198.82,90031
198.83,123148
198.84,220441
198.85,20976
198.86,-16758
198.87,281236
198.88,260357
198.89,264675
198.9,439497
198.91,371614
198.92,206465
198.93,163761
198.94,234844
198.95,135142
198.96,51488
198.97,157818
198.98,-32723
198.99,-178406
199.0,-23480
199.01,-10905
199.02,6224
199.03,124222
199.04,423862
199.05,567509
199.06,392793
199.07,342247
199.08,164987
199.09,116565
199.1,220746
199.11,176947
199.12,258205
199.13,209337
199.14,276761
199.15,411800
199.16,120844
199.17,142567
199.18,428217
199.19,264329
199.2,101644
199.21,219957
199.22,257967
199.23,261940
199.24,291875
199.25,222593
199.26,145594
199.27,258514
199.28,342718
199.29,76598
199.3,-113060
199.31,17582
199.32,55657
199.33,-186677
199.34,-142804
199.35,-34756
199.36,-214955
199.37,-215046
199.38,-336978
199.39,-442134
199.4,-363023
199.41,-382346
199.42,-232494
199.43,-153878
199.44,-280629
199.45,-296968
199.46,-302755
199.47,-187728
199.48,-19613
199.49,-183343
199.5,-322709
199.51,-226562
199.52,-391196
199.53,-466272
199.54,-206998
199.55,-119607
199.56,-196431
199.57,-323794
199.58,-313599
199.59,-361012
199.6,-465294
199.61,-414498
199.62,-509591
199.63,-485631
199.64,-216080
199.65,-137675
199.66,-247546
199.67,-328724
199.68,-311916
199.69,-153547
199.7,-266933
199.71,-491900
199.72,-464871
199.73,-528923
199.74,-552183
199.75,-461698
199.76,-348709
199.77,-422472
199.78,-473978
199.79,-395834
199.8,-541626
199.81,-496853
199.82,-497755
199.83,-644600
199.84,-515975
199.85,-243853
199.86,-107548
199.87,-197275
199.88,-250783
199.89,-415186
199.9,-539378
199.91,-492311
199.92,-501727
199.93,-499990
199.94,-485390
199.95,-561761
199.96,-785811
199.97,-632542
199.98,-424248
199.99,-632106
200.0,-722992
200.01,-659172
200.02,-435720
200.03,-254276
200.04,-193325
200.05,-59435
200.06,-170398
200.07,-274202
200.08,-236521
200.09,-196870
200.1,77356
200.11,-82777
200.12,-745637
200.13,-920480
200.14,-471625
200.15,-285444
200.16,-292571
200.17,226947
200.18,-146462
200.19,-564486
200.2,-16230
200.21,-414309
200.22,-461338
200.23,-279691
200.24,-598977
200.25,-53655
200.26,-65759
200.27,-442609
200.28,-373202
200.29,-593488
200.3,-625346
200.31,-398990
200.32,-437676
200.33,-615973
200.34,-569630
200.35,-590880
200.36,-591455
200.37,-496528
200.38,-403234
200.39,-290186
200.4,-523760
200.41,-616852
200.42,-506304
200.43,-534717
200.44,-569712
200.45,-611343
200.46,-409533
200.47,-315625
200.48,-482971
200.49,-353531
200.5,-165488
200.51,-260138
200.52,-451950
200.53,-451409
200.54,-250466
200.55,-123129
200.56,-112040
200.57,-178839
200.58,-201276
200.59,-327710
200.6,-355764
200.61,-229669
200.62,-397862
200.63,-341505
200.64,-227314
200.65,-257405
200.66,-165060
200.67,-278658
200.68,-415974
200.69,-277950
200.7,-88036
200.71,-153141
200.72,141555
200.73,427309
200.74,27994
200.75,-175554
200.76,-124500
200.77,29938
200.78,-22349
200.79,-243074
200.8,-36859
200.81,127264
200.82,-100818
200.83,-305980
200.84,-281632
200.85,-499713
200.86,-504500
200.87,-11570
200.88,-61843
200.89,-407999
200.9,-160222
200.91,33099
200.92,-176766
200.93,-237931
200.94,-171332
200.95,-45131
200.96,-21412
200.97,-157486
200.98,-24713
200.99,-80242
201.0,-304950
201.01,-128977
201.02,-226253
201.03,-215437
201.04,109484
201.05,61015
201.06,-51082
201.07,-84340
201.08,-136888
201.09,-149013
201.1,-290593
201.11,-287190
201.12,-166462
201.13,-344041
201.14,-284457
201.15,-247445
201.16,-319193
201.17,-177787
201.18,-117609
201.19,-138058
201.2,-233494
201.21,-298367
201.22,-219041
201.23,-42291
201.24,-143599
201.25,-137144
201.26,60823
201.27,-136811
201.28,-176165
201.29,-31338
201.3,-199263
201.31,-171022
201.32,-49498
201.33,-127245
201.34,11872
201.35,16844
201.36,-58599
201.37,10044
201.38,139384
201.39,254986
201.4,164527
201.41,222523
201.42,329978
201.43,92676
201.44,-73251
201.45,204848
201.46,121619
201.47,-18758
201.48,292162
201.49,324133
201.5,299898
201.51,281700
201.52,197212
201.53,185386
201.54,157677
201.55,227636
201.56,339520
201.57,353448
201.58,393315
201.59,478806
201.6,376237
201.61,316751
201.62,453065
201.63,475711
201.64,382480
201.65,371319
201.66,466546
201.67,499267
201.68,464587
201.69,498845
201.7,515598
201.71,581874
201.72,680735
201.73,678808
201.74,733632
201.75,671354
201.76,462671
201.77,439970
201.78,510702
201.79,463993
201.8,309339
201.81,187983
201.82,131225
201.83,228042
201.84,273659
201.85,198968
201.86,340275
201.87,496174
201.88,420513
201.89,238031
201.9,297946
201.91,351790
201.92,289567
201.93,393906
201.94,226116
201.95,161652
201.96,261674
201.97,234465
201.98,294996
201.99,87984
202.0,156355
202.01,318051
202.02,330489
202.03,587106
202.04,526617
202.05,459697
202.06,543674
202.07,506427
202.08,622208
202.09,687878
202.1,524333
202.11,557748
202.12,724287
202.13,656558
202.14,462387
202.15,420691
202.16,471476
202.17,499447
202.18,557712
202.19,631071
202.2,672062
202.21,549128
202.22,497359
202.23,468272
202.24,475229
202.25,696933
202.26,768415
202.27,698690
202.28,608982
202.29,631539
202.3,620574
202.31,484122
202.32,602989
202.33,679695
202.34,617240
202.35,712644
202.36,672946
202.37,676571
202.38,912657
202.39,887835
202.4,763646
202.41,693177
202.42,586740
202.43,668429
202.44,744954
202.45,655475
202.46,686884
202.47,803294
202.48,774519
202.49,740541
202.5,771123
202.51,740707
202.52,650881
202.53,622587
202.54,657396
202.55,662156
202.56,587278
202.57,643872
202.58,808105
202.59,694722
202.6,598255
202.61,578354
202.62,477647
202.63,489431
202.64,549045
202.65,655882
202.66,658335
202.67,628898
202.68,598165
202.69,469295
202.7,459076
202.71,571743
202.72,697107
202.73,696556
202.74,749832
202.75,776648
202.76,581813
202.77,519016
202.78,577431
202.79,614315
202.8,555511
202.81,458305
202.82,516372
202.83,504651
202.84,411357
202.85,400905
202.86,441574
202.87,501254
202.88,571326
202.89,580676
202.9,478611
202.91,446897
202.92,491976
202.93,480272
202.94,368136
202.95,265943
202.96,379605
202.97,457599
202.98,400628
202.99,462342
203.0,474512
203.01,490614
203.02,457158
203.03,331362
203.04,311306
203.05,247285
203.06,285625
203.07,330820
203.08,372623
203.09,449976
203.1,282298
203.11,206080
203.12,307246
203.13,297508
203.14,268523
203.15,239983
203.16,200411
203.17,264906
203.18,256040
203.19,182705
203.2,213335
203.21,150264
203.22,120831
203.23,239267
203.24,273607
203.25,198874
203.26,150030
203.27,284330
203.28,349079
203.29,196016
203.3,145542
203.31,167878
203.32,146541
203.33,171139
203.34,168897
203.35,55428
203.36,57226
203.37,123296
203.38,32557
203.39,-11372
203.4,14460
203.41,128124
203.42,139937
203.43,-17413
203.44,43919
203.45,78876
203.46,-19567
203.47,65074
203.48,177595
203.49,120415
203.5,151253
203.51,175318
203.52,123581
203.53,174381
203.54,119883
203.55,96496
203.56,128685
203.57,114297
203.58,163500
203.59,175740
203.6,154884
203.61,191832
203.62,224767
203.63,216855
203.64,185421
203.65,149172
203.66,162322
203.67,88871
203.68,39711
203.69,148961
203.7,159377
203.71,132191
203.72,179961
203.73,202232
203.74,164564
203.75,101959
203.76,87749
203.77,138219
203.78,216931
203.79,187445
203.8,113362
203.81,78573
203.82,54178
203.83,23331
203.84,-74019
203.85,12982
203.86,89167
203.87,3559
203.88,92150
203.89,109182
203.9,93334
203.91,172489
203.92,66673
203.93,-38173
203.94,-14470
203.95,-21351
203.96,50663
203.97,150774
203.98,120487
203.99,54967
204.0,8313
204.01,47686
204.02,53858
204.03,-9887
204.04,1775
204.05,31408
204.06,71310
204.07,99333
204.08,6600
204.09,-39892
204.1,40823
204.11,-1537
204.12,-16212
204.13,25335
204.14,-14478
204.15,-4686
204.16,10844
204.17,-51679
204.18,-45431
204.19,123213
204.2,174516
204.21,97589
204.22,83428
204.23,88425
204.24,121634
204.25,133554
204.26,118689
204.27,79866
204.28,-30218
204.29,9346
204.3,75939
204.31,-5625
204.32,-9475
204.33,-3671
204.34,-71156
204.35,-136900
204.36,-111221
204.37,-91297
204.38,-151135
204.39,-96672
204.4,15410
204.41,53987
204.42,-21713
204.43,-85339
204.44,-78368
204.45,-95091
204.46,-75466
204.47,-44227
204.48,-33892
204.49,-76263
204.5,-104602
204.51,-29478
204.52,162
204.53,-100986
204.54,-74352
204.55,20302
204.56,-29443
204.57,46972
204.58,65586
204.59,52554
204.6,157465
204.61,119207
204.62,157401
204.63,190743
204.64,166872
204.65,233498
204.66,196413
204.67,186243
204.68,261568
204.69,284938
204.7,265179
204.71,208535
204.72,207844
204.73,237080
204.74,260908
204.75,247469
204.76,258190
204.77,351716
204.78,352087
204.79,267218
204.8,213374
204.81,262333
204.82,297708
204.83,348168
204.84,325626
204.85,159445
204.86,200131
204.87,219607
204.88,182146
204.89,296842
204.9,280443
204.91,288113
204.92,316438
204.93,349889
204.94,382999
204.95,185397
204.96,237832
204.97,244217
204.98,24135
204.99,-39966
205.0,-44846
205.01,162099
205.02,194178
205.03,128764
205.04,161974
205.05,96118
205.06,114201
205.07,-51707
205.08,-77150
205.09,49474
205.1,-40477
205.11,60650
205.12,28615
205.13,-28552
205.14,-11815
205.15,-8535
205.16,156552
205.17,-117760
205.18,-174113
205.19,-5847
205.2,-146356
205.21,-89527
205.22,-91536
205.23,-94184
205.24,-29659
205.25,-76173
205.26,-88421
205.27,57321
205.28,96582
205.29,63029
205.3,102695
205.31,87762
205.32,187432
205.33,95508
205.34,66604
205.35,134577
205.36,-12588
205.37,8310
205.38,66274
205.39,129540
205.4,120497
205.41,51102
205.42,109983
205.43,94575
205.44,-2050
205.45,77374
205.46,229612
205.47,149284
205.48,127046
205.49,34952
205.5,-103915
205.51,35736
205.52,9075
205.53,-56070
205.54,19608
205.55,48460
205.56,81713
205.57,104602
205.58,116873
205.59,-9437
205.6,-80699
205.61,-49468
205.62,-57137
205.63,76859
205.64,74698
205.65,-61581
205.66,-165608
205.67,-153189
205.68,-80641
205.69,-146023
205.7,-23968
205.71,5639
205.72,-111359
205.73,-44006
205.74,-38749
205.75,33458
205.76,20130
205.77,-225388
205.78,-200858
205.79,-218826
205.8,-298906
205.81,-89386
205.82,-149007
205.83,-446013
205.84,-565341
205.85,-417414
205.86,-244046
205.87,-400810
205.88,-910522
205.89,-1219418
205.9,-1079290
205.91,-1286088
205.92,-1512094
205.93,-1808522
205.94,-2507166
205.95,-2551253
205.96,-2648002
205.97,-3336717
205.98,-3986470
205.99,-4092773
206.0,-2900931
206.01,-1424218
206.02,-810142
206.03,-876023
206.04,-853933
206.05,-430373
206.06,-115142
206.07,635816
206.08,708080
206.09,93984
206.1,675524
206.11,116050
206.12,-293857
206.13,439347
206.14,398011
206.15,1599531
206.16,1387194
206.17,-138876
206.18,-739935
206.19,-924773
206.2,672197
206.21,213136
206.22,-1836623
206.23,-1673095
206.24,-964419
206.25,-522258
206.26,24529
206.27,1055442
206.28,1268678
206.29,273467
206.3,-276092
206.31,702455
206.32,1796344
206.33,404001
206.34,-963405
206.35,-1114852
206.36,-1484805
206.37,-222100
206.38,746824
206.39,-760066
206.4,-934595
206.41,-456434
206.42,-2130895
206.43,-2333486
206.44,-2432297
206.45,-3206693
206.46,-1613775
206.47,-2017506
206.48,-2175739
206.49,26619
206.5,-168097
206.51,-185818
206.52,1236840
206.53,1306983
206.54,670434
206.55,438382
206.56,-451695
206.57,-959497
206.58,-420990
206.59,-605255
206.6,-772002
206.61,252273
206.62,816599
206.63,-297094
206.64,-208333
206.65,339717
206.66,-887030
206.67,-718870
206.68,410940
206.69,-3330
206.7,-331214
206.71,-336066
206.72,-751220
206.73,-512449
206.74,-319822
206.75,-69635
206.76,-57659
206.77,-573868
206.78,-343262
206.79,-805550
206.8,-1026714
206.81,-373873
206.82,10756
206.83,486451
206.84,-14515
206.85,-550889
206.86,-605611
206.87,-1111455
206.88,-1740817
206.89,-1889014
206.9,-932087
206.91,-976687
206.92,-1818602
206.93,-1417456
206.94,-1134927
206.95,-1183784
206.96,-828959
206.97,-381520
206.98,-186169
206.99,-108282
207.0,-501408
207.01,-1193649
207.02,-1283781
207.03,-1145261
207.04,-976000
207.05,-1266445
207.06,-1155849
207.07,-1033785
207.08,-1366934
207.09,-52979
207.1,-217586
207.11,-1177224
207.12,-368158
207.13,-611015
207.14,-323515
207.15,238461
207.16,67234
207.17,-72906
207.18,-802079
207.19,-206695
207.2,127254
207.21,-761941
207.22,-775423
207.23,-442087
207.24,-32739
207.25,-212477
207.26,-486320
207.27,-265482
207.28,-626247
207.29,-813734
207.3,-330859
207.31,124276
207.32,741122
207.33,1471771
207.34,1884588
207.35,2212708
207.36,2320214
207.37,2481936
207.38,2678776
207.39,2829878
207.4,3617698
207.41,3795968
207.42,3974877
207.43,4771863
207.44,4697705
207.45,4456731
207.46,4277707
207.47,4029785
207.48,3559148
207.49,2490571
207.5,667086
207.51,-1684607
207.52,-3169526
207.53,-3314108
207.54,-2376057
207.55,-2244560
207.56,-3485168
207.57,-4224290
207.58,-4563731
207.59,-4615995
207.6,-3992391
207.61,-2145143
207.62,-724863
207.63,-288540
207.64,1588851
207.65,4669064
207.66,6999258
207.67,6298527
207.68,5339907
207.69,5250840
207.7,4030824
207.71,4444103
207.72,4722545
207.73,3577632
207.74,2823061
207.75,1649823
207.76,1879348
207.77,2887442
207.78,3257191
207.79,3420148
207.8,3259286
207.81,3844536
207.82,4018109
207.83,3808229
207.84,4131249
207.85,4257100
207.86,4053652
207.87,4128651
207.88,4446229
207.89,4710505
207.9,5379302
207.91,6184251
207.92,6265383
207.93,5481542
207.94,5463058
207.95,6228873
207.96,6370973
207.97,5703263
207.98,4734103
207.99,3803905
208.0,2385277
208.01,1250463
208.02,1540073
208.03,1849466
208.04,1989718
208.05,2555932
208.06,2456336
208.07,3162562
208.08,4474116
208.09,5423752
208.1,6402738
208.11,6522633
208.12,6504935
208.13,6743829
208.14,7098586
208.15,7080915
208.16,7369421
208.17,8045538
208.18,7937215
208.19,7354532
208.2,6178434
208.21,4897267
208.22,4070165
208.23,3732316
208.24,3808048
208.25,3634686
208.26,3173411
208.27,2876504
208.28,2676145
208.29,2518412
208.3,1851866
208.31,1574957
208.32,2010683
208.33,2014768
208.34,2555402
208.35,3270248
208.36,3801693
208.37,3976516
208.38,3851176
208.39,3786654
208.4,2838058
208.41,2616314
208.42,2926366
208.43,2936961
208.44,3332683
208.45,2980909
208.46,2341535
208.47,2261177
208.48,2175076
208.49,1933355
208.5,1957158
208.51,2402585
208.52,2638258
208.53,2686830
208.54,3038967
208.55,3333211
208.56,3610543
208.57,3916149
208.58,3750774
208.59,3296804
208.6,3518415
208.61,3949208
208.62,4163675
208.63,4546326
208.64,4145865
208.65,3557435
208.66,3645783
208.67,3642615
208.68,3283035
208.69,3228162
208.7,3745503
208.71,3910432
208.72,3715332
208.73,3913548
208.74,4062836
208.75,3719821
208.76,3197309
208.77,2847875
208.78,2927556
208.79,2980994
208.8,2875583
208.81,3087609
208.82,3022221
208.83,2598355
208.84,2776837
208.85,3115418
208.86,3485081
208.87,3887035
208.88,3637211
208.89,3528387
208.9,3208022
208.91,2577965
208.92,2592389
208.93,2874472
208.94,3296118
208.95,3479632
208.96,3704142
208.97,4018028
208.98,3591887
208.99,3181775
209.0,3125010
209.01,2746452
209.02,2432965
209.03,2603195
209.04,2412842
209.05,1927341
209.06,2228857
209.07,2865499
209.08,2992796
209.09,2928302
209.1,3073879
209.11,3392688
209.12,3341778
209.13,2942360
209.14,3097259
209.15,3456071
209.16,3707974
209.17,4212263
209.18,4296684
209.19,4141988
209.2,4103325
209.21,3997798
209.22,4294139
209.23,4323484
209.24,4353801
209.25,4897022
209.26,5291985
209.27,5416166
209.28,4786492
209.29,4347872
209.3,4460792
209.31,4194726
209.32,3984241
209.33,3953492
209.34,4082114
209.35,4069426
209.36,3625066
209.37,3211830
209.38,2580451
209.39,2196136
209.4,2247458
209.41,2056508
209.42,2195386
209.43,2338004
209.44,2090248
209.45,1930232
209.46,1936492
209.47,2289201
209.48,2819832
209.49,3105476
209.5,3129761
209.51,3283354
209.52,3402021
209.53,3215868
209.54,2971453
209.55,2816237
209.56,3014901
209.57,3270217
209.58,3596291
209.59,3862932
209.6,3629505
209.61,3656997
209.62,3581696
209.63,3432203
209.64,3648610
209.65,3682897
209.66,3777583
209.67,4063884
209.68,4346590
209.69,4534801
209.7,4749340
209.71,4761704
209.72,4637273
209.73,4544661
209.74,4399921
209.75,4407475
209.76,4324771
209.77,4029466
209.78,3686014
209.79,3693635
209.8,3725127
209.81,3527261
209.82,3644808
209.83,3643297
209.84,3445130
209.85,3441865
209.86,3437214
209.87,3489878
209.88,3617031
209.89,3657520
209.9,3576078
209.91,3460920
209.92,3381196
209.93,3333897
209.94,3414388
209.95,3463001
209.96,3345734
209.97,3335230
209.98,3320123
209.99,3223717
210.0,3305346
210.01,3306968
210.02,3323398
210.03,3157400
210.04,2831329
210.05,2905751
210.06,2837050
210.07,2739646
210.08,2685051
210.09,2514740
210.1,2710761
210.11,2883753
210.12,2576422
210.13,2446817
210.14,2546291
210.15,2437748
210.16,2552460
210.17,2538238
210.18,2448864
210.19,2376986
210.2,2170580
210.21,2201103
210.22,2003825
210.23,1967576
210.24,2160956
210.25,2324428
210.26,2752252
210.27,2908335
210.28,2986143
210.29,3151905
210.3,3174611
210.31,3154563
210.32,2996291
210.33,2941007
210.34,2964920
210.35,3000362
210.36,3114565
210.37,3306126
210.38,3479051
210.39,3520130
210.4,3636291
210.41,3606193
210.42,3418940
210.43,3283608
210.44,3139885
210.45,3064545
210.46,2935826
210.47,2749353
210.48,2845209
210.49,2963485
210.5,2845207
210.51,2837431
210.52,2857260
210.53,2812508
210.54,2989869
210.55,3167517
210.56,3157341
210.57,3180458
210.58,3112895
210.59,3101252
210.6,3164260
210.61,3087023
210.62,3100992
210.63,3039730
210.64,2870883
210.65,2874677
210.66,2961181
210.67,2934049
210.68,2895391
210.69,2946795
210.7,2887908
210.71,2932654
210.72,3062546
210.73,3233529
210.74,3382479
210.75,3232123
210.76,3317955
210.77,3229241
210.78,3004616
210.79,3136294
210.8,3074808
210.81,3381696
210.82,3580131
210.83,3328486
210.84,3444944
210.85,3389779
210.86,3141847
210.87,2976916
210.88,3030243
210.89,3206646
210.9,3121737
210.91,3201834
210.92,3173583
210.93,2948797
210.94,3111699
210.95,3287909
210.96,3175081
210.97,3012626
210.98,3021199
210.99,3079917
211.0,3031880
211.01,3063168
211.02,3130470
211.03,3153572
211.04,3290491
211.05,3400107
211.06,3489617
211.07,3502982
211.08,3349593
211.09,3349532
211.1,3328556
211.11,3313900
211.12,3383814
211.13,3374520
211.14,3343361
211.15,3097251
211.16,2945140
211.17,2954899
211.18,2848704
211.19,2922736
211.2,2957521
211.21,2797939
211.22,2711958
211.23,2617205
211.24,2635494
211.25,2837473
211.26,2963369
211.27,2940053
211.28,2802577
211.29,2776388
211.3,2819634
211.31,2868695
211.32,3171791
211.33,3316077
211.34,3043075
211.35,3002296
211.36,3130758
211.37,2977100
211.38,2971031
211.39,3021256
211.4,3030312
211.41,3129535
211.42,3012987
211.43,2845915
211.44,2821695
211.45,2819301
211.46,2839890
211.47,2943858
211.48,3026463
211.49,3170560
211.5,3241035
211.51,3160414
211.52,3072578
211.53,3001302
211.54,3090626
211.55,3121043
211.56,3209945
211.57,3230390
211.58,2845499
211.59,2834268
211.6,2900240
211.61,2627361
211.62,2750620
211.63,2793258
211.64,2644962
211.65,2600142
211.66,2472021
211.67,2630128
211.68,2662767
211.69,2525824
211.7,2630128
211.71,2539723
211.72,2549485
211.73,2800393
211.74,2872260
211.75,2819762
211.76,2617911
211.77,2558536
211.78,2817511
211.79,2771357
211.8,2555835
211.81,2725848
211.82,2804402
211.83,2633955
211.84,2644501
211.85,2636213
211.86,2506114
211.87,2442305
211.88,2504258
211.89,2545649
211.9,2454544
211.91,2527033
211.92,2709360
211.93,2750193
211.94,2696500
211.95,2621359
211.96,2641784
211.97,2540386
211.98,2357884
211.99,2463408
212.0,2500163
212.01,2529039
212.02,2656707
212.03,2588278
212.04,2526556
212.05,2474666
212.06,2487032
212.07,2401468
212.08,2198618
212.09,2321000
212.1,2405797
212.11,2374630
212.12,2413781
212.13,2446249
212.14,2497257
212.15,2423917
212.16,2427109
212.17,2460521
212.18,2433050
212.19,2355063
212.2,2291659
212.21,2493671
212.22,2528779
212.23,2475337
212.24,2638942
212.25,2763077
212.26,2624115
212.27,2460991
212.28,2512169
212.29,2461174
212.3,2585177
212.31,2671340
212.32,2531631
212.33,2607256
212.34,2592127
212.35,2594994
212.36,2624328
212.37,2531049
212.38,2618943
212.39,2606593
212.4,2737411
212.41,3052694
212.42,3004876
212.43,3059617
212.44,3173320
212.45,3116488
212.46,2950497
212.47,2835773
212.48,2984186
212.49,2947437
212.5,2951077
212.51,3001468
212.52,2884315
212.53,2902034
212.54,2799328
212.55,2622085
212.56,2502070
212.57,2448280
212.58,2462519
212.59,2381907
212.6,2213245
212.61,2000599
212.62,2023472
212.63,2033484
212.64,1987930
212.65,2094228
212.66,2027323
212.67,1947281
212.68,1905249
212.69,1838214
212.7,1841797
212.71,1883055
212.72,2001826
212.73,2098001
212.74,2029826
212.75,1943968
212.76,2137003
212.77,2350219
212.78,2331910
212.79,2412564
212.8,2403306
212.81,2230640
212.82,2198879
212.83,2164149
212.84,2127567
212.85,2003928
212.86,1888082
212.87,2034663
212.88,2177784
212.89,2174392
212.9,2107214
212.91,2130000
212.92,2170344
212.93,2061426
212.94,1878321
212.95,1735547
212.96,1776385
212.97,1825776
212.98,1821824
212.99,1888684
213.0,1827215
213.01,1917168
213.02,2195717
213.03,2066901
213.04,2028898
213.05,2157304
213.06,2058591
213.07,2119890
213.08,2096369
213.09,2071291
213.1,2041552
213.11,1953728
213.12,2051678
213.13,2086946
213.14,2354788
213.15,2322972
213.16,2133225
213.17,2299453
213.18,2233757
213.19,2319425
213.2,2287656
213.21,2139116
213.22,2158826
213.23,2139105
213.24,2268405
213.25,2267346
213.26,2273410
213.27,2311647
213.28,2253744
213.29,2336117
213.3,2461363
213.31,2425187
213.32,2379040
213.33,2560893
213.34,2611416
213.35,2522159
213.36,2456822
213.37,2329260
213.38,2383246
213.39,2424258
213.4,2376085
213.41,2498057
213.42,2561351
213.43,2462457
213.44,2470068
213.45,2550523
213.46,2553535
213.47,2546828
213.48,2490188
213.49,2447137
213.5,2478906
213.51,2433882
213.52,2312112
213.53,2298340
213.54,2412828
213.55,2501439
213.56,2473969
213.57,2352959
213.58,2298228
213.59,2342459
213.6,2378803
213.61,2299060
213.62,2202252
213.63,2337702
213.64,2423138
213.65,2397611
213.66,2455129
213.67,2379660
213.68,2302827
213.69,2332981
213.7,2316411
213.71,2201450
213.72,2228805
213.73,2378461
213.74,2232496
213.75,2113379
213.76,2255355
213.77,2263391
213.78,1988365
213.79,1697937
213.8,1709316
213.81,1889843
213.82,1766126
213.83,1625409
213.84,1789440
213.85,1676587
213.86,1544228
213.87,1770922
213.88,1789076
213.89,1702990
213.9,1828314
213.91,1784068
213.92,1758404
213.93,1801176
213.94,1732407
213.95,1904544
213.96,1919522
213.97,1841623
213.98,1987933
213.99,1999206
214.0,1996688
214.01,1989619
214.02,1922926
214.03,1840147
214.04,1844071
214.05,1924993
214.06,1849044
214.07,1752805
214.08,1788623
214.09,1942310
214.1,1932157
214.11,1853498
214.12,1843113
214.13,1837430
214.14,1906455
214.15,1835102
214.16,1833885
214.17,1902879
214.18,1852656
214.19,1952221
214.2,2097360
214.21,2026908
214.22,2021581
214.23,2052201
214.24,1989808
214.25,2020212
214.26,1986963
214.27,2115047
214.28,2202899
214.29,2056993
214.3,2130575
214.31,2212403
214.32,2117988
214.33,2032587
214.34,2106632
214.35,2146147
214.36,2072479
214.37,2054638
214.38,2070015
214.39,2036750
214.4,1993041
214.41,2047306
214.42,2017782
214.43,2110956
214.44,2225103
214.45,2048391
214.46,2005742
214.47,2026366
214.48,2052767
214.49,2117505
214.5,2144248
214.51,2391310
214.52,2426704
214.53,2292280
214.54,2412511
214.55,2369111
214.56,2271838
214.57,2276716
214.58,2222501
214.59,2252679
214.6,2326244
214.61,2324137
214.62,2253853
214.63,2260822
214.64,2336137
214.65,2332858
214.66,2312229
214.67,2214935
214.68,2167147
214.69,2306952
214.7,2427422
214.71,2426291
214.72,2388975
214.73,2425144
214.74,2328704
214.75,2183031
214.76,2228618
214.77,2215163
214.78,2180737
214.79,2283034
214.8,2145015
214.81,2083991
214.82,2263454
214.83,2065316
214.84,2065867
214.85,2270416
214.86,2187354
214.87,2197942
214.88,2194049
214.89,2105062
214.9,2147197
214.91,2108753
214.92,2037203
214.93,2124487
214.94,2047721
214.95,2013681
214.96,2117447
214.97,2122609
214.98,2125119
214.99,2083667
215.0,2027607
215.01,2005547
215.02,1957414
215.03,1890455
215.04,1909136
215.05,1814452
215.06,1827849
215.07,1985388
215.08,1910012
215.09,1822714
215.1,1781641
215.11,1836901
215.12,1923746
215.13,2019256
215.14,1971697
215.15,1957397
215.16,2245942
215.17,2208362
215.18,2190732
215.19,2319835
215.2,2201239
215.21,2309235
215.22,2401749
215.23,2282259
215.24,2298644
215.25,2409028
215.26,2483978
215.27,2366153
215.28,2246150
215.29,2321597
215.3,2291276
215.31,2263907
215.32,2433432
215.33,2430457
215.34,2298591
215.35,2259095
215.36,2326223
215.37,2416254
215.38,2324203
215.39,2372070
215.4,2580600
215.41,2440777
215.42,2215198
215.43,2240081
215.44,2060601
215.45,1913946
215.46,2093790
215.47,2061383
215.48,1964214
215.49,1929916
215.5,2016085
215.51,2060556
215.52,1846970
215.53,1914530
215.54,1977175
215.55,1936033
215.56,1934466
215.57,1941124
215.58,2108193
215.59,2130963
215.6,2179974
215.61,2118827
215.62,2041948
215.63,2125224
215.64,2137183
215.65,2215095
215.66,2057802
215.67,1954486
215.68,2068883
215.69,2068101
215.7,2068525
215.71,2088070
215.72,2088660
215.73,2004502
215.74,2063258
215.75,2287840
215.76,2225990
215.77,2041019
215.78,2067758
215.79,2207056
215.8,2236164
215.81,2113021
215.82,1963661
215.83,1817861
215.84,1850216
215.85,1856704
215.86,1842106
215.87,1936135
215.88,1924729
215.89,2013608
215.9,1972311
215.91,1796023
215.92,1782773
215.93,1838538
215.94,1828085
215.95,1709560
215.96,1685423
215.97,1752525
215.98,1792355
215.99,1804600
216.0,1826070
216.01,1846094
216.02,1873962
216.03,1810956
216.04,1728075
216.05,1636699
216.06,1597996
216.07,1688270
216.08,1598330
216.09,1506160
216.1,1592205
216.11,1708528
216.12,1705527
216.13,1696556
216.14,1620694
216.15,1475473
216.16,1625086
216.17,1706242
216.18,1680810
216.19,1678854
216.2,1534059
216.21,1602641
216.22,1660324
216.23,1692829
216.24,1927985
216.25,1865118
216.26,1812696
216.27,1917712
216.28,1972393
216.29,2034920
216.3,2013174
216.31,2124072
216.32,2099553
216.33,1951078
216.34,1977053
216.35,2014338
216.36,2098268
216.37,2117875
216.38,2102281
216.39,2090733
216.4,1967395
216.41,1936386
216.42,1947006
216.43,1899444
216.44,1856435
216.45,1845433
216.46,1912001
216.47,1935002
216.48,1880660
216.49,1845058
216.5,1876054
216.51,1941680
216.52,2036975
216.53,2083420
216.54,2054038
216.55,2157335
216.56,2209016
216.57,2033661
216.58,2023520
216.59,2073011
216.6,2008901
216.61,2084743
216.62,2100369
216.63,2105803
216.64,2168143
216.65,2083462
216.66,2085492
216.67,2055887
216.68,2002381
216.69,2143697
216.7,2070639
216.71,1987277
216.72,2116513
216.73,2059800
216.74,2012238
216.75,2000028
216.76,1951473
216.77,1988685
216.78,1954383
216.79,1996934
216.8,2016816
216.81,1875542
216.82,1843532
216.83,1866832
216.84,1801729
216.85,1708717
216.86,1640132
216.87,1607470
216.88,1694318
216.89,1815065
216.9,1747913
216.91,1751321
216.92,1810094
216.93,1611717
216.94,1549132
216.95,1633226
216.96,1607482
216.97,1543717
216.98,1531860
216.99,1621055
217.0,1706151
217.01,1714563
217.02,1558205
217.03,1448970
217.04,1472147
217.05,1484606
217.06,1467193
217.07,1489933
217.08,1581363
217.09,1613060
217.1,1635892
217.11,1551554
217.12,1512710
217.13,1539471
217.14,1447543
217.15,1599079
217.16,1628884
217.17,1400019
217.18,1456998
217.19,1527407
217.2,1472294
217.21,1388897
217.22,1403062
217.23,1570364
217.24,1493741
217.25,1405143
217.26,1448672
217.27,1447986
217.28,1423875
217.29,1322505
217.3,1423988
217.31,1491547
217.32,1391730
217.33,1389410
217.34,1335748
217.35,1331172
217.36,1466176
217.37,1447013
217.38,1296317
217.39,1318306
217.4,1337370
217.41,1348192
217.42,1396772
217.43,1311965
217.44,1155133
217.45,1113328
217.46,1221550
217.47,1283699
217.48,1280533
217.49,1287817
217.5,1379422
217.51,1379085
217.52,1369818
217.53,1448155
217.54,1424389
217.55,1454884
217.56,1458488
217.57,1461937
217.58,1504023
217.59,1559053
217.6,1686704
217.61,1710647
217.62,1802243
217.63,1860521
217.64,1638697
217.65,1616344
217.66,1747342
217.67,1657413
217.68,1742918
217.69,1714524
217.7,1552002
217.71,1610509
217.72,1461640
217.73,1482089
217.74,1574053
217.75,1500776
217.76,1575716
217.77,1500006
217.78,1404621
217.79,1486002
217.8,1442997
217.81,1291441
217.82,1332161
217.83,1295488
217.84,1183878
217.85,1150013
217.86,1053991
217.87,1099198
217.88,1095790
217.89,1067848
217.9,1085102
217.91,1063167
217.92,1047258
217.93,1046223
217.94,1120332
217.95,994471
217.96,951880
217.97,990123
217.98,904531
217.99,966859
218.0,974391
218.01,1034420
218.02,1097592
218.03,977533
218.04,997490
218.05,1071618
218.06,1008421
218.07,979903
218.08,1048549
218.09,1179078
218.1,1148676
218.11,1088698
218.12,1221247
218.13,1300672
218.14,1292702
218.15,1160663
218.16,1194523
218.17,1318735
218.18,1285304
218.19,1331571
218.2,1384834
218.21,1466549
218.22,1436145
218.23,1444571
218.24,1520345
218.25,1354694
218.26,1367674
218.27,1465003
218.28,1420256
218.29,1372322
218.3,1292217
218.31,1381805
218.32,1401465
218.33,1322557
218.34,1382464
218.35,1370566
218.36,1391666
218.37,1372996
218.38,1308680
218.39,1405433
218.4,1397650
218.41,1361001
218.42,1419203
218.43,1401447
218.44,1334922
218.45,1316260
218.46,1448503
218.47,1484739
218.48,1434723
218.49,1470468
218.5,1525174
218.51,1549073
218.52,1419565
218.53,1352379
218.54,1402220
218.55,1341892
218.56,1309205
218.57,1407697
218.58,1323333
218.59,1337322
218.6,1440355
218.61,1307377
218.62,1400905
218.63,1400582
218.64,1286580
218.65,1505294
218.66,1514207
218.67,1315705
218.68,1420441
218.69,1363591
218.7,1322834
218.71,1443770
218.72,1177909
218.73,1389210
218.74,1555588
218.75,1293581
218.76,1437899
218.77,1357557
218.78,1300107
218.79,1455414
218.8,1585429
218.81,1677683
218.82,1494469
218.83,1439886
218.84,1465040
218.85,1413215
218.86,1459559
218.87,1450220
218.88,1421678
218.89,1515208
218.9,1422736
218.91,1340090
218.92,1474392
218.93,1350652
218.94,1294226
218.95,1483857
218.96,1355449
218.97,1141408
218.98,1065013
218.99,1057983
219.0,1239823
219.01,1134836
219.02,1014219
219.03,1068805
219.04,1065159
219.05,1166538
219.06,1049087
219.07,1042319
219.08,1102850
219.09,1089291
219.1,1009951
219.11,877496
219.12,1103331
219.13,1112633
219.14,1012967
219.15,1023783
219.16,947066
219.17,1026236
219.18,1026741
219.19,942341
219.2,1023812
219.21,1261091
219.22,1434112
219.23,1336911
219.24,1138802
219.25,1107506
219.26,1317302
219.27,1234406
219.28,929431
219.29,1122951
219.3,1314092
219.31,1247284
219.32,1214547
219.33,1197549
219.34,1326271
219.35,1449166
219.36,1401204
219.37,1275859
219.38,1217891
219.39,1347877
219.4,1438227
219.41,1454380
219.42,1374325
219.43,1279127
219.44,1486532
219.45,1474609
219.46,1481371
219.47,1682154
219.48,1463275
219.49,1384766
219.5,1354371
219.51,1152345
219.52,1343923
219.53,1540091
219.54,1466186
219.55,1423702
219.56,1537568
219.57,1518025
219.58,1238416
219.59,1257093
219.6,1287964
219.61,1208380
219.62,1417254
219.63,1268250
219.64,1221179
219.65,1468631
219.66,1300252
219.67,1392337
219.68,1459481
219.69,1359952
219.7,1370680
219.71,1205288
219.72,1220951
219.73,1094487
219.74,1096194
219.75,1345770
219.76,1304327
219.77,1257972
219.78,1212231
219.79,1198526
219.8,1074746
219.81,926712
219.82,1035915
219.83,1007695
219.84,960908
219.85,1129641
219.86,1113433
219.87,1008100
219.88,1033784
219.89,939264
219.9,926083
219.91,1042872
219.92,978032
219.93,898209
219.94,899872
219.95,867100
219.96,880298
219.97,898261
219.98,854408
219.99,945405
220.0,1075661
220.01,1087235
220.02,1134630
220.03,1067357
220.04,947366
220.05,1081959
220.06,1106527
220.07,945088
220.08,948888
220.09,958622
220.1,796186
220.11,745852
220.12,992846
220.13,1141726
220.14,1120310
220.15,1020845
220.16,841886
220.17,940885
220.18,1001154
220.19,900505
220.2,665474
220.21,347283
220.22,779047
220.23,1182452
220.24,973732
220.25,750207
220.26,699969
220.27,995896
220.28,1115530
220.29,994091
220.3,825394
220.31,711089
220.32,634737
220.33,840254
220.34,1307587
220.35,974762
220.36,401165
220.37,366761
220.38,629246
220.39,899219
220.4,856319
220.41,573883
220.42,513096
220.43,628772
220.44,759764
220.45,981011
220.46,844469
220.47,656413
220.48,799737
220.49,925621
220.5,889307
220.51,844573
220.52,854588
220.53,801064
220.54,845212
220.55,868894
220.56,769998
220.57,775571
220.58,746249
220.59,612953
220.6,533318
220.61,695112
220.62,915509
220.63,935178
220.64,817688
220.65,790076
220.66,877172
220.67,791957
220.68,847592
220.69,874076
220.7,828222
220.71,803396
220.72,661728
220.73,943232
220.74,1021446
220.75,872460
220.76,871397
220.77,675566
220.78,707726
220.79,768495
220.8,791270
220.81,846743
220.82,789591
220.83,848193
220.84,841298
220.85,846803
220.86,954723
220.87,836505
220.88,549925
220.89,654858
220.9,915922
220.91,863467
220.92,925804
220.93,846318
220.94,654452
220.95,786714
220.96,821155
220.97,813133
220.98,775479
220.99,677220
221.0,786247
221.01,849149
221.02,818338
221.03,825967
221.04,777031
221.05,894350
221.06,958361
221.07,784264
221.08,875164
221.09,828906
221.1,720820
221.11,834266
221.12,810044
221.13,864140
221.14,842701
221.15,830520
221.16,706655
221.17,516930
221.18,655686
221.19,652914
221.2,703091
221.21,717103
221.22,664963
221.23,697748
221.24,598153
221.25,733016
221.26,792359
221.27,761955
221.28,721096
221.29,647926
221.3,858145
221.31,917994
221.32,921205
221.33,990485
221.34,889116
221.35,884788
221.36,963994
221.37,942657
221.38,929073
221.39,1043277
221.4,1066837
221.41,912006
221.42,815418
221.43,889683
221.44,1054154
221.45,1013676
221.46,918685
221.47,1055578
221.48,941235
221.49,749954
221.5,1044012
221.51,1129652
221.52,1032220
221.53,1037538
221.54,970841
221.55,1095585
221.56,1074305
221.57,1127677
221.58,1194762
221.59,1005272
221.6,1081200
221.61,1214417
221.62,1248244
221.63,1170166
221.64,1083598
221.65,1174396
221.66,1285138
221.67,1235627
221.68,1118055
221.69,1173085
221.7,1199648
221.71,1283666
221.72,1254899
221.73,1117543
221.74,1194277
221.75,1162301
221.76,1151047
221.77,1174828
221.78,1188687
221.79,1196919
221.8,1187388
221.81,1286894
221.82,1316965
221.83,1354042
221.84,1308395
221.85,1152271
221.86,1089744
221.87,1064300
221.88,1071216
221.89,1139406
221.9,1201666
221.91,1187862
221.92,1084013
221.93,1077545
221.94,1142976
221.95,1071026
221.96,1087182
221.97,1031439
221.98,1007078
221.99,1151666
222.0,1075677
222.01,1027948
222.02,1052968
222.03,1093346
222.04,1059487
222.05,884811
222.06,922776
222.07,913411
222.08,925429
222.09,1056710
222.1,850738
222.11,900930
222.12,1158092
222.13,1170468
222.14,1099410
222.15,850523
222.16,715033
222.17,702570
222.18,833866
222.19,1023368
222.2,1100402
222.21,1158084
222.22,1101177
222.23,980304
222.24,871490
222.25,852255
222.26,708353
222.27,672438
222.28,942442
222.29,817989
222.3,457590
222.31,781948
222.32,1166162
222.33,840940
222.34,1049586
222.35,1321935
222.36,1046475
222.37,1206976
222.38,996300
222.39,945685
222.4,1054786
222.41,887816
222.42,1029927
222.43,468756
222.44,505991
222.45,899068
222.46,542890
222.47,635799
222.48,698944
222.49,845093
222.5,894000
222.51,968613
222.52,1316374
222.53,1150321
222.54,1097841
222.55,1040547
222.56,870907
222.57,938294
222.58,975691
222.59,918432
222.6,817620
222.61,840163
222.62,646876
222.63,381745
222.64,499718
222.65,604624
222.66,525699
222.67,618887
222.68,831757
222.69,928194
222.7,1023546
222.71,926278
222.72,807656
222.73,974904
222.74,1043210
222.75,861315
222.76,650394
222.77,713490
222.78,769288
222.79,541978
222.8,387838
222.81,355317
222.82,381646
222.83,536776
222.84,805022
222.85,814820
222.86,754690
222.87,953578
222.88,1010044
222.89,915730
222.9,684567
222.91,483986
222.92,332460
222.93,217051
222.94,358224
222.95,453206
222.96,332558
222.97,290206
222.98,459871
222.99,462660
223.0,241494
223.01,-53230
223.02,-188043
223.03,-129040
223.04,-153624
223.05,-192155
223.06,-218045
223.07,-57398
223.08,246918
223.09,346113
223.1,322575
223.11,460584
223.12,526516
223.13,494528
223.14,679161
223.15,922314
223.16,1241587
223.17,1242654
223.18,895428
223.19,640738
223.2,292056
223.21,-38551
223.22,-117947
223.23,170075
223.24,610278
223.25,922770
223.26,1115614
223.27,1217917
223.28,1248459
223.29,1133356
223.3,1064628
223.31,1033924
223.32,859886
223.33,862756
223.34,820458
223.35,559743
223.36,445781
223.37,336778
223.38,258202
223.39,162258
223.4,118501
223.41,299005
223.42,333067
223.43,269499
223.44,171720
223.45,134356
223.46,425812
223.47,679583
223.48,731458
223.49,717950
223.5,664244
223.51,723009
223.52,664842
223.53,480079
223.54,515235
223.55,547636
223.56,524314
223.57,412656
223.58,327165
223.59,411117
223.6,302602
223.61,257461
223.62,384050
223.63,511306
223.64,502106
223.65,432174
223.66,438403
223.67,390484
223.68,536045
223.69,611377
223.7,595863
223.71,505616
223.72,220593
223.73,170921
223.74,233389
223.75,195794
223.76,148493
223.77,299488
223.78,460860
223.79,371106
223.8,238261
223.81,257078
223.82,259269
223.83,144070
223.84,151308
223.85,50218
223.86,-19603
223.87,142032
223.88,201985
223.89,296393
223.9,459333
223.91,542673
223.92,617979
223.93,602617
223.94,458159
223.95,487887
223.96,402218
223.97,224039
223.98,361514
223.99,341444
224.0,373506
224.01,460698
224.02,338757
224.03,231523
224.04,-17082
224.05,35710
224.06,351296
224.07,441142
224.08,394794
224.09,286410
224.1,325054
224.11,280607
224.12,104806
224.13,49220
224.14,6356
224.15,91296
224.16,115692
224.17,87087
224.18,159292
224.19,161104
224.2,154259
224.21,104729
224.22,192213
224.23,216383
224.24,106146
224.25,169402
224.26,192104
224.27,288002
224.28,450783
224.29,419247
224.3,303186
224.31,238660
224.32,183930
224.33,236535
224.34,278900
224.35,172446
224.36,151722
224.37,188271
224.38,206686
224.39,229400
224.4,203664
224.41,233808
224.42,288368
224.43,204459
224.44,208524
224.45,256583
224.46,187467
224.47,131723
224.48,51909
224.49,82277
224.5,278113
224.51,374445
224.52,430669
224.53,548599
224.54,608524
224.55,604348
224.56,512659
224.57,383085
224.58,357538
224.59,338957
224.6,263995
224.61,288440
224.62,250415
224.63,260016
224.64,471897
224.65,535388
224.66,460665
224.67,433161
224.68,544318
224.69,603885
224.7,525001
224.71,558674
224.72,593789
224.73,537064
224.74,471609
224.75,429971
224.76,504453
224.77,511487
224.78,333318
224.79,349095
224.8,488734
224.81,475857
224.82,626722
224.83,698666
224.84,638987
224.85,766227
224.86,713643
224.87,642176
224.88,550296
224.89,314614
224.9,280359
224.91,390798
224.92,414861
224.93,397809
224.94,528235
224.95,535093
224.96,437792
224.97,463777
224.98,523739
224.99,560014
225.0,514599
225.01,607021
225.02,610368
225.03,494621
225.04,503215
225.05,479087
225.06,491086
225.07,541948
225.08,750897
225.09,793179
225.1,674531
225.11,675341
225.12,531159
225.13,529134
225.14,530342
225.15,436638
225.16,442914
225.17,418013
225.18,525412
225.19,474160
225.2,320006
225.21,336381
225.22,321851
225.23,459514
225.24,552426
225.25,543586
225.26,566700
225.27,595922
225.28,834277
225.29,929759
225.3,822761
225.31,649531
225.32,519487
225.33,536881
225.34,413871
225.35,464069
225.36,476697
225.37,417596
225.38,633348
225.39,629756
225.4,602948
225.41,630776
225.42,500100
225.43,423559
225.44,321252
225.45,231321
225.46,284664
225.47,318998
225.48,415428
225.49,556518
225.5,503098
225.51,494173
225.52,535075
225.53,436600
225.54,405813
225.55,409141
225.56,334798
225.57,403082
225.58,532650
225.59,625839
225.6,578546
225.61,476014
225.62,582079
225.63,563329
225.64,584389
225.65,647609
225.66,469746
225.67,435330
225.68,700352
225.69,824133
225.7,382227
225.71,-33276
225.72,343257
225.73,812044
225.74,514863
225.75,524968
225.76,692951
225.77,307359
225.78,424248
225.79,495160
225.8,371298
225.81,333731
225.82,353329
225.83,633900
225.84,385989
225.85,312487
225.86,538725
225.87,555659
225.88,601731
225.89,431088
225.9,569096
225.91,792326
225.92,642762
225.93,607187
225.94,646201
225.95,547098
225.96,443277
225.97,487173
225.98,614015
225.99,666333
226.0,616849
226.01,641993
226.02,548316
226.03,416184
226.04,506810
226.05,523561
226.06,496007
226.07,362991
226.08,443018
226.09,574132
226.1,400944
226.11,484330
226.12,447120
226.13,305840
226.14,374623
226.15,440384
226.16,420199
226.17,456627
226.18,625753
226.19,427687
226.2,283407
226.21,329603
226.22,232367
226.23,382820
226.24,502073
226.25,477132
226.26,468179
226.27,420238
226.28,422939
226.29,371934
226.3,301527
226.31,419223
226.32,553957
226.33,505246
226.34,502319
226.35,364120
226.36,227833
226.37,366330
226.38,528683
226.39,619104
226.4,437755
226.41,394454
226.42,409297
226.43,177187
226.44,86860
226.45,152001
226.46,370891
226.47,291506
226.48,246713
226.49,533331
226.5,336400
226.51,186110
226.52,282716
226.53,362707
226.54,387791
226.55,205222
226.56,423654
226.57,470234
226.58,291957
226.59,486735
226.6,390268
226.61,187595
226.62,247120
226.63,278790
226.64,236661
226.65,282342
226.66,318491
226.67,304175
226.68,358014
226.69,381915
226.7,277978
226.71,335151
226.72,409623
226.73,204579
226.74,276658
226.75,267597
226.76,190817
226.77,376749
226.78,267817
226.79,312166
226.8,470023
226.81,412836
226.82,333539
226.83,165695
226.84,89216
226.85,133899
226.86,187456
226.87,220498
226.88,195996
226.89,124509
226.9,197657
226.91,338972
226.92,352120
226.93,451278
226.94,504958
226.95,477866
226.96,536846
226.97,510292
226.98,337729
226.99,221007
227.0,374247
227.01,440437
227.02,327447
227.03,340995
227.04,334971
227.05,307195
227.06,345706
227.07,314863
227.08,262020
227.09,311382
227.1,339036
227.11,343954
227.12,343982
227.13,378854
227.14,517153
227.15,440068
227.16,291692
227.17,381105
227.18,333103
227.19,248225
227.2,299057
227.21,294608
227.22,327577
227.23,411321
227.24,489303
227.25,464394
227.26,340550
227.27,244501
227.28,230707
227.29,224407
227.3,155588
227.31,147208
227.32,307168
227.33,317588
227.34,160873
227.35,127972
227.36,170530
227.37,446407
227.38,672086
227.39,597328
227.4,520514
227.41,526183
227.42,487170
227.43,389065
227.44,495099
227.45,665189
227.46,677700
227.47,559841
227.48,475060
227.49,456968
227.5,218378
227.51,-13302
227.52,50695
227.53,208170
227.54,363039
227.55,478240
227.56,451279
227.57,480352
227.58,430283
227.59,217902
227.6,265157
227.61,504156
227.62,498641
227.63,212389
227.64,223711
227.65,386161
227.66,358757
227.67,372141
227.68,299449
227.69,335645
227.7,445434
227.71,415152
227.72,353577
227.73,182270
227.74,253688
227.75,433253
227.76,503545
227.77,482405
227.78,216050
227.79,276535
227.8,430229
227.81,399403
227.82,402022
227.83,342522
227.84,358888
227.85,386763
227.86,469812
227.87,416797
227.88,438575
227.89,658684
227.9,517994
227.91,242901
227.92,273937
227.93,563646
227.94,563196
227.95,375360
227.96,248789
227.97,135692
227.98,293561
227.99,368272
228.0,424925
228.01,508338
228.02,366996
228.03,389332
228.04,479721
228.05,455190
228.06,345962
228.07,221560
228.08,329857
228.09,394723
228.1,361412
228.11,424398
228.12,352786
228.13,241104
228.14,269251
228.15,277952
228.16,308335
228.17,379544
228.18,423449
228.19,421435
228.2,280264
228.21,375230
228.22,414106
228.23,143813
228.24,241389
228.25,258299
228.26,37962
228.27,133282
228.28,164582
228.29,100621
228.3,159702
228.31,129719
228.32,219740
228.33,401002
228.34,411193
228.35,252786
228.36,126048
228.37,201165
228.38,154327
228.39,213724
228.4,395220
228.41,166253
228.42,5928
228.43,225654
228.44,331773
228.45,252601
228.46,175414
228.47,164862
228.48,233577
228.49,122072
228.5,153925
228.51,399806
228.52,375561
228.53,272131
228.54,170096
228.55,244117
228.56,317687
228.57,282187
228.58,291181
228.59,228837
228.6,235498
228.61,131563
228.62,138445
228.63,171775
228.64,152451
228.65,180243
228.66,96828
228.67,213254
228.68,156398
228.69,100086
228.7,160387
228.71,54778
228.72,147088
228.73,222230
228.74,271365
228.75,200014
228.76,-33983
228.77,-149642
228.78,-79238
228.79,206801
228.8,247217
228.81,203078
228.82,322769
228.83,181037
228.84,109791
228.85,288340
228.86,142237
228.87,92791
228.88,241413
228.89,141556
228.9,320868
228.91,395272
228.92,40877
228.93,-117352
228.94,-52310
228.95,12127
228.96,206785
228.97,328721
228.98,143549
228.99,219017
229.0,267282
229.01,237804
229.02,331582
229.03,169026
229.04,238959
229.05,279051
229.06,188214
229.07,215195
229.08,104203
229.09,153005
229.1,90864
229.11,-42952
229.12,-1133
229.13,-26922
229.14,5192
229.15,-31404
229.16,3902
229.17,76361
229.18,17304
229.19,133010
229.2,44875
229.21,-110206
229.22,-78202
229.23,-87207
229.24,10815
229.25,774
229.26,11875
229.27,12593
229.28,-112521
229.29,21350
229.3,15689
229.31,-100569
229.32,56239
229.33,85995
229.34,-78468
229.35,-139568
229.36,-144136
229.37,-171688
229.38,-77786
229.39,-85237
229.4,-105725
229.41,9211
229.42,-100987
229.43,-210840
229.44,-244946
229.45,-325447
229.46,-255548
229.47,-53793
229.48,-121601
229.49,-263095
229.5,-123689
229.51,-202601
229.52,-308649
229.53,-330760
229.54,-322913
229.55,-141644
229.56,-135136
229.57,-190207
229.58,-215731
229.59,-187103
229.6,-87319
229.61,-4071
229.62,-145191
229.63,-354550
229.64,-243162
229.65,-166121
229.66,-274744
229.67,-448528
229.68,-338587
229.69,-139388
229.7,-231189
229.71,-273434
229.72,-251723
229.73,-309750
229.74,-376319
229.75,-235014
229.76,-189562
229.77,-238360
229.78,-163315
229.79,-239793
229.8,-275426
229.81,-192519
229.82,-163057
229.83,-180633
229.84,-162740
229.85,-198750
229.86,-294546
229.87,-287186
229.88,-151083
229.89,-163246
229.9,-359392
229.91,-205185
229.92,-241386
229.93,-403460
229.94,-236749
229.95,-348720
229.96,-306603
229.97,-230801
229.98,-284856
229.99,-189310
230.0,-228438
230.01,-261197
230.02,-334029
230.03,-378714
230.04,-295049
230.05,-256616
230.06,-336471
230.07,-302046
230.08,-252050
230.09,-272506
230.1,-249614
230.11,-358971
230.12,-317047
230.13,-209740
230.14,-244303
230.15,-293984
230.16,-263945
230.17,-347199
230.18,-448151
230.19,-323132
230.2,-280910
230.21,-206204
230.22,-320962
230.23,-271878
230.24,7030
230.25,-290090
230.26,-322834
230.27,-111821
230.28,-227025
230.29,-253124
230.3,-277293
230.31,-194083
230.32,-174508
230.33,-333814
230.34,-357936
230.35,-337564
230.36,-377773
230.37,-454428
230.38,-282499
230.39,-180544
230.4,-388672
230.41,-367394
230.42,-251718
230.43,-257193
230.44,-212733
230.45,-163231
230.46,-156360
230.47,-175363
230.48,-200558
230.49,-137967
230.5,-65356
230.51,49660
230.52,141083
230.53,31864
230.54,-8878
230.55,-147919
230.56,-206962
230.57,-93230
230.58,-174231
230.59,-155363
230.6,-144845
230.61,-101332
230.62,-29188
230.63,-56493
230.64,-20768
230.65,-55378
230.66,-64729
230.67,-143596
230.68,-299133
230.69,-286216
230.7,-185736
230.71,-26468
230.72,-21449
230.73,-140107
230.74,-56042
230.75,15421
230.76,-165114
230.77,-388583
230.78,-281929
230.79,-212181
230.8,-338867
230.81,-263100
230.82,-127737
230.83,4351
230.84,-16849
230.85,-28160
230.86,41408
230.87,-110346
230.88,-200126
230.89,-77097
230.9,138242
230.91,173125
230.92,230690
230.93,491476
230.94,475287
230.95,456189
230.96,440848
230.97,179291
230.98,372910
230.99,727441
231.0,703380
231.01,912580
231.02,1118769
231.03,1051017
231.04,524333
231.05,-170555
231.06,12588
231.07,-54213
231.08,-127122
231.09,99744
231.1,-241999
231.11,-266951
231.12,-282195
231.13,-465116
231.14,-725817
231.15,-822524
231.16,-715795
231.17,-587260
231.18,-242067
231.19,-438840
231.2,-694409
231.21,-600833
231.22,-455929
231.23,-254093
231.24,-222245
231.25,-55880
231.26,28745
231.27,-89198
231.28,-20805
231.29,-62398
231.3,-219433
231.31,-331090
231.32,-262162
231.33,-79006
231.34,-11398
231.35,-41938
231.36,-16352
231.37,414382
231.38,1026758
231.39,1447525
231.4,1559073
231.41,1351387
231.42,934872
231.43,533434
231.44,192631
231.45,-144616
231.46,47978
231.47,307497
231.48,362039
231.49,341220
231.5,39589
231.51,216795
231.52,276749
231.53,224437
231.54,510985
231.55,470527
231.56,384584
231.57,245794
231.58,189649
231.59,120000
231.6,64919
231.61,133947
231.62,-14669
231.63,36174
231.64,141885
231.65,137019
231.66,185454
231.67,199737
231.68,168066
231.69,143646
231.7,135296
231.71,167274
231.72,93131
231.73,-256889
231.74,-341168
231.75,-64307
231.76,186249
231.77,339220
231.78,123743
231.79,-128711
231.8,-62339
231.81,-25980
231.82,66199
231.83,110473
231.84,94275
231.85,41882
231.86,-52305
231.87,-101641
231.88,-383678
231.89,-423391
231.9,-397214
231.91,-535221
231.92,-384485
231.93,-376637
231.94,-329068
231.95,-4915
231.96,95649
231.97,73973
231.98,-90153
231.99,-351116
232.0,-412911
232.01,-423635
232.02,-337483
232.03,-148922
232.04,85014
232.05,276232
232.06,188176
232.07,-35906
232.08,-207682
232.09,-301871
232.1,-321210
232.11,-471206
232.12,-368076
232.13,-96894
232.14,-111076
232.15,136348
232.16,127684
232.17,-162121
232.18,-194328
232.19,-217591
232.2,-139907
232.21,-178340
232.22,-154472
232.23,-133250
232.24,-249402
232.25,-294095
232.26,-326304
232.27,-163031
232.28,-177955
232.29,-378780
232.3,-331067
232.31,-211632
232.32,-121709
232.33,-111330
232.34,-152840
232.35,-277104
232.36,-414572
232.37,-311651
232.38,-256788
232.39,-311723
232.4,-331925
232.41,-361671
232.42,-168030
232.43,22621
232.44,144007
232.45,301153
232.46,109960
232.47,-58749
232.48,-27814
232.49,-148581
232.5,-240639
232.51,-239209
232.52,-234867
232.53,-138365
232.54,-74068
232.55,-159751
232.56,-256887
232.57,-302902
232.58,-204767
232.59,-285211
232.6,-447393
232.61,-304008
232.62,-378958
232.63,-445307
232.64,-393020
232.65,-463604
232.66,-507595
232.67,-711392
232.68,-675460
232.69,-523748
232.7,-383755
232.71,-214302
232.72,-435161
232.73,-545398
232.74,-369637
232.75,-273539
232.76,-352879
232.77,-555577
232.78,-491891
232.79,-243848
232.8,-323114
232.81,-330229
232.82,-64810
232.83,-189055
232.84,-471355
232.85,-282375
232.86,-182069
232.87,-372177
232.88,-278496
232.89,-233367
232.9,-350658
232.91,-348681
232.92,-354678
232.93,-348191
232.94,-381297
232.95,-423528
232.96,-330169
232.97,-366681
232.98,-480797
232.99,-375662
233.0,-293097
233.01,-434226
233.02,-439637
233.03,-312502
233.04,-333533
233.05,-216891
233.06,-158314
233.07,-133187
233.08,-59663
233.09,-241707
233.1,-310856
233.11,-333972
233.12,-441563
233.13,-390399
233.14,-337861
233.15,-344374
233.16,-259841
233.17,-278911
233.18,-341513
233.19,-350567
233.2,-320534
233.21,-297544
233.22,-454737
233.23,-449895
233.24,-456737
233.25,-407127
233.26,-247109
233.27,-392592
233.28,-422059
233.29,-397941
233.3,-360095
233.31,-153713
233.32,-137299
233.33,-282076
233.34,-340436
233.35,-195333
233.36,-141698
233.37,-152663
233.38,-121753
233.39,-279665
233.4,-329459
233.41,-314193
233.42,-427409
233.43,-417224
233.44,-345927
233.45,-296095
233.46,-107057
233.47,-102310
233.48,-301281
233.49,-167809
233.5,-100120
233.51,-134165
233.52,92224
233.53,-46295
233.54,-255283
233.55,-182644
233.56,-274312
233.57,-239735
233.58,-168445
233.59,-220279
233.6,-51635
233.61,38123
233.62,-103195
233.63,-223200
233.64,-406996
233.65,-553498
233.66,-453782
233.67,-462897
233.68,-589310
233.69,-591618
233.7,-667832
233.71,-473515
233.72,-225939
233.73,-289863
233.74,-173087
233.75,-224097
233.76,-412728
233.77,-286754
233.78,-248695
233.79,-131055
233.8,-76266
233.81,-329931
233.82,-439387
233.83,-396976
233.84,-276801
233.85,-331690
233.86,-391180
233.87,-364201
233.88,-355521
233.89,-372762
233.9,-509758
233.91,-421999
233.92,-414054
233.93,-544253
233.94,-641636
233.95,-619184
233.96,-476472
233.97,-586658
233.98,-503116
233.99,-390367
234.0,-431389
234.01,-306281
234.02,-265284
234.03,-199023
234.04,-217676
234.05,-260147
234.06,-101058
234.07,-195043
234.08,-311443
234.09,-260537
234.1,-370426
234.11,-311434
234.12,-193125
234.13,-110072
234.14,-78164
234.15,-332570
234.16,-341396
234.17,-200311
234.18,-278774
234.19,-267376
234.2,-95561
234.21,59996
234.22,95627
234.23,47157
234.24,-47261
234.25,-180395
234.26,-343249
234.27,-411179
234.28,-227210
234.29,-147506
234.3,-342458
234.31,-446221
234.32,-357348
234.33,-322493
234.34,-397410
234.35,-367724
234.36,-292215
234.37,-286500
234.38,-313612
234.39,-192889
234.4,-57067
234.41,-116326
234.42,-38899
234.43,-26702
234.44,-169218
234.45,-120651
234.46,-237427
234.47,-374675
234.48,-228267
234.49,-316080
234.5,-423726
234.51,-402914
234.52,-324503
234.53,-35271
234.54,-112723
234.55,-135578
234.56,2127
234.57,-203892
234.58,-240553
234.59,-242378
234.6,-276222
234.61,-263933
234.62,-86329
234.63,98833
234.64,-124173
234.65,-159024
234.66,-125439
234.67,-209076
234.68,-326425
234.69,-442945
234.7,-251176
234.71,-307895
234.72,-403639
234.73,-327441
234.74,-534005
234.75,-647388
234.76,-608603
234.77,-452297
234.78,-406240
234.79,-541761
234.8,-486671
234.81,-379677
234.82,-265042
234.83,-361478
234.84,-471458
234.85,-464476
234.86,-365421
234.87,-84488
234.88,-319733
234.89,-459586
234.9,-179342
234.91,-123474
234.92,24514
234.93,209970
234.94,75096
234.95,-337436
234.96,-212518
234.97,-149718
234.98,-567913
234.99,-324226
235.0,-191660
235.01,-267103
235.02,-243371
235.03,-377825
235.04,-328962
235.05,-283641
235.06,-229935
235.07,-243766
235.08,-429521
235.09,-467717
235.1,-421863
235.11,-516041
235.12,-464236
235.13,-412593
235.14,-564477
235.15,-605276
235.16,-437183
235.17,-353559
235.18,-342874
235.19,-270725
235.2,-359071
235.21,-405180
235.22,-346865
235.23,-243526
235.24,-210387
235.25,-363658
235.26,-395684
235.27,-313630
235.28,-360495
235.29,-429603
235.3,-428972
235.31,-351772
235.32,-276949
235.33,-308948
235.34,-288776
235.35,-454379
235.36,-524412
235.37,-365620
235.38,-522889
235.39,-611860
235.4,-519377
235.41,-488971
235.42,-506372
235.43,-469742
235.44,-340037
235.45,-302511
235.46,-337376
235.47,-343424
235.48,-211165
235.49,-112839
235.5,-211253
235.51,-287856
235.52,-368458
235.53,-356428
235.54,-335590
235.55,-502171
235.56,-461594
235.57,-423010
235.58,-409812
235.59,-293922
235.6,-379346
235.61,-430051
235.62,-418739
235.63,-416262
235.64,-368774
235.65,-392207
235.66,-487369
235.67,-599085
235.68,-618342
235.69,-525215
235.7,-557858
235.71,-596945
235.72,-531846
235.73,-580082
235.74,-661284
235.75,-576239
235.76,-464385
235.77,-442513
235.78,-272103
235.79,-310293
235.8,-419605
235.81,-268541
235.82,-396205
235.83,-472898
235.84,-401851
235.85,-404542
235.86,-396529
235.87,-675989
235.88,-723747
235.89,-524136
235.9,-542528
235.91,-516836
235.92,-544319
235.93,-531661
235.94,-495559
235.95,-528887
235.96,-509401
235.97,-408592
235.98,-344156
235.99,-394486
236.0,-373286
236.01,-604100
236.02,-752085
236.03,-563542
236.04,-251350
236.05,47977
236.06,-431226
236.07,-639476
236.08,-255944
236.09,-613946
236.1,-491113
236.11,-224067
236.12,-639339
236.13,-489963
236.14,-548601
236.15,-459542
236.16,-381045
236.17,-625195
236.18,-365398
236.19,-789239
236.2,-796000
236.21,-378241
236.22,-397181
236.23,-305170
236.24,-599697
236.25,-833580
236.26,-995110
236.27,-638567
236.28,-63257
236.29,-4688
236.3,-34475
236.31,-336358
236.32,-623916
236.33,-985087
236.34,-1159604
236.35,-844470
236.36,-508407
236.37,-550993
236.38,-664489
236.39,-372078
236.4,-312447
236.41,-467175
236.42,-488748
236.43,-610362
236.44,-693671
236.45,-563720
236.46,-612150
236.47,-567563
236.48,-436196
236.49,-518618
236.5,-468150
236.51,-439930
236.52,-530068
236.53,-629399
236.54,-366678
236.55,-394480
236.56,-718642
236.57,-734461
236.58,-902275
236.59,-727685
236.6,-794153
236.61,-1027974
236.62,-657258
236.63,-287502
236.64,-90090
236.65,-358049
236.66,-487070
236.67,-15769
236.68,-84123
236.69,-869281
236.7,-1084100
236.71,-690495
236.72,-511312
236.73,-521146
236.74,-733950
236.75,-777262
236.76,-478738
236.77,-540570
236.78,-580033
236.79,-290178
236.8,-407080
236.81,-694426
236.82,-786256
236.83,-614621
236.84,-502307
236.85,-798348
236.86,-693544
236.87,-453943
236.88,-643955
236.89,-740245
236.9,-772484
236.91,-772672
236.92,-583553
236.93,-451954
236.94,-678016
236.95,-801599
236.96,-673967
236.97,-727082
236.98,-581829
236.99,-516823
237.0,-592846
237.01,-511741
237.02,-745129
237.03,-876345
237.04,-871831
237.05,-1005247
237.06,-795175
237.07,-601953
237.08,-587415
237.09,-492869
237.1,-560272
237.11,-678641
237.12,-620926
237.13,-555744
237.14,-617254
237.15,-585888
237.16,-609370
237.17,-666964
237.18,-639364
237.19,-740221
237.2,-738477
237.21,-663292
237.22,-703614
237.23,-696135
237.24,-655683
237.25,-689593
237.26,-493758
237.27,-315650
237.28,-445864
237.29,-441009
237.3,-519550
237.31,-568130
237.32,-463536
237.33,-452034
237.34,-350689
237.35,-396825
237.36,-450001
237.37,-505505
237.38,-719984
237.39,-677976
237.4,-618982
237.41,-653110
237.42,-506598
237.43,-487735
237.44,-504272
237.45,-462965
237.46,-699504
237.47,-748569
237.48,-646272
237.49,-632829
237.5,-568550
237.51,-498565
237.52,-311133
237.53,-394111
237.54,-459764
237.55,-436411
237.56,-419943
237.57,-361995
237.58,-497771
237.59,-319996
237.6,-383076
237.61,-374916
237.62,-208893
237.63,-576206
237.64,-544737
237.65,-440741
237.66,-361816
237.67,-286795
237.68,-452835
237.69,-231773
237.7,-279705
237.71,-418441
237.72,-295487
237.73,-608698
237.74,-758547
237.75,-680247
237.76,-783524
237.77,-604257
237.78,-369454
237.79,-363897
237.8,-338905
237.81,-433021
237.82,-542001
237.83,-422588
237.84,-388702
237.85,-306901
237.86,-210205
237.87,-415949
237.88,-434045
237.89,-324988
237.9,-409878
237.91,-398607
237.92,-407189
237.93,-420176
237.94,-275534
237.95,-473522
237.96,-548314
237.97,-245656
237.98,-145037
237.99,-124068
238.0,-265242
238.01,-313053
238.02,-401875
238.03,-335897
238.04,-253423
238.05,-693720
238.06,-571373
238.07,-257092
238.08,-206543
238.09,-219516
238.1,-266959
238.11,-156367
238.12,-344764
238.13,-471641
238.14,-372107
238.15,-219055
238.16,-242829
238.17,-279429
238.18,18749
238.19,129051
238.2,194637
238.21,127182
238.22,-62644
238.23,-122906
238.24,-17050
238.25,308849
238.26,375386
238.27,364221
238.28,443713
238.29,577423
238.3,1050868
238.31,1981276
238.32,2856703
238.33,2480558
238.34,994165
238.35,-84578
238.36,-39895
238.37,511538
238.38,1163297
238.39,1766530
238.4,1207934
238.41,68273
238.42,98232
238.43,980697
238.44,1982394
238.45,2004223
238.46,650412
238.47,-384026
238.48,-958598
238.49,-1395768
238.5,-1095746
238.51,-790969
238.52,-867518
238.53,-472213
238.54,209744
238.55,-44386
238.56,-1301455
238.57,-1880773
238.58,-1244053
238.59,-878076
238.6,-645244
238.61,-505877
238.62,-705159
238.63,-452614
238.64,-719495
238.65,-1505031
238.66,-1479117
238.67,-1307467
238.68,-1155347
238.69,-748186
238.7,-828651
238.71,-615198
238.72,-543403
238.73,-991745
238.74,-855908
238.75,-684961
238.76,-448161
238.77,-118264
238.78,-519705
238.79,-713399
238.8,54609
238.81,-103075
238.82,-661396
238.83,-421024
238.84,-403431
238.85,-278784
238.86,32984
238.87,16093
238.88,-15864
238.89,164297
238.9,53980
238.91,-22384
238.92,-225614
238.93,-660882
238.94,-468495
238.95,-396121
238.96,-843352
238.97,-1096634
238.98,-635406
238.99,-223426
239.0,-305863
239.01,-363047
239.02,-519983
239.03,-616508
239.04,-693878
239.05,-730580
239.06,-724242
239.07,-762785
239.08,-851706
239.09,-890574
239.1,-655099
239.11,-637019
239.12,-965700
239.13,-1162972
239.14,-884385
239.15,-738416
239.16,-686542
239.17,-477160
239.18,-476815
239.19,-506210
239.2,-790576
239.21,-580849
239.22,-128527
239.23,-330466
239.24,-427900
239.25,-249948
239.26,-253765
239.27,-661821
239.28,-907540
239.29,-947249
239.3,-896006
239.31,-982936
239.32,-1341061
239.33,-1167508
239.34,-1017590
239.35,-1117133
239.36,-868917
239.37,-570021
239.38,-538777
239.39,-722594
239.4,-854815
239.41,-864671
239.42,-882183
239.43,-909051
239.44,-805840
239.45,-565814
239.46,-648023
239.47,-871149
239.48,-808804
239.49,-841364
239.5,-851604
239.51,-805322
239.52,-750703
239.53,-502003
239.54,-482933
239.55,-519691
239.56,-484820
239.57,-511301
239.58,-473105
239.59,-819317
239.6,-774129
239.61,-273981
239.62,-351846
239.63,-460533
239.64,-766059
239.65,-1298646
239.66,-1507031
239.67,-1302463
239.68,-611374
239.69,-465845
239.7,-675023
239.71,-632821
239.72,-860243
239.73,-839506
239.74,-1074986
239.75,-1601768
239.76,-1353377
239.77,-1145484
239.78,-1149199
239.79,-948493
239.8,-979822
239.81,-1090490
239.82,-1252020
239.83,-1344191
239.84,-1298684
239.85,-1161540
239.86,-902963
239.87,-723445
239.88,-522290
239.89,-587844
239.9,-647346
239.91,-757199
239.92,-725854
239.93,-624985
239.94,-1128324
239.95,-1123279
239.96,-933944
239.97,-1124570
239.98,-1360352
239.99,-1251023
240.0,-749997
240.01,-762631
240.02,-656245
240.03,-797095
240.04,-1259213
240.05,-1161908
240.06,-1316039
240.07,-1308258
240.08,-1120409
240.09,-1078653
240.1,-805769
240.11,-994091
240.12,-1456860
240.13,-1492707
240.14,-1357851
240.15,-1296256
240.16,-1172840
240.17,-1271264
240.18,-1815156
240.19,-1734754
240.2,-1080714
240.21,-1018926
240.22,-1023823
240.23,-900932
240.24,-936709
240.25,-1008619
240.26,-1204203
240.27,-1329491
240.28,-1337322
240.29,-1183375
240.3,-1010635
240.31,-1072303
240.32,-1098690
240.33,-908845
240.34,-917667
240.35,-1001341
240.36,-893539
240.37,-812134
240.38,-824020
240.39,-932443
240.4,-466317
240.41,-220458
240.42,-856551
240.43,-522289
240.44,133475
240.45,-352278
240.46,-594627
240.47,-778060
240.48,-1468183
240.49,-1610116
240.5,-1502669
240.51,-1109399
240.52,-668369
240.53,-631938
240.54,-678789
240.55,-586187
240.56,-466546
240.57,-935508
240.58,-815585
240.59,-788311
240.6,-1328796
240.61,-1170955
240.62,-1164930
240.63,-1063386
240.64,-1109789
240.65,-1189371
240.66,-1081429
240.67,-1730541
240.68,-2293132
240.69,-2385669
240.7,-2214926
240.71,-1994147
240.72,-2085081
240.73,-1996860
240.74,-1647582
240.75,-1599690
240.76,-1538225
240.77,-848726
240.78,-10648
240.79,294935
240.8,461987
240.81,442756
240.82,-52116
240.83,-686787
240.84,-954590
240.85,-655450
240.86,-1071512
240.87,-1479604
240.88,-1525918
240.89,-1794247
240.9,-1185171
240.91,-1085010
240.92,-818041
240.93,-101150
240.94,-306810
240.95,-219946
240.96,-664551
240.97,-953347
240.98,-873981
240.99,-1349646
241.0,-853567
241.01,-431263
241.02,-814532
241.03,-753314
241.04,-519961
241.05,-641747
241.06,-662972
241.07,-791661
241.08,-1116921
241.09,-914916
241.1,-780304
241.11,-1041584
241.12,-928081
241.13,-790262
241.14,-1021071
241.15,-1265631
241.16,-1156069
241.17,-860575
241.18,-785751
241.19,-610104
241.2,-953557
241.21,-1321658
241.22,-1184880
241.23,-1306923
241.24,-1069327
241.25,-890858
241.26,-715649
241.27,-537977
241.28,-553783
241.29,-31133
241.3,303608
241.31,337589
241.32,227722
241.33,-89878
241.34,-448483
241.35,-590028
241.36,-542463
241.37,-829031
241.38,-1376424
241.39,-1785039
241.4,-1453692
241.41,-1179497
241.42,-1116925
241.43,-788077
241.44,-830435
241.45,-525817
241.46,-284402
241.47,-368065
241.48,-232120
241.49,-305228
241.5,-81480
241.51,-52327
241.52,95549
241.53,185177
241.54,-302287
241.55,-275124
241.56,-212871
241.57,-7794
241.58,88055
241.59,20376
241.6,38522
241.61,-330109
241.62,-619515
241.63,-858134
241.64,-1025597
241.65,-933872
241.66,-856585
241.67,-1022496
241.68,-954380
241.69,-820657
241.7,-1017707
241.71,-817336
241.72,-634143
241.73,-793736
241.74,-820259
241.75,-937653
241.76,-793961
241.77,-427820
241.78,-589194
241.79,-918922
241.8,-777961
241.81,-591037
241.82,-612082
241.83,-654957
241.84,-731443
241.85,-582793
241.86,-641927
241.87,-995373
241.88,-935348
241.89,-617785
241.9,-731403
241.91,-806621
241.92,-607315
241.93,-591701
241.94,-420589
241.95,-661603
241.96,-911564
241.97,-795070
241.98,-840571
241.99,-751293
242.0,-744949
242.01,-738227
242.02,-951728
242.03,-1011297
242.04,-747763
242.05,-548554
242.06,-501332
242.07,-728886
242.08,-571047
242.09,-766506
242.1,-989227
242.11,-633017
242.12,-772158
242.13,-992224
242.14,-837642
242.15,-583492
242.16,-436643
242.17,-360399
242.18,-254730
242.19,-310735
242.2,-292272
242.21,-330833
242.22,-565479
242.23,-606661
242.24,-933541
242.25,-1105710
242.26,-1055168
242.27,-1384450
242.28,-1300606
242.29,-1138717
242.3,-997805
242.31,-694836
242.32,-1030337
242.33,-1415532
242.34,-1153673
242.35,-525300
242.36,-187923
242.37,-530696
242.38,-667274
242.39,-89214
242.4,331299
242.41,-353623
242.42,-723479
242.43,-462579
242.44,-734210
242.45,-1031435
242.46,-1193034
242.47,-638596
242.48,-451162
242.49,-649698
242.5,-451170
242.51,-488766
242.52,-472372
242.53,-694995
242.54,-876386
242.55,-955986
242.56,-938855
242.57,-1082636
242.58,-1082258
242.59,-618941
242.6,-290652
242.61,-419994
242.62,-1029719
242.63,-664894
242.64,-185226
242.65,-885625
242.66,-1026187
242.67,-617799
242.68,-552020
242.69,-632338
242.7,-640679
242.71,-4632
242.72,232706
242.73,-213624
242.74,-520879
242.75,-548909
242.76,-339087
242.77,-835823
242.78,-1196754
242.79,-883448
242.8,-933007
242.81,-984231
242.82,-772698
242.83,-952916
242.84,-868697
242.85,-204822
242.86,-77627
242.87,-64494
242.88,-127338
242.89,-453716
242.9,-151096
242.91,-132213
242.92,-873306
242.93,-948094
242.94,-675548
242.95,-686702
242.96,-271549
242.97,86642
242.98,-42360
242.99,-172630
243.0,-642180
243.01,-685361
243.02,-33073
243.03,-217996
243.04,-714677
243.05,-747348
243.06,-423549
243.07,-387864
243.08,-522760
243.09,-436108
243.1,-874844
243.11,-697114
243.12,-379405
243.13,-603848
243.14,-226298
243.15,-300814
243.16,-431177
243.17,-273075
243.18,-585200
243.19,-450289
243.2,-421974
243.21,-848482
243.22,-999576
243.23,-886242
243.24,-602368
243.25,-457889
243.26,-595596
243.27,-671333
243.28,-674471
243.29,-716633
243.3,-474472
243.31,-305719
243.32,-611031
243.33,-657091
243.34,-247446
243.35,-49581
243.36,-86386
243.37,-119647
243.38,-151461
243.39,-59239
243.4,42135
243.41,197565
243.42,586089
243.43,371080
243.44,-287416
243.45,-521566
243.46,-371389
243.47,20638
243.48,162180
243.49,91414
243.5,-9865
243.51,-136968
243.52,10985
243.53,118912
243.54,-163560
243.55,-298999
243.56,-255867
243.57,-487174
243.58,-613065
243.59,-489117
243.6,-329857
243.61,-12192
243.62,93179
243.63,-187169
243.64,-213896
243.65,-150562
243.66,-51724
243.67,131672
243.68,-231495
243.69,-446138
243.7,-303419
243.71,-339648
243.72,-355518
243.73,-531750
243.74,-488316
243.75,-285659
243.76,-275509
243.77,-172902
243.78,-20658
243.79,-79113
243.8,-268055
243.81,-88265
243.82,-101333
243.83,-308111
243.84,-252919
243.85,-299983
243.86,-130021
243.87,-14368
243.88,-81709
243.89,-34860
243.9,-130496
243.91,-194449
243.92,-247983
243.93,-200880
243.94,-156173
243.95,-388626
243.96,-463706
243.97,-277309
243.98,-243708
243.99,-321131
244.0,-209416
244.01,-293161
244.02,-484975
244.03,-586811
244.04,-891619
244.05,-719734
244.06,-434207
244.07,-617994
244.08,-485064
244.09,-349003
244.1,-450109
244.11,-594893
244.12,-631603
244.13,-505604
244.14,-627315
244.15,-673677
244.16,-508035
244.17,-461753
244.18,-650082
244.19,-686517
244.2,-536483
244.21,-572754
244.22,-456977
244.23,-351389
244.24,-391429
244.25,-300923
244.26,-138602
244.27,-138494
244.28,-281524
244.29,-325787
244.3,-390842
244.31,-368682
244.32,-330065
244.33,-290441
244.34,-243949
244.35,-320491
244.36,-201897
244.37,-156256
244.38,-248411
244.39,-175236
244.4,-14393
244.41,151092
244.42,46077
244.43,-153965
244.44,-162447
244.45,-213325
244.46,-390653
244.47,-584233
244.48,-660166
244.49,-580792
244.5,-523349
244.51,-538744
244.52,-308902
244.53,-269571
244.54,-738173
244.55,-893491
244.56,-840317
244.57,-901438
244.58,-902915
244.59,-787329
244.6,-433896
244.61,-394588
244.62,-504656
244.63,-388895
244.64,-564524
244.65,-695156
244.66,-675513
244.67,-586861
244.68,-550902
244.69,-474178
244.7,-200496
244.71,-400252
244.72,-415103
244.73,-338689
244.74,-408587
244.75,-281630
244.76,-337068
244.77,-197039
244.78,-242517
244.79,-359460
244.8,-249055
244.81,-312639
244.82,-286865
244.83,-293711
244.84,-239835
244.85,-68340
244.86,-87313
244.87,-95163
244.88,-139657
244.89,-184535
244.9,-92595
244.91,-123226
244.92,-159940
244.93,-202870
244.94,-229771
244.95,-154366
244.96,-207521
244.97,-146564
244.98,-138388
244.99,-309285
245.0,-131521
245.01,-116028
245.02,-383615
245.03,-233084
245.04,-207465
245.05,-365186
245.06,-366939
245.07,-533094
245.08,-567484
245.09,-595063
245.1,-706397
245.11,-612273
245.12,-610250
245.13,-733140
245.14,-783956
245.15,-722638
245.16,-691244
245.17,-744336
245.18,-624313
245.19,-474120
245.2,-546058
245.21,-514013
245.22,-374518
245.23,-569603
245.24,-775015
245.25,-753496
245.26,-783866
245.27,-865934
245.28,-965273
245.29,-880102
245.3,-706204
245.31,-709840
245.32,-669612
245.33,-623054
245.34,-818229
245.35,-817725
245.36,-665529
245.37,-739599
245.38,-785890
245.39,-778601
245.4,-631437
245.41,-590594
245.42,-707414
245.43,-549677
245.44,-545576
245.45,-753506
245.46,-701340
245.47,-611187
245.48,-648405
245.49,-649044
245.5,-606107
245.51,-625617
245.52,-802261
245.53,-927026
245.54,-762258
245.55,-843289
245.56,-1082205
245.57,-972634
245.58,-929902
245.59,-747926
245.6,-556859
245.61,-678741
245.62,-680703
245.63,-630312
245.64,-605072
245.65,-592463
245.66,-639578
245.67,-667221
245.68,-632082
245.69,-713568
245.7,-788403
245.71,-747438
245.72,-678941
245.73,-543317
245.74,-519967
245.75,-503759
245.76,-570075
245.77,-606028
245.78,-478774
245.79,-474457
245.8,-571031
245.81,-598423
245.82,-490762
245.83,-459866
245.84,-494972
245.85,-667200
245.86,-735125
245.87,-618245
245.88,-719979
245.89,-704472
245.9,-685155
245.91,-727532
245.92,-675703
245.93,-826212
245.94,-803314
245.95,-618696
245.96,-722536
245.97,-718624
245.98,-659457
245.99,-882266
246.0,-954966
246.01,-874589
246.02,-824251
246.03,-876360
246.04,-1000531
246.05,-761801
246.06,-489004
246.07,-621954
246.08,-609944
246.09,-462488
246.1,-639488
246.11,-888167
246.12,-1027427
246.13,-906243
246.14,-963743
246.15,-1080283
246.16,-798369
246.17,-841000
246.18,-963628
246.19,-1039891
246.2,-1140475
246.21,-1118167
246.22,-1198780
246.23,-1158896
246.24,-1049780
246.25,-930873
246.26,-797227
246.27,-795658
246.28,-722829
246.29,-424119
246.3,-489213
246.31,-694727
246.32,-642998
246.33,-837581
246.34,-941212
246.35,-906899
246.36,-1070171
246.37,-1199697
246.38,-1106476
246.39,-1006169
246.4,-1121653
246.41,-1077434
246.42,-1000104
246.43,-1127529
246.44,-1154207
246.45,-1039872
246.46,-973783
246.47,-993035
246.48,-915835
246.49,-879193
246.5,-1064424
246.51,-992652
246.52,-884417
246.53,-1022844
246.54,-878610
246.55,-913599
246.56,-931692
246.57,-933569
246.58,-1124658
246.59,-993664
246.6,-1101403
246.61,-1122460
246.62,-994285
246.63,-960636
246.64,-754807
246.65,-782543
246.66,-572603
246.67,-780583
246.68,-1489237
246.69,-1111090
246.7,-1276317
246.71,-1608022
246.72,-774111
246.73,-1081997
246.74,-1473008
246.75,-965618
246.76,-973531
246.77,-903354
246.78,-1217243
246.79,-1345163
246.8,-866133
246.81,-1490341
246.82,-1165828
246.83,-399131
246.84,-972056
246.85,-657467
246.86,-819633
246.87,-1458269
246.88,-1357142
246.89,-1298221
246.9,-934717
246.91,-868565
246.92,-798862
246.93,-894098
246.94,-1069838
246.95,-954164
246.96,-1024696
246.97,-1084833
246.98,-1315471
246.99,-986378
247.0,-602348
247.01,-993580
247.02,-1040827
247.03,-871028
247.04,-1029038
247.05,-1105323
247.06,-1256838
247.07,-890216
247.08,-552000
247.09,-1305328
247.1,-1185810
247.11,-770833
247.12,-1045518
247.13,-939552
247.14,-1120772
247.15,-1185382
247.16,-1147917
247.17,-1169789
247.18,-747611
247.19,-743883
247.2,-725522
247.21,-669904
247.22,-912897
247.23,-469969
247.24,-284291
247.25,-776909
247.26,-687444
247.27,-639430
247.28,-922368
247.29,-839569
247.3,-638524
247.31,-691465
247.32,-733420
247.33,-612469
247.34,-669488
247.35,-952027
247.36,-1373692
247.37,-1527851
247.38,-1715293
247.39,-1935484
247.4,-1688544
247.41,-1621769
247.42,-1648539
247.43,-1498126
247.44,-880569
247.45,125682
247.46,360033
247.47,-604165
247.48,-1191921
247.49,-223410
247.5,451332
247.51,-365718
247.52,-1402077
247.53,-880893
247.54,88243
247.55,287452
247.56,828629
247.57,590161
247.58,-567888
247.59,-1079266
247.6,-852184
247.61,-977507
247.62,-1184603
247.63,-677155
247.64,-452539
247.65,-417670
247.66,-545597
247.67,-475659
247.68,-339993
247.69,-739542
247.7,-696061
247.71,-799913
247.72,-1168430
247.73,-929023
247.74,-614226
247.75,-719243
247.76,-953892
247.77,-1007052
247.78,-992734
247.79,-1012640
247.8,-885946
247.81,-546432
247.82,-380281
247.83,-537119
247.84,-411213
247.85,-254616
247.86,-372443
247.87,507
247.88,400954
247.89,239132
247.9,-7014
247.91,-207571
247.92,-299737
247.93,-431166
247.94,-513545
247.95,-218236
247.96,-489015
247.97,-989271
247.98,-1101884
247.99,-1322628
248.0,-870526
248.01,-472720
248.02,-635592
248.03,-427752
248.04,-426982
248.05,-344242
248.06,-67640
248.07,-225444
248.08,-137622
248.09,-129789
248.1,-519985
248.11,-384659
248.12,-141797
248.13,-415693
248.14,-280711
248.15,145377
248.16,89192
248.17,-14255
248.18,17143
248.19,220140
248.2,71283
248.21,-362929
248.22,-372375
248.23,-506449
248.24,-779135
248.25,-669401
248.26,-663914
248.27,-928952
248.28,-1024019
248.29,-1037112
248.3,-707922
248.31,-412335
248.32,-190325
248.33,44981
248.34,-143870
248.35,-175849
248.36,-249299
248.37,-250221
248.38,-121937
248.39,-314901
248.4,-485582
248.41,-444037
248.42,-251197
248.43,-222326
248.44,-423904
248.45,-468569
248.46,-404901
248.47,-487802
248.48,-434626
248.49,-222243
248.5,-163771
248.51,-197283
248.52,-145487
248.53,-302748
248.54,-582303
248.55,-509608
248.56,-467373
248.57,-460932
248.58,-269402
248.59,-273559
248.6,-338807
248.61,-486555
248.62,-775799
248.63,-804760
248.64,-795575
248.65,-681217
248.66,-577786
248.67,-630206
248.68,-428038
248.69,-455280
248.7,-645636
248.71,-641880
248.72,-494706
248.73,-281225
248.74,-295071
248.75,-227905
248.76,-304270
248.77,-579775
248.78,-653913
248.79,-764830
248.8,-772849
248.81,-997917
248.82,-1085570
248.83,-697940
248.84,-802523
248.85,-1054370
248.86,-994311
248.87,-727215
248.88,-816930
248.89,-1049333
248.9,-802898
248.91,-887728
248.92,-829953
248.93,-722436
248.94,-845283
248.95,-720882
248.96,-826034
248.97,-816830
248.98,-890908
248.99,-976466
249.0,-795264
249.01,-856257
249.02,-846142
249.03,-782640
249.04,-774846
249.05,-750428
249.06,-754697
249.07,-740019
249.08,-670434
249.09,-483881
249.1,-522057
249.11,-569869
249.12,-452860
249.13,-510938
249.14,-564681
249.15,-505534
249.16,-430351
249.17,-623904
249.18,-828039
249.19,-826454
249.2,-869637
249.21,-726452
249.22,-578124
249.23,-514452
249.24,-506026
249.25,-690172
249.26,-625115
249.27,-629687
249.28,-916302
249.29,-976010
249.3,-842308
249.31,-647962
249.32,-754685
249.33,-982676
249.34,-755899
249.35,-580084
249.36,-807730
249.37,-736592
249.38,-542335
249.39,-738422
249.4,-866988
249.41,-890289
249.42,-927421
249.43,-992057
249.44,-1101514
249.45,-1034972
249.46,-954991
249.47,-929450
249.48,-805360
249.49,-780499
249.5,-890778
249.51,-910484
249.52,-966983
249.53,-987214
249.54,-857166
249.55,-864055
249.56,-836376
249.57,-761366
249.58,-874996
249.59,-989640
249.6,-951196
249.61,-963898
249.62,-1061973
249.63,-890632
249.64,-727750
249.65,-770765
249.66,-735943
249.67,-795704
249.68,-847424
249.69,-824060
249.7,-877921
249.71,-852846
249.72,-818873
249.73,-817550
249.74,-795261
249.75,-820644
249.76,-848255
249.77,-771685
249.78,-683677
249.79,-524212
249.8,-402614
249.81,-502147
249.82,-640913
249.83,-777145
249.84,-753176
249.85,-761401
249.86,-792707
249.87,-762477
249.88,-808724
249.89,-691913
249.9,-689892
249.91,-742944
249.92,-720427
249.93,-726153
249.94,-506889
249.95,-481845
249.96,-707183
249.97,-740573
249.98,-771713
249.99,-715022
250.0,-710005
250.01,-760197
250.02,-651258
250.03,-738266
250.04,-702594
250.05,-638473
250.06,-813019
250.07,-856522
250.08,-819206
250.09,-859544
250.1,-855529
250.11,-810907
250.12,-899426
250.13,-851926
250.14,-849837
250.15,-1014718
250.16,-985425
250.17,-1038368
250.18,-1027466
250.19,-910490
250.2,-922920
250.21,-922789
250.22,-1088126
250.23,-1005216
250.24,-874985
250.25,-1018089
250.26,-976758
250.27,-1025856
250.28,-984355
250.29,-951160
250.3,-1055511
250.31,-920154
250.32,-880288
250.33,-870984
250.34,-690364
250.35,-744067
250.36,-977333
250.37,-975209
250.38,-897283
250.39,-987171
250.4,-1027636
250.41,-964877
250.42,-1038513
250.43,-941544
250.44,-751316
250.45,-798920
250.46,-852688
250.47,-893415
250.48,-849928
250.49,-836121
250.5,-838968
250.51,-798912
250.52,-817896
250.53,-834711
250.54,-918086
250.55,-932185
250.56,-1002361
250.57,-1052674
250.58,-1065546
250.59,-1193429
250.6,-993075
250.61,-901314
250.62,-1087556
250.63,-1063460
250.64,-984725
250.65,-944948
250.66,-1074910
250.67,-1134363
250.68,-1045455
250.69,-1053524
250.7,-938123
250.71,-1019100
250.72,-1242191
250.73,-1150831
250.74,-1057767
250.75,-1105776
250.76,-1153382
250.77,-1041775
250.78,-961533
250.79,-921162
250.8,-916750
250.81,-1125608
250.82,-1026914
250.83,-838887
250.84,-888988
250.85,-906231
250.86,-950928
250.87,-853044
250.88,-667120
250.89,-808222
250.9,-929491
250.91,-843448
250.92,-883707
250.93,-733706
250.94,-619087
250.95,-769305
250.96,-730796
250.97,-578942
250.98,-587967
250.99,-613626
251.0,-603401
251.01,-677765
251.02,-533155
251.03,-512276
251.04,-600975
251.05,-527873
251.06,-534464
251.07,-533885
251.08,-548577
251.09,-470481
251.1,-583929
251.11,-714420
251.12,-644944
251.13,-590487
251.14,-517685
251.15,-576427
251.16,-589117
251.17,-656037
251.18,-775075
251.19,-758560
251.2,-782643
251.21,-878259
251.22,-837740
251.23,-671317
251.24,-662928
251.25,-709360
251.26,-754270
251.27,-799992
251.28,-780509
251.29,-792609
251.3,-796392
251.31,-759066
251.32,-767784
251.33,-840555
251.34,-776809
251.35,-774276
251.36,-893804
251.37,-924815
251.38,-860875
251.39,-660953
251.4,-802714
251.41,-911700
251.42,-712314
251.43,-762821
251.44,-712414
251.45,-525703
251.46,-548511
251.47,-706977
251.48,-778051
251.49,-676070
251.5,-571890
251.51,-704044
251.52,-900981
251.53,-954060
251.54,-961134
251.55,-781900
251.56,-550565
251.57,-445430
251.58,-410177
251.59,-455498
251.6,-452141
251.61,-508584
251.62,-687073
251.63,-779133
251.64,-813458
251.65,-786024
251.66,-747408
251.67,-705168
251.68,-720114
251.69,-706572
251.7,-543129
251.71,-628356
251.72,-745671
251.73,-762003
251.74,-828614
251.75,-865069
251.76,-886908
251.77,-768374
251.78,-628733
251.79,-564864
251.8,-582555
251.81,-575011
251.82,-559216
251.83,-566736
251.84,-468115
251.85,-540147
251.86,-679445
251.87,-726616
251.88,-730151
251.89,-678199
251.9,-714423
251.91,-812347
251.92,-802905
251.93,-630755
251.94,-629203
251.95,-698038
251.96,-624904
251.97,-540720
251.98,-511258
251.99,-576910
252.0,-598508
252.01,-551871
252.02,-602819
252.03,-616764
252.04,-484130
252.05,-481324
252.06,-393686
252.07,-298056
252.08,-382303
252.09,-435228
252.1,-541166
252.11,-561239
252.12,-541351
252.13,-648148
252.14,-699233
252.15,-642867
252.16,-659724
252.17,-702228
252.18,-618026
252.19,-573282
252.2,-671060
252.21,-724979
252.22,-688927
252.23,-737238
252.24,-785364
252.25,-711731
252.26,-667977
252.27,-737404
252.28,-832080
252.29,-917519
252.3,-979872
252.31,-900597
252.32,-901614
252.33,-926458
252.34,-768661
252.35,-750623
252.36,-761501
252.37,-774421
252.38,-804850
252.39,-813050
252.4,-905760
252.41,-851846
252.42,-819190
252.43,-849363
252.44,-827297
252.45,-879875
252.46,-896171
252.47,-898707
252.48,-996608
252.49,-1019946
252.5,-993948
252.51,-939339
252.52,-708070
252.53,-756443
252.54,-923126
252.55,-811797
252.56,-876608
252.57,-916571
252.58,-796625
252.59,-803142
252.6,-845728
252.61,-865467
252.62,-867478
252.63,-882511
252.64,-894125
252.65,-843698
252.66,-795437
252.67,-870957
252.68,-943650
252.69,-937005
252.7,-911589
252.71,-928164
252.72,-943961
252.73,-861269
252.74,-839589
252.75,-860639
252.76,-848424
252.77,-749466
252.78,-721069
252.79,-744098
252.8,-676938
252.81,-738662
252.82,-725993
252.83,-702724
252.84,-694158
252.85,-660369
252.86,-678939
252.87,-628952
252.88,-734428
252.89,-666001
252.9,-529372
252.91,-732948
252.92,-763254
252.93,-621252
252.94,-714677
252.95,-766928
252.96,-661497
252.97,-670959
252.98,-631963
252.99,-624288
253.0,-630388
253.01,-652234
253.02,-862830
253.03,-912616
253.04,-883092
253.05,-826483
253.06,-758369
253.07,-797273
253.08,-768871
253.09,-814862
253.1,-867111
253.11,-814399
253.12,-777618
253.13,-792073
253.14,-780640
253.15,-726701
253.16,-772905
253.17,-819468
253.18,-927845
253.19,-1017199
253.2,-879679
253.21,-803715
253.22,-876784
253.23,-901281
253.24,-909790
253.25,-967379
253.26,-895125
253.27,-791039
253.28,-829153
253.29,-843078
253.3,-801926
253.31,-801919
253.32,-736848
253.33,-759790
253.34,-879897
253.35,-804638
253.36,-813972
253.37,-831859
253.38,-888131
253.39,-1050017
253.4,-976492
253.41,-873885
253.42,-925137
253.43,-1052831
253.44,-1009620
253.45,-980036
253.46,-1036528
253.47,-940688
253.48,-981468
253.49,-1010153
253.5,-916470
253.51,-890777
253.52,-863921
253.53,-932005
253.54,-938432
253.55,-870730
253.56,-878665
253.57,-890299
253.58,-958458
253.59,-992075
253.6,-1017657
253.61,-1048499
253.62,-990340
253.63,-1011432
253.64,-1049301
253.65,-1017445
253.66,-1010759
253.67,-986692
253.68,-1041067
253.69,-1079001
253.7,-1043093
253.71,-1019061
253.72,-983234
253.73,-1004970
253.74,-958766
253.75,-954463
253.76,-1020878
253.77,-986562
253.78,-935714
253.79,-819939
253.8,-681986
253.81,-629535
253.82,-973262
253.83,-1540735
253.84,-1286831
253.85,-687574
253.86,-893911
253.87,-1003829
253.88,-815265
253.89,-1103437
253.9,-755302
253.91,-540565
253.92,-1104945
253.93,-923425
253.94,-915091
253.95,-891240
253.96,-585782
253.97,-956409
253.98,-1024674
253.99,-769619
254.0,-858906
254.01,-1024052
254.02,-981910
254.03,-952687
254.04,-898800
254.05,-767619
254.06,-827373
254.07,-805118
254.08,-830198
254.09,-831595
254.1,-703805
254.11,-908414
254.12,-1071222
254.13,-1056883
254.14,-1023902
254.15,-1017210
254.16,-1078151
254.17,-982850
254.18,-918161
254.19,-960555
254.2,-1070460
254.21,-1048553
254.22,-920236
254.23,-953013
254.24,-919638
254.25,-1002843
254.26,-1102648
254.27,-1060576
254.28,-1133027
254.29,-1142798
254.3,-1075925
254.31,-904971
254.32,-865085
254.33,-1014402
254.34,-1033931
254.35,-969687
254.36,-819360
254.37,-755913
254.38,-850152
254.39,-1011426
254.4,-1135547
254.41,-1089105
254.42,-958790
254.43,-799193
254.44,-677397
254.45,-727930
254.46,-951524
254.47,-1018034
254.48,-886115
254.49,-913797
254.5,-998728
254.51,-1078085
254.52,-1153715
254.53,-1210087
254.54,-1213057
254.55,-1009336
254.56,-948879
254.57,-932436
254.58,-761913
254.59,-791930
254.6,-884367
254.61,-906502
254.62,-955936
254.63,-1005279
254.64,-1061848
254.65,-965090
254.66,-934476
254.67,-1141048
254.68,-1155496
254.69,-987198
254.7,-852568
254.71,-932353
254.72,-1099315
254.73,-1194449
254.74,-1163420
254.75,-834220
254.76,-796132
254.77,-949738
254.78,-729173
254.79,-653025
254.8,-824733
254.81,-940849
254.82,-1037637
254.83,-929221
254.84,-817889
254.85,-857280
254.86,-781054
254.87,-857006
254.88,-931640
254.89,-791043
254.9,-802821
254.91,-839217
254.92,-795155
254.93,-724567
254.94,-650678
254.95,-673668
254.96,-718092
254.97,-897164
254.98,-998343
254.99,-910040
255.0,-965182
255.01,-904436
255.02,-826670
255.03,-969756
255.04,-938899
255.05,-861478
255.06,-735120
255.07,-672794
255.08,-801617
255.09,-687424
255.1,-775065
255.11,-854805
255.12,-727888
255.13,-830217
255.14,-819814
255.15,-892383
255.16,-999100
255.17,-892113
255.18,-855695
255.19,-796770
255.2,-724744
255.21,-754336
255.22,-784950
255.23,-817214
255.24,-862192
255.25,-877678
255.26,-782280
255.27,-685354
255.28,-729078
255.29,-781873
255.3,-769642
255.31,-816260
255.32,-920869
255.33,-896398
255.34,-879510
255.35,-886811
255.36,-868545
255.37,-951059
255.38,-859440
255.39,-752977
255.4,-746308
255.41,-671410
255.42,-741493
255.43,-754321
255.44,-687686
255.45,-767753
255.46,-815092
255.47,-796419
255.48,-799720
255.49,-747449
255.5,-703462
255.51,-690856
255.52,-666339
255.53,-712231
255.54,-699423
255.55,-692295
255.56,-726280
255.57,-728860
255.58,-763346
255.59,-682901
255.6,-645197
255.61,-660978
255.62,-584572
255.63,-584868
255.64,-588868
255.65,-565385
255.66,-520374
255.67,-451372
255.68,-523222
255.69,-598267
255.7,-599291
255.71,-685877
255.72,-657822
255.73,-524635
255.74,-515532
255.75,-538442
255.76,-531923
255.77,-507488
255.78,-575396
255.79,-667852
255.8,-528593
255.81,-268173
255.82,-201998
255.83,-405290
255.84,-527380
255.85,-427407
255.86,-402300
255.87,-463829
255.88,-553294
255.89,-525190
255.9,-361723
255.91,-433745
255.92,-492334
255.93,-370621
255.94,-428136
255.95,-530669
255.96,-480013
255.97,-500145
255.98,-566352
255.99,-586714
256.0,-671179
256.01,-559166
256.02,-404529
256.03,-551503
256.04,-607257
256.05,-490472
256.06,-445331
256.07,-463994
256.08,-530582
256.09,-502766
256.1,-484171
256.11,-473943
256.12,-355675
256.13,-352699
256.14,-324597
256.15,-315430
256.16,-396189
256.17,-437946
256.18,-412577
256.19,-271472
256.2,-264846
256.21,-327343
256.22,-348912
256.23,-387153
256.24,-347592
256.25,-280011
256.26,-340354
256.27,-424876
256.28,-361215
256.29,-398820
256.3,-405912
256.31,-301685
256.32,-276893
256.33,-211998
256.34,-289319
256.35,-368996
256.36,-300203
256.37,-283414
256.38,-220256
256.39,-214738
256.4,-258804
256.41,-307772
256.42,-307983
256.43,-214446
256.44,-178350
256.45,-55636
256.46,-95495
256.47,-233987
256.48,-181094
256.49,-95626
256.5,-142750
256.51,-253547
256.52,-181439
256.53,-262505
256.54,-203822
256.55,-106289
256.56,-385828
256.57,-363476
256.58,-295654
256.59,-270552
256.6,-189794
256.61,-327969
256.62,-251525
256.63,-166207
256.64,-178346
256.65,-305725
256.66,-482224
256.67,-256491
256.68,-364464
256.69,-577024
256.7,-445187
256.71,-373928
256.72,-172128
256.73,-125487
256.74,-383553
256.75,-486107
256.76,-307615
256.77,-284941
256.78,-295188
256.79,-217392
256.8,-224469
256.81,-191675
256.82,-335858
256.83,-295149
256.84,-185775
256.85,-427331
256.86,-430903
256.87,-387863
256.88,-382582
256.89,-268025
256.9,-389979
256.91,-373909
256.92,-248399
256.93,-310092
256.94,-362153
256.95,-298732
256.96,-319074
256.97,-377510
256.98,-189563
256.99,-209616
257.0,-383832
257.01,-382598
257.02,-407016
257.03,-337657
257.04,-303351
257.05,-404864
257.06,-464371
257.07,-382435
257.08,-386089
257.09,-534044
257.1,-446232
257.11,-462436
257.12,-607859
257.13,-599500
257.14,-546095
257.15,-514541
257.16,-492260
257.17,-498575
257.18,-675829
257.19,-543027
257.2,-479958
257.21,-693324
257.22,-485699
257.23,-412496
257.24,-429787
257.25,-398353
257.26,-470366
257.27,-499011
257.28,-572881
257.29,-426084
257.3,-507764
257.31,-595828
257.32,-453886
257.33,-496568
257.34,-541308
257.35,-631240
257.36,-436336
257.37,-345099
257.38,-552699
257.39,-546661
257.4,-505684
257.41,-596748
257.42,-612733
257.43,-358675
257.44,-406474
257.45,-542084
257.46,-408291
257.47,-520870
257.48,-482378
257.49,-355736
257.5,-525553
257.51,-525237
257.52,-430521
257.53,-425568
257.54,-535095
257.55,-701049
257.56,-577902
257.57,-366703
257.58,-463724
257.59,-590472
257.6,-519310
257.61,-575690
257.62,-586885
257.63,-495923
257.64,-557296
257.65,-502082
257.66,-529871
257.67,-618043
257.68,-538448
257.69,-644105
257.7,-750125
257.71,-526401
257.72,-420922
257.73,-557764
257.74,-525311
257.75,-527983
257.76,-548088
257.77,-568476
257.78,-611546
257.79,-649224
257.8,-701424
257.81,-552789
257.82,-505261
257.83,-487509
257.84,-614159
257.85,-677378
257.86,-532695
257.87,-672580
257.88,-743057
257.89,-781494
257.9,-780689
257.91,-759836
257.92,-704350
257.93,-679121
257.94,-785513
257.95,-639503
257.96,-645226
257.97,-671768
257.98,-691829
257.99,-747602
258.0,-556488
258.01,-658546
258.02,-891791
258.03,-816432
258.04,-650381
258.05,-463533
258.06,-440123
258.07,-753337
258.08,-737138
258.09,-459346
258.1,-594096
258.11,-869368
258.12,-864120
258.13,-794838
258.14,-637700
258.15,-459494
258.16,-857269
258.17,-1019073
258.18,-1220110
258.19,-1580508
258.2,-1158532
258.21,-936600
258.22,-688948
258.23,-652790
258.24,-1160128
258.25,-1144697
258.26,-737256
258.27,-731236
258.28,-1121161
258.29,-1002051
258.3,-900422
258.31,-910134
258.32,-849504
258.33,-1052678
258.34,-1060554
258.35,-908066
258.36,-753150
258.37,-863136
258.38,-929497
258.39,-854963
258.4,-850894
258.41,-914255
258.42,-1248664
258.43,-1284202
258.44,-1151542
258.45,-1165208
258.46,-1148257
258.47,-1100840
258.48,-915412
258.49,-867568
258.5,-1012530
258.51,-1032646
258.52,-1022438
258.53,-1148264
258.54,-1059267
258.55,-899282
258.56,-942833
258.57,-855539
258.58,-902651
258.59,-1087661
258.6,-1138858
258.61,-1292933
258.62,-1209489
258.63,-1071023
258.64,-1081055
258.65,-1116109
258.66,-1214933
258.67,-1004429
258.68,-903925
258.69,-1027702
258.7,-1183506
258.71,-1233491
258.72,-1186870
258.73,-1218883
258.74,-1087913
258.75,-1148079
258.76,-1175606
258.77,-975866
258.78,-920808
258.79,-842864
258.8,-913246
258.81,-1165211
258.82,-1178831
258.83,-1153196
258.84,-1233649
258.85,-1202259
258.86,-1110758
258.87,-1064633
258.88,-1141533
258.89,-1164080
258.9,-1134565
258.91,-1106660
258.92,-1063226
258.93,-1074834
258.94,-1037351
258.95,-1060049
258.96,-1031593
258.97,-977626
258.98,-1127576
258.99,-1177208
259.0,-1059827
259.01,-1137490
259.02,-1175785
259.03,-1074572
259.04,-1129021
259.05,-1010219
259.06,-930899
259.07,-971433
259.08,-928484
259.09,-1125628
259.1,-1178976
259.11,-1067542
259.12,-975426
259.13,-940330
259.14,-1144514
259.15,-1189222
259.16,-1148224
259.17,-1129748
259.18,-1020680
259.19,-1119084
259.2,-1077943
259.21,-859091
259.22,-944595
259.23,-971077
259.24,-935090
259.25,-1035362
259.26,-959278
259.27,-830280
259.28,-965446
259.29,-996996
259.3,-947848
259.31,-1055849
259.32,-1095797
259.33,-1167924
259.34,-1063020
259.35,-1045330
259.36,-1133194
259.37,-989659
259.38,-976716
259.39,-1053241
259.4,-1088638
259.41,-920745
259.42,-873639
259.43,-1097730
259.44,-1044243
259.45,-935315
259.46,-930461
259.47,-861565
259.48,-959998
259.49,-1034077
259.5,-969593
259.51,-1053342
259.52,-1008831
259.53,-799007
259.54,-893523
259.55,-1138355
259.56,-1008338
259.57,-851462
259.58,-971895
259.59,-894919
259.6,-812250
259.61,-895995
259.62,-851885
259.63,-803150
259.64,-794705
259.65,-821646
259.66,-823920
259.67,-790913
259.68,-872842
259.69,-848730
259.7,-769297
259.71,-831487
259.72,-816919
259.73,-761130
259.74,-765839
259.75,-721878
259.76,-738976
259.77,-871273
259.78,-862139
259.79,-720572
259.8,-743411
259.81,-842516
259.82,-759725
259.83,-697496
259.84,-768346
259.85,-681213
259.86,-674147
259.87,-776971
259.88,-729481
259.89,-748565
259.9,-764232
259.91,-750574
259.92,-788629
259.93,-841278
259.94,-780701
259.95,-678117
259.96,-673065
259.97,-725775
259.98,-737648
259.99,-648219
260.0,-756836
260.01,-753458
260.02,-698400
260.03,-762007
260.04,-649213
260.05,-668355
260.06,-658020
260.07,-543686
260.08,-580563
260.09,-595892
260.1,-498316
260.11,-548427
260.12,-635418
260.13,-603398
260.14,-588372
260.15,-515801
260.16,-591217
260.17,-640267
260.18,-587260
260.19,-653205
260.2,-656384
260.21,-704813
260.22,-640109
260.23,-631612
260.24,-764722
260.25,-636005
260.26,-687353
260.27,-635890
260.28,-434696
260.29,-615342
260.3,-620432
260.31,-614582
260.32,-680005
260.33,-614343
260.34,-754783
260.35,-818862
260.36,-787598
260.37,-710552
260.38,-570764
260.39,-531308
260.4,-448569
260.41,-468954
260.42,-600278
260.43,-686518
260.44,-755971
260.45,-756873
260.46,-682795
260.47,-558834
260.48,-504979
260.49,-629728
260.5,-732459
260.51,-660355
260.52,-628018
260.53,-630517
260.54,-580469
260.55,-649766
260.56,-709394
260.57,-675519
260.58,-628640
260.59,-592817
260.6,-629889
260.61,-598516
260.62,-576816
260.63,-612120
260.64,-562568
260.65,-607439
260.66,-646005
260.67,-546208
260.68,-629126
260.69,-665309
260.7,-583715
260.71,-689152
260.72,-587737
260.73,-477202
260.74,-523543
260.75,-485283
260.76,-594022
260.77,-610436
260.78,-607648
260.79,-663467
260.8,-605435
260.81,-598499
260.82,-493970
260.83,-436846
260.84,-454727
260.85,-475745
260.86,-576367
260.87,-547071
260.88,-482760
260.89,-524267
260.9,-559618
260.91,-559140
260.92,-590411
260.93,-613087
260.94,-666380
260.95,-629555
260.96,-501871
260.97,-569381
260.98,-616528
260.99,-555333
261.0,-626131
261.01,-608763
261.02,-465407
261.03,-516617
261.04,-548695
261.05,-534704
261.06,-595189
261.07,-552764
261.08,-496001
261.09,-423022
261.1,-516267
261.11,-636303
261.12,-488814
261.13,-515536
261.14,-591809
261.15,-507075
261.16,-507775
261.17,-553650
261.18,-502660
261.19,-463988
261.2,-538528
261.21,-476850
261.22,-433726
261.23,-485810
261.24,-435051
261.25,-437473
261.26,-484788
261.27,-494308
261.28,-461254
261.29,-390225
261.3,-358058
261.31,-433244
261.32,-447613
261.33,-344580
261.34,-372806
261.35,-418038
261.36,-429665
261.37,-480244
261.38,-403995
261.39,-392419
261.4,-437713
261.41,-343653
261.42,-407044
261.43,-441821
261.44,-338896
261.45,-394865
261.46,-363068
261.47,-362322
261.48,-432634
261.49,-390600
261.5,-406124
261.51,-463707
261.52,-504177
261.53,-398393
261.54,-421580
261.55,-454070
261.56,-333005
261.57,-434470
261.58,-436424
261.59,-355702
261.6,-313279
261.61,-324356
261.62,-419424
261.63,-385985
261.64,-359092
261.65,-369448
261.66,-390135
261.67,-429279
261.68,-625130
261.69,-687318
261.7,-448860
261.71,-394554
261.72,-383331
261.73,-356860
261.74,-369798
261.75,-400112
261.76,-490499
261.77,-424189
261.78,-424111
261.79,-435923
261.8,-353876
261.81,-440563
261.82,-465926
261.83,-455090
261.84,-426799
261.85,-387264
261.86,-513280
261.87,-489214
261.88,-395953
261.89,-394826
261.9,-413370
261.91,-523079
261.92,-451936
261.93,-358429
261.94,-492637
261.95,-498592
261.96,-442607
261.97,-455636
261.98,-472895
261.99,-488549
262.0,-469334
262.01,-501324
262.02,-462594
262.03,-409771
262.04,-490382
262.05,-540790
262.06,-563210
262.07,-533157
262.08,-516377
262.09,-507318
262.1,-408224
262.11,-411011
262.12,-437341
262.13,-439091
262.14,-436147
262.15,-410587
262.16,-438123
262.17,-401059
262.18,-401150
262.19,-488926
262.2,-526123
262.21,-570272
262.22,-626159
262.23,-583498
262.24,-478594
262.25,-498365
262.26,-520139
262.27,-411478
262.28,-355708
262.29,-374141
262.3,-354168
262.31,-393455
262.32,-499162
262.33,-525752
262.34,-490917
262.35,-454766
262.36,-509811
262.37,-600110
262.38,-562718
262.39,-542455
262.4,-556202
262.41,-455717
262.42,-367302
262.43,-321806
262.44,-336519
262.45,-259516
262.46,-227128
262.47,-392829
262.48,-393840
262.49,-418419
262.5,-426291
262.51,-421322
262.52,-507089
262.53,-467762
262.54,-453157
262.55,-427893
262.56,-447365
262.57,-500957
262.58,-435666
262.59,-435925
262.6,-455690
262.61,-407177
262.62,-410782
262.63,-400058
262.64,-371250
262.65,-381663
262.66,-362177
262.67,-320086
262.68,-464487
262.69,-648530
262.7,-608843
262.71,-485283
262.72,-299054
262.73,-338233
262.74,-481202
262.75,-458685
262.76,-506048
262.77,-453453
262.78,-376352
262.79,-464517
262.8,-438058
262.81,-314204
262.82,-292762
262.83,-290450
262.84,-448954
262.85,-473967
262.86,-408091
262.87,-566618
262.88,-399583
262.89,-412700
262.9,-591414
262.91,-392844
262.92,-400031
262.93,-523924
262.94,-507558
262.95,-433006
262.96,-425512
262.97,-391588
262.98,-333136
262.99,-476437
263.0,-460842
263.01,-453285
263.02,-518846
263.03,-378192
263.04,-336020
263.05,-382999
263.06,-467812
263.07,-457141
263.08,-445322
263.09,-462237
263.1,-414175
263.11,-444170
263.12,-348045
263.13,-344793
263.14,-398232
263.15,-440675
263.16,-450423
263.17,-381159
263.18,-497862
263.19,-460970
263.2,-428012
263.21,-436117
263.22,-332527
263.23,-362312
263.24,-345040
263.25,-339581
263.26,-322344
263.27,-392716
263.28,-470483
263.29,-350831
263.3,-409617
263.31,-444592
263.32,-407579
263.33,-387357
263.34,-341391
263.35,-408514
263.36,-308259
263.37,-277217
263.38,-353079
263.39,-299831
263.4,-351365
263.41,-360521
263.42,-361179
263.43,-355350
263.44,-320898
263.45,-400568
263.46,-408475
263.47,-373718
263.48,-414661
263.49,-429150
263.5,-432460
263.51,-366711
263.52,-247549
263.53,-300403
263.54,-306009
263.55,-260997
263.56,-301322
263.57,-286476
263.58,-349595
263.59,-372479
263.6,-334360
263.61,-453761
263.62,-318974
263.63,-260130
263.64,-521318
263.65,-377685
263.66,-319786
263.67,-388942
263.68,-342746
263.69,-427637
263.7,-260550
263.71,-248250
263.72,-429343
263.73,-373250
263.74,-332032
263.75,-370628
263.76,-415831
263.77,-415369
263.78,-386510
263.79,-375453
263.8,-327039
263.81,-331836
263.82,-492629
263.83,-483611
263.84,-365500
263.85,-438885
263.86,-525902
263.87,-529270
263.88,-486727
263.89,-485721
263.9,-434736
263.91,-362096
263.92,-397622
263.93,-461887
263.94,-476179
263.95,-431958
263.96,-435896
263.97,-444310
263.98,-526471
263.99,-525171
264.0,-432816
264.01,-471101
264.02,-385268
264.03,-389366
264.04,-494782
264.05,-445019
264.06,-428124
264.07,-413917
264.08,-456831
264.09,-532204
264.1,-515755
264.11,-536878
264.12,-522980
264.13,-536876
264.14,-546127
264.15,-451921
264.16,-546190
264.17,-582001
264.18,-470772
264.19,-561938
264.2,-555763
264.21,-516980
264.22,-657341
264.23,-650936
264.24,-697658
264.25,-713248
264.26,-581555
264.27,-680640
264.28,-660635
264.29,-597305
264.3,-667709
264.31,-612239
264.32,-649629
264.33,-630916
264.34,-617450
264.35,-674345
264.36,-622665
264.37,-618160
264.38,-597025
264.39,-629644
264.4,-627862
264.41,-593451
264.42,-681538
264.43,-682798
264.44,-552201
264.45,-583255
264.46,-683158
264.47,-551622
264.48,-576159
264.49,-623944
264.5,-524138
264.51,-595241
264.52,-635112
264.53,-694007
264.54,-754300
264.55,-665738
264.56,-600120
264.57,-553229
264.58,-577495
264.59,-614098
264.6,-617764
264.61,-645871
264.62,-644363
264.63,-671986
264.64,-663439
264.65,-675690
264.66,-668299
264.67,-654118
264.68,-747005
264.69,-733578
264.7,-750416
264.71,-735979
264.72,-660938
264.73,-828669
264.74,-824060
264.75,-700166
264.76,-741382
264.77,-651666
264.78,-666042
264.79,-747137
264.8,-741277
264.81,-762808
264.82,-750446
264.83,-823498
264.84,-772052
264.85,-665031
264.86,-719244
264.87,-849424
264.88,-895742
264.89,-731648
264.9,-727681
264.91,-752637
264.92,-741794
264.93,-785864
264.94,-667300
264.95,-664923
264.96,-760040
264.97,-758264
264.98,-734407
264.99,-771385
265.0,-781223
265.01,-794336
265.02,-871555
265.03,-768144
265.04,-752636
265.05,-815350
265.06,-775361
265.07,-847425
265.08,-854179
265.09,-763961
265.1,-745661
265.11,-862198
265.12,-843077
265.13,-736362
265.14,-812550
265.15,-760603
265.16,-748719
265.17,-833091
265.18,-704558
265.19,-641385
265.2,-703252
265.21,-699995
265.22,-712438
265.23,-688695
265.24,-630370
265.25,-541456
265.26,-532904
265.27,-630404
265.28,-501549
265.29,-480390
265.3,-541394
265.31,-555823
265.32,-753650
265.33,-915069
265.34,-1076174
265.35,-1092913
265.36,-1164220
265.37,-1392625
265.38,-1451720
265.39,-1446714
265.4,-1188117
265.41,-848642
265.42,-814895
265.43,-951054
265.44,-982590
265.45,-875160
265.46,-784194
265.47,-603476
265.48,-620086
265.49,-822255
265.5,-770255
265.51,-712754
265.52,-762708
265.53,-731201
265.54,-720031
265.55,-829640
265.56,-831835
265.57,-780150
265.58,-836393
265.59,-951745
265.6,-975589
265.61,-864990
265.62,-906289
265.63,-854921
265.64,-697231
265.65,-683864
265.66,-731118
265.67,-868738
265.68,-838164
265.69,-758551
265.7,-836718
265.71,-813018
265.72,-779012
265.73,-772646
265.74,-745981
265.75,-772480
265.76,-776642
265.77,-837987
265.78,-906262
265.79,-875896
265.8,-897347
265.81,-914071
265.82,-909980
265.83,-929435
265.84,-899576
265.85,-906570
265.86,-783884
265.87,-697703
265.88,-799816
265.89,-693988
265.9,-609231
265.91,-690570
265.92,-800267
265.93,-821138
265.94,-738358
265.95,-700243
265.96,-649191
265.97,-759757
265.98,-844160
265.99,-745089
266.0,-805433
266.01,-928071
266.02,-982533
266.03,-960020
266.04,-881432
266.05,-984631
266.06,-1106877
266.07,-979756
266.08,-827956
266.09,-788607
266.1,-842045
266.11,-894671
266.12,-850485
266.13,-731372
266.14,-743136
266.15,-901750
266.16,-854446
266.17,-841109
266.18,-842368
266.19,-787942
266.2,-907710
266.21,-985226
266.22,-1005958
266.23,-932998
266.24,-880730
266.25,-886969
266.26,-857311
266.27,-834954
266.28,-774993
266.29,-836250
266.3,-874332
266.31,-840260
266.32,-850217
266.33,-697551
266.34,-741310
266.35,-960121
266.36,-886259
266.37,-876796
266.38,-920753
266.39,-812978
266.4,-832014
266.41,-890490
266.42,-828478
266.43,-835312
266.44,-887571
266.45,-907236
266.46,-906091
266.47,-871558
266.48,-886855
266.49,-839157
266.5,-779822
266.51,-817085
266.52,-805657
266.53,-789454
266.54,-796752
266.55,-774792
266.56,-808515
266.57,-875492
266.58,-907976
266.59,-935046
266.6,-946253
266.61,-919850
266.62,-892094
266.63,-878055
266.64,-843297
266.65,-829724
266.66,-814430
266.67,-770410
266.68,-789265
266.69,-843272
266.7,-810325
266.71,-718326
266.72,-704396
266.73,-720917
266.74,-753521
266.75,-863500
266.76,-864860
266.77,-858046
266.78,-930677
266.79,-896999
266.8,-875540
266.81,-853329
266.82,-847666
266.83,-831482
266.84,-769451
266.85,-769219
266.86,-741624
266.87,-770311
266.88,-808779
266.89,-782815
266.9,-774143
266.91,-791739
266.92,-843993
266.93,-845089
266.94,-798822
266.95,-743429
266.96,-744727
266.97,-786368
266.98,-730314
266.99,-700342
267.0,-698798
267.01,-657894
267.02,-630363
267.03,-646240
267.04,-755214
267.05,-840695
267.06,-845299
267.07,-758994
267.08,-762257
267.09,-848316
267.1,-739638
267.11,-669437
267.12,-655646
267.13,-743295
267.14,-779143
267.15,-592529
267.16,-706131
267.17,-750066
267.18,-745170
267.19,-789771
267.2,-663912
267.21,-701353
267.22,-637234
267.23,-701972
267.24,-720117
267.25,-673553
267.26,-783030
267.27,-695753
267.28,-735325
267.29,-720603
267.3,-685135
267.31,-734817
267.32,-702897
267.33,-734021
267.34,-703453
267.35,-639414
267.36,-628204
267.37,-669295
267.38,-637757
267.39,-579777
267.4,-621979
267.41,-635111
267.42,-585740
267.43,-504192
267.44,-488428
267.45,-540248
267.46,-620508
267.47,-598376
267.48,-535033
267.49,-577674
267.5,-555214
267.51,-565256
267.52,-563108
267.53,-554478
267.54,-576952
267.55,-509780
267.56,-473982
267.57,-494018
267.58,-588254
267.59,-638944
267.6,-617706
267.61,-527797
267.62,-455479
267.63,-443295
267.64,-401295
267.65,-475534
267.66,-464137
267.67,-482186
267.68,-596503
267.69,-459268
267.7,-425833
267.71,-521366
267.72,-404734
267.73,-448391
267.74,-533054
267.75,-427629
267.76,-469519
267.77,-396144
267.78,-400259
267.79,-547658
267.8,-421188
267.81,-443548
267.82,-403454
267.83,-307756
267.84,-444344
267.85,-336566
267.86,-288525
267.87,-386070
267.88,-340790
267.89,-316229
267.9,-294956
267.91,-360562
267.92,-379170
267.93,-332849
267.94,-419167
267.95,-493499
267.96,-459046
267.97,-417100
267.98,-448832
267.99,-466606
268.0,-468827
268.01,-431657
268.02,-476438
268.03,-393969
268.04,-304570
268.05,-418972
268.06,-287989
268.07,-276191
268.08,-366418
268.09,-365602
268.1,-403388
268.11,-382528
268.12,-368949
268.13,-406241
268.14,-464605
268.15,-382188
268.16,-358059
268.17,-345433
268.18,-322075
268.19,-383216
268.2,-378011
268.21,-446418
268.22,-367592
268.23,-280497
268.24,-385053
268.25,-406944
268.26,-497634
268.27,-511569
268.28,-355381
268.29,-301244
268.3,-381642
268.31,-440348
268.32,-483753
268.33,-527080
268.34,-408731
268.35,-424073
268.36,-468600
268.37,-401431
268.38,-535170
268.39,-432448
268.4,-280509
268.41,-426152
268.42,-378775
268.43,-426934
268.44,-477953
268.45,-377114
268.46,-483410
268.47,-444435
268.48,-421190
268.49,-512760
268.5,-424686
268.51,-431781
268.52,-510049
268.53,-446935
268.54,-388563
268.55,-396049
268.56,-440218
268.57,-510639
268.58,-442140
268.59,-368384
268.6,-396486
268.61,-394681
268.62,-375487
268.63,-377457
268.64,-448087
268.65,-447188
268.66,-489343
268.67,-505268
268.68,-447548
268.69,-465114
268.7,-472785
268.71,-555133
268.72,-479078
268.73,-356571
268.74,-418344
268.75,-412087
268.76,-368204
268.77,-433582
268.78,-444508
268.79,-402950
268.8,-363600
268.81,-362881
268.82,-488875
268.83,-460096
268.84,-469331
268.85,-498191
268.86,-396109
268.87,-410577
268.88,-387094
268.89,-394086
268.9,-307834
268.91,-168143
268.92,-99433
268.93,26641
268.94,-89791
268.95,22501
268.96,326098
268.97,178490
268.98,130060
268.99,-182861
269.0,-1123447
269.01,-1121916
269.02,-186964
269.03,-338515
269.04,-1154696
269.05,-833213
269.06,-450610
269.07,-893740
269.08,-606772
269.09,-406481
269.1,-817642
269.11,-255546
269.12,-43769
269.13,-170168
269.14,-37412
269.15,-398075
269.16,-283079
269.17,-514263
269.18,-1004282
269.19,-657515
269.2,-150783
269.21,-199737
269.22,-909530
269.23,-596498
269.24,-121005
269.25,-703824
269.26,-415921
269.27,-315254
269.28,-614166
269.29,-248674
269.3,-489486
269.31,-319701
269.32,-286327
269.33,-699307
269.34,-408131
269.35,-602706
269.36,-554858
269.37,-508869
269.38,-509712
269.39,-267039
269.4,-419269
269.41,-93101
269.42,43637
269.43,-80750
269.44,-338631
269.45,-621070
269.46,-480021
269.47,-253990
269.48,-334519
269.49,-669157
269.5,-315996
269.51,-245577
269.52,-536402
269.53,-507275
269.54,-664815
269.55,-622861
269.56,-430570
269.57,-398238
269.58,-600732
269.59,-450039
269.6,-443235
269.61,-670306
269.62,-542617
269.63,-627648
269.64,-232431
269.65,-274602
269.66,-698333
269.67,-530466
269.68,-563662
269.69,-412256
269.7,-383193
269.71,-393062
269.72,-307347
269.73,-501593
269.74,-406966
269.75,-485755
269.76,-794862
269.77,-489840
269.78,-288830
269.79,-374755
269.8,-392281
269.81,-577881
269.82,-556740
269.83,-534307
269.84,-579317
269.85,-515558
269.86,-515248
269.87,-374953
269.88,-280565
269.89,-377565
269.9,-484132
269.91,-716248
269.92,-693653
269.93,-471903
269.94,-281179
269.95,-289839
269.96,-600312
269.97,-477897
269.98,-469971
269.99,-598246
270.0,-425980
270.01,-426365
270.02,-532466
270.03,-605031
270.04,-525750
270.05,-611536
270.06,-723569
270.07,-650831
270.08,-553008
270.09,-397834
270.1,-365656
270.11,-451249
270.12,-557164
270.13,-460262
270.14,-457377
270.15,-495173
270.16,-344378
270.17,-610859
270.18,-822378
270.19,-564011
270.2,-471642
270.21,-590386
270.22,-629620
270.23,-561875
270.24,-537941
270.25,-595659
270.26,-756838
270.27,-758789
270.28,-549346
270.29,-669231
270.3,-454437
270.31,-261906
270.32,-494081
270.33,-151178
270.34,-664451
270.35,-1323255
270.36,-506659
270.37,-311470
270.38,-832039
270.39,-568098
270.4,-424729
270.41,-594121
270.42,-474293
270.43,-621870
270.44,-359501
270.45,-372933
270.46,-809772
270.47,-637814
270.48,-676048
270.49,-576759
270.5,-464375
270.51,-724710
270.52,-717170
270.53,-534307
270.54,-811345
270.55,-905403
270.56,-676608
270.57,-1115931
270.58,-1331592
270.59,-1229461
270.6,-1466354
270.61,-1732073
270.62,-2059647
270.63,-1911405
270.64,-1477722
270.65,-1437935
270.66,-1230590
270.67,-889709
270.68,-822164
270.69,-732769
270.7,-310641
270.71,300203
270.72,504312
270.73,266293
270.74,238458
270.75,288455
270.76,-91998
270.77,-265571
270.78,-47181
270.79,-270184
270.8,-467653
270.81,-420095
270.82,-804459
270.83,-1231916
270.84,-1515009
270.85,-1641109
270.86,-1259372
270.87,-962668
270.88,-948713
270.89,-949686
270.9,-1032728
270.91,-573761
270.92,-127704
270.93,-300540
270.94,-265654
270.95,-70956
270.96,130221
270.97,251546
270.98,334413
270.99,325959
271.0,97754
271.01,232641
271.02,366691
271.03,288013
271.04,253387
271.05,29713
271.06,-101069
271.07,159292
271.08,404202
271.09,163589
271.1,-357678
271.11,-436195
271.12,-272318
271.13,-629477
271.14,-849377
271.15,-709052
271.16,-902667
271.17,-1271420
271.18,-1162120
271.19,-794429
271.2,-702113
271.21,-616646
271.22,-536090
271.23,-432913
271.24,-484741
271.25,-394301
271.26,-348815
271.27,-1098385
271.28,-1356447
271.29,-816271
271.3,-955131
271.31,-1387883
271.32,-985751
271.33,-1177023
271.34,-1751309
271.35,-1464572
271.36,-1433055
271.37,-1493192
271.38,-1733044
271.39,-1769638
271.4,-1267317
271.41,-1267679
271.42,-1002683
271.43,-809849
271.44,-859858
271.45,-615878
271.46,-774819
271.47,-658424
271.48,-725280
271.49,-993416
271.5,-582845
271.51,-568535
271.52,-447808
271.53,-123740
271.54,-346898
271.55,-704882
271.56,-945402
271.57,-869321
271.58,-896213
271.59,-996354
271.6,-853367
271.61,-874552
271.62,-815230
271.63,-499255
271.64,-572298
271.65,-617516
271.66,-606897
271.67,-749251
271.68,-591388
271.69,-673863
271.7,-742343
271.71,-556870
271.72,-518492
271.73,-491287
271.74,-421253
271.75,-563696
271.76,-877929
271.77,-878679
271.78,-756936
271.79,-782847
271.8,-842235
271.81,-882190
271.82,-961965
271.83,-846930
271.84,-611581
271.85,-866545
271.86,-832140
271.87,-555293
271.88,-558937
271.89,-238754
271.9,-87389
271.91,-96279
271.92,56117
271.93,148329
271.94,63530
271.95,-61811
271.96,-80495
271.97,-14736
271.98,118040
271.99,-100507
272.0,-261274
272.01,-227903
272.02,-292223
272.03,-272933
272.04,-487082
272.05,-542512
272.06,-500569
272.07,-726394
272.08,-658958
272.09,-719491
272.1,-837538
272.11,-736553
272.12,-783087
272.13,-781196
272.14,-894877
272.15,-967585
272.16,-835763
272.17,-830625
272.18,-781388
272.19,-793801
272.2,-797427
272.21,-760160
272.22,-1017218
272.23,-1065280
272.24,-973736
272.25,-1051899
272.26,-997351
272.27,-851488
272.28,-846449
272.29,-1034375
272.3,-1001588
272.31,-897557
272.32,-1094504
272.33,-1264304
272.34,-1118167
272.35,-879750
272.36,-819823
272.37,-791624
272.38,-900187
272.39,-905079
272.4,-721124
272.41,-769141
272.42,-738749
272.43,-755643
272.44,-831688
272.45,-755710
272.46,-843227
272.47,-830612
272.48,-832530
272.49,-857868
272.5,-738067
272.51,-807306
272.52,-625162
272.53,-393256
272.54,-585198
272.55,-765022
272.56,-905532
272.57,-928584
272.58,-774940
272.59,-652111
272.6,-609907
272.61,-760899
272.62,-781493
272.63,-626006
272.64,-622651
272.65,-710726
272.66,-803429
272.67,-656161
272.68,-653250
272.69,-753800
272.7,-629748
272.71,-702604
272.72,-776233
272.73,-815385
272.74,-780035
272.75,-623614
272.76,-665507
272.77,-711842
272.78,-561773
272.79,-510306
272.8,-496163
272.81,-244873
272.82,9200
272.83,170571
272.84,221192
272.85,354816
272.86,506729
272.87,560580
272.88,722688
272.89,757330
272.9,857084
272.91,861171
272.92,516035
272.93,278084
272.94,243454
272.95,413543
272.96,359079
272.97,165554
272.98,265320
272.99,263923
273.0,170271
273.01,78153
273.02,26446
273.03,-44178
273.04,-142585
273.05,134448
273.06,194680
273.07,-99120
273.08,-124043
273.09,-112797
273.1,-1364
273.11,-170787
273.12,-442485
273.13,-333074
273.14,-500010
273.15,-420017
273.16,-181202
273.17,-266279
273.18,-287109
273.19,-290453
273.2,-207718
273.21,-257686
273.22,-343406
273.23,-371631
273.24,-378598
273.25,-256563
273.26,-252076
273.27,-179649
273.28,-112615
273.29,-12359
273.3,17346
273.31,11322
273.32,200602
273.33,202023
273.34,322513
273.35,401973
273.36,321261
273.37,377365
273.38,410435
273.39,348315
273.4,292418
273.41,295688
273.42,163402
273.43,122114
273.44,154576
273.45,188664
273.46,235917
273.47,206531
273.48,250750
273.49,137992
273.5,-2392
273.51,12284
273.52,-58011
273.53,-217833
273.54,-245821
273.55,-271207
273.56,-560460
273.57,-563209
273.58,-608366
273.59,-873007
273.6,-870029
273.61,-1014598
273.62,-963153
273.63,-935973
273.64,-977385
273.65,-756632
273.66,-908195
273.67,-1017182
273.68,-890751
273.69,-854219
273.7,-953371
273.71,-973016
273.72,-819045
273.73,-808602
273.74,-756544
273.75,-841644
273.76,-831609
273.77,-689793
273.78,-856818
273.79,-854465
273.8,-899521
273.81,-873381
273.82,-642740
273.83,-713274
273.84,-750875
273.85,-543927
273.86,-425183
273.87,-419366
273.88,-318852
273.89,-330031
273.9,-290004
273.91,-208372
273.92,-76494
273.93,-401
273.94,-154349
273.95,-129294
273.96,-185630
273.97,-215194
273.98,-330031
273.99,-474030
274.0,-354767
274.01,-374759
274.02,-474535
274.03,-462164
274.04,-340747
274.05,-419191
274.06,-446071
274.07,-397896
274.08,-436702
274.09,-292390
274.1,-409078
274.11,-474797
274.12,-241698
274.13,-193589
274.14,-173034
274.15,-246484
274.16,-380168
274.17,-504374
274.18,-647763
274.19,-608228
274.2,-523200
274.21,-492474
274.22,-491343
274.23,-601077
274.24,-660368
274.25,-513655
274.26,-465625
274.27,-477058
274.28,-386711
274.29,-445652
274.3,-454775
274.31,-297752
274.32,-281841
274.33,-278323
274.34,-272497
274.35,-148212
274.36,89717
274.37,35453
274.38,12475
274.39,92276
274.4,103325
274.41,154396
274.42,221510
274.43,224516
274.44,108944
274.45,128450
274.46,236457
274.47,184459
274.48,110174
274.49,58354
274.5,46352
274.51,48011
274.52,11981
274.53,21057
274.54,-4543
274.55,17589
274.56,-13921
274.57,-170998
274.58,-194985
274.59,-209847
274.6,-305306
274.61,-261599
274.62,-250361
274.63,-368697
274.64,-386680
274.65,-488730
274.66,-494262
274.67,-427556
274.68,-469616
274.69,-338714
274.7,-296248
274.71,-226082
274.72,-82363
274.73,-197879
274.74,-213599
274.75,-159080
274.76,-172872
274.77,-199868
274.78,-293205
274.79,-241346
274.8,-218931
274.81,-299816
274.82,-369323
274.83,-372637
274.84,-345507
274.85,-406814
274.86,-380460
274.87,-327029
274.88,-281042
274.89,-257120
274.9,-204480
274.91,-95791
274.92,-74240
274.93,-13225
274.94,-28294
274.95,-27099
274.96,-36931
274.97,-177119
274.98,-74382
274.99,13708
275.0,-23969
275.01,-76936
275.02,-52559
275.03,147012
275.04,149642
275.05,256803
275.06,429124
275.07,433667
275.08,520581
275.09,534258
275.1,534871
275.11,517948
275.12,520962
275.13,535861
275.14,538321
275.15,550758
275.16,415472
275.17,419918
275.18,478789
275.19,387330
275.2,331054
275.21,354372
275.22,347569
275.23,247786
275.24,200811
275.25,194253
275.26,197842
275.27,219213
275.28,178715
275.29,177884
275.3,218120
275.31,124777
275.32,128442
275.33,245640
275.34,135580
275.35,64453
275.36,74504
275.37,32861
275.38,42144
275.39,-66431
275.4,-19182
275.41,146474
275.42,123686
275.43,146936
275.44,128825
275.45,141518
275.46,212536
275.47,149085
275.48,153841
275.49,314503
275.5,380793
275.51,243498
275.52,108404
275.53,90539
275.54,223634
275.55,251669
275.56,21132
275.57,-52504
275.58,13678
275.59,-154875
275.6,-254706
275.61,-186126
275.62,-194259
275.63,-204923
275.64,-264650
275.65,-231639
275.66,-258997
275.67,-316049
275.68,-184352
275.69,-139698
275.7,-106890
275.71,-219192
275.72,-309685
275.73,-39610
275.74,70203
275.75,16348
275.76,20513
275.77,38445
275.78,123019
275.79,73097
275.8,33848
275.81,-43704
275.82,-143594
275.83,-132864
275.84,-219099
275.85,-268769
275.86,-333767
275.87,-403386
275.88,-466603
275.89,-536513
275.9,-529457
275.91,-564283
275.92,-524698
275.93,-393616
275.94,-366580
275.95,-362429
275.96,-206361
275.97,-157447
275.98,-241775
275.99,-192709
276.0,-133827
276.01,-90717
276.02,-182070
276.03,-208747
276.04,16835
276.05,93462
276.06,98733
276.07,162218
276.08,154963
276.09,49171
276.1,86939
276.11,224576
276.12,162013
276.13,153736
276.14,246752
276.15,161965
276.16,-6579
276.17,13383
276.18,-51346
276.19,-250971
276.2,-225845
276.21,-283339
276.22,-372683
276.23,-344401
276.24,-479043
276.25,-532732
276.26,-502090
276.27,-555459
276.28,-512755
276.29,-522068
276.3,-646504
276.31,-671522
276.32,-621157
276.33,-580357
276.34,-585818
276.35,-587341
276.36,-566263
276.37,-552917
276.38,-482201
276.39,-408509
276.4,-392556
276.41,-365789
276.42,-301011
276.43,-231249
276.44,-182402
276.45,-168907
276.46,-177754
276.47,-217801
276.48,-118603
276.49,12645
276.5,7449
276.51,-21253
276.52,-82798
276.53,-36334
276.54,1623
276.55,9560
276.56,39012
276.57,-66220
276.58,-139718
276.59,-8460
276.6,21290
276.61,-130556
276.62,-149685
276.63,-145810
276.64,-196849
276.65,-235090
276.66,-182315
276.67,-216557
276.68,-349790
276.69,-427865
276.7,-523548
276.71,-466285
276.72,-462743
276.73,-568598
276.74,-602620
276.75,-741880
276.76,-868144
276.77,-798396
276.78,-748805
276.79,-821599
276.8,-745211
276.81,-692947
276.82,-858632
276.83,-898462
276.84,-818135
276.85,-803250
276.86,-867704
276.87,-860152
276.88,-811347
276.89,-921987
276.9,-887865
276.91,-782137
276.92,-876536
276.93,-934750
276.94,-898253
276.95,-775075
276.96,-658799
276.97,-700980
276.98,-837828
276.99,-901701
277.0,-914990
277.01,-868621
277.02,-807488
277.03,-934151
277.04,-955933
277.05,-923496
277.06,-1028549
277.07,-1060492
277.08,-995247
277.09,-983621
277.1,-1051480
277.11,-1100042
277.12,-1154200
277.13,-1197506
277.14,-1245660
277.15,-1183333
277.16,-1156469
277.17,-1193355
277.18,-1121235
277.19,-1170818
277.2,-1169457
277.21,-1125396
277.22,-1147045
277.23,-1065784
277.24,-1081304
277.25,-1077706
277.26,-978059
277.27,-935989
277.28,-862744
277.29,-866947
277.3,-861952
277.31,-854355
277.32,-888417
277.33,-795993
277.34,-752157
277.35,-769979
277.36,-790645
277.37,-816832
277.38,-784951
277.39,-725518
277.4,-652050
277.41,-630333
277.42,-646413
277.43,-563708
277.44,-523366
277.45,-622204
277.46,-594911
277.47,-549994
277.48,-564079
277.49,-559442
277.5,-568936
277.51,-579848
277.52,-639191
277.53,-559101
277.54,-560207
277.55,-648338
277.56,-553401
277.57,-517178
277.58,-481937
277.59,-479962
277.6,-576300
277.61,-578581
277.62,-524993
277.63,-483511
277.64,-493559
277.65,-517739
277.66,-500508
277.67,-524632
277.68,-549899
277.69,-558415
277.7,-583684
277.71,-562935
277.72,-526000
277.73,-506968
277.74,-504109
277.75,-486608
277.76,-421015
277.77,-388544
277.78,-398406
277.79,-400842
277.8,-392980
277.81,-387984
277.82,-481938
277.83,-574758
277.84,-591620
277.85,-587734
277.86,-628423
277.87,-766908
277.88,-785109
277.89,-770335
277.9,-826620
277.91,-827521
277.92,-829675
277.93,-840814
277.94,-867823
277.95,-855378
277.96,-773090
277.97,-734265
277.98,-774498
277.99,-775006
278.0,-716093
278.01,-689421
278.02,-682360
278.03,-731239
278.04,-759419
278.05,-702919
278.06,-741083
278.07,-819458
278.08,-773831
278.09,-725109
278.1,-693324
278.11,-620780
278.12,-599017
278.13,-605526
278.14,-635117
278.15,-669233
278.16,-607920
278.17,-603487
278.18,-675951
278.19,-684877
278.2,-733385
278.21,-745095
278.22,-774364
278.23,-872816
278.24,-821334
278.25,-749848
278.26,-736769
278.27,-725403
278.28,-706734
278.29,-688647
278.3,-728794
278.31,-706355
278.32,-667327
278.33,-722134
278.34,-721117
278.35,-716102
278.36,-734344
278.37,-667140
278.38,-662233
278.39,-661454
278.4,-608027
278.41,-608576
278.42,-550579
278.43,-546900
278.44,-529073
278.45,-450600
278.46,-496797
278.47,-477211
278.48,-514508
278.49,-628283
278.5,-566821
278.51,-527696
278.52,-495835
278.53,-497485
278.54,-571541
278.55,-520250
278.56,-554130
278.57,-520588
278.58,-394903
278.59,-405708
278.6,-366663
278.61,-330094
278.62,-290702
278.63,-195217
278.64,-157297
278.65,-241310
278.66,-254826
278.67,-260725
278.68,-347914
278.69,-355521
278.7,-305315
278.71,-182589
278.72,-524087
278.73,-1022809
278.74,-836943
278.75,-549779
278.76,-592028
278.77,-715235
278.78,-666483
278.79,-576878
278.8,-771452
278.81,-992842
278.82,-920950
278.83,-997180
278.84,-1077514
278.85,-907971
278.86,-954194
278.87,-901640
278.88,-973006
278.89,-1164613
278.9,-1094177
278.91,-996361
278.92,-966098
278.93,-1160274
278.94,-1142993
278.95,-1051603
278.96,-940635
278.97,-812877
278.98,-1039491
278.99,-1066136
279.0,-1021809
279.01,-1005321
279.02,-997267
279.03,-1034413
279.04,-989293
279.05,-1067629
279.06,-834792
279.07,-581064
279.08,-702732
279.09,-894950
279.1,-918179
279.11,-711858
279.12,-662845
279.13,-570509
279.14,-362193
279.15,-610217
279.16,-889931
279.17,-768999
279.18,-825048
279.19,-712010
279.2,-800440
279.21,-749074
279.22,-116292
279.23,-537299
279.24,-705849
279.25,-515988
279.26,-625354
279.27,-408966
279.28,-589303
279.29,-633400
279.3,-583506
279.31,-620325
279.32,-551616
279.33,-454126
279.34,-605475
279.35,-639500
279.36,-427636
279.37,-542238
279.38,-449097
279.39,-625091
279.4,-540937
279.41,-355904
279.42,-684495
279.43,-537511
279.44,-595429
279.45,-650089
279.46,-519650
279.47,-553253
279.48,-524935
279.49,-593707
279.5,-633748
279.51,-723913
279.52,-868524
279.53,-896764
279.54,-680205
279.55,-620458
279.56,-557822
279.57,-537281
279.58,-679732
279.59,-425913
279.6,-518296
279.61,-674364
279.62,-383054
279.63,-187492
279.64,-118935
279.65,-31049
279.66,86550
279.67,-69124
279.68,-442116
279.69,-708644
279.7,-853010
279.71,-1072122
279.72,-978950
279.73,-636951
279.74,-349266
279.75,-25705
279.76,11250
279.77,26139
279.78,-22597
279.79,-230083
279.8,-274545
279.81,-279848
279.82,-236697
279.83,-260361
279.84,-369317
279.85,-369029
279.86,-348519
279.87,-245233
279.88,-287282
279.89,-414754
279.9,-252831
279.91,-279826
279.92,-222842
279.93,2075
279.94,-120448
279.95,-191204
279.96,-101649
279.97,-3878
279.98,-7953
279.99,-172324
280.0,-100299
280.01,52706
280.02,-108996
280.03,-160942
280.04,-145891
280.05,-242295
280.06,-177496
280.07,60922
280.08,194341
280.09,-81596
280.1,-437991
280.11,-586876
280.12,-421581
280.13,-216896
280.14,-362091
280.15,-375186
280.16,-259808
280.17,-332251
280.18,-360366
280.19,-310376
280.2,-220624
280.21,-13341
280.22,88994
280.23,127867
280.24,275696
280.25,22497
280.26,-360053
280.27,-268405
280.28,-243085
280.29,-244117
280.3,-193451
280.31,-302292
280.32,-319909
280.33,-411145
280.34,-365047
280.35,-451424
280.36,-563957
280.37,-292377
280.38,-200886
280.39,30132
280.4,-16973
280.41,-207368
280.42,-122869
280.43,-388755
280.44,-308942
280.45,-207575
280.46,-297327
280.47,-199411
280.48,-125924
280.49,6484
280.5,-185314
280.51,-175693
280.52,42932
280.53,77553
280.54,62986
280.55,-163596
280.56,-47652
280.57,72293
280.58,104518
280.59,257462
280.6,80523
280.61,48728
280.62,204943
280.63,279563
280.64,193377
280.65,147525
280.66,111098
280.67,77248
280.68,98551
280.69,-78533
280.7,30790
280.71,118086
280.72,80136
280.73,141424
280.74,122566
280.75,214598
280.76,333974
280.77,334071
280.78,98851
280.79,-52454
280.8,179116
280.81,406884
280.82,179750
280.83,-143504
280.84,-91070
280.85,-15465
280.86,-238006
280.87,-311514
280.88,53976
280.89,330237
280.9,190614
280.91,-88592
280.92,-97339
280.93,-39673
280.94,-2014
280.95,100583
280.96,128006
280.97,146881
280.98,-67283
280.99,-254696
281.0,-198584
281.01,-121521
281.02,3268
281.03,40002
281.04,10250
281.05,17933
281.06,7779
281.07,48885
281.08,168378
281.09,304196
281.1,344194
281.11,142398
281.12,194190
281.13,406450
281.14,406152
281.15,362014
281.16,172738
281.17,153564
281.18,168118
281.19,191288
281.2,353976
281.21,297786
281.22,171520
281.23,71782
281.24,155068
281.25,380544
281.26,308681
281.27,226059
281.28,324180
281.29,262372
281.3,290956
281.31,357712
281.32,215318
281.33,42146
281.34,-44334
281.35,103835
281.36,285330
281.37,336541
281.38,123179
281.39,-238960
281.4,-158824
281.41,38012
281.42,-11650
281.43,28768
281.44,-20727
281.45,-27272
281.46,-60238
281.47,-411820
281.48,-342052
281.49,-221558
281.5,-322420
281.51,-260898
281.52,-411316
281.53,-468527
281.54,-384082
281.55,-241970
281.56,-205571
281.57,-302971
281.58,-94597
281.59,-37057
281.6,-144710
281.61,-138591
281.62,-48046
281.63,20407
281.64,41722
281.65,207754
281.66,268054
281.67,180547
281.68,242888
281.69,348463
281.7,266738
281.71,156729
281.72,23752
281.73,-153462
281.74,-243594
281.75,-426806
281.76,-625115
281.77,-631111
281.78,-698788
281.79,-798904
281.8,-738864
281.81,-712834
281.82,-754077
281.83,-622638
281.84,-441201
281.85,-387898
281.86,-230571
281.87,-78970
281.88,-140349
281.89,-275597
281.9,-281132
281.91,-306045
281.92,-326290
281.93,-282987
281.94,-311490
281.95,-216166
281.96,-323884
281.97,-536706
281.98,-550738
281.99,-672096
282.0,-773948
282.01,-823017
282.02,-824421
282.03,-726924
282.04,-702864
282.05,-702515
282.06,-723202
282.07,-706818
282.08,-666064
282.09,-668046
282.1,-597037
282.11,-524437
282.12,-363409
282.13,-297290
282.14,-410618
282.15,-419594
282.16,-383288
282.17,-349331
282.18,-372668
282.19,-371281
282.2,-334377
282.21,-439849
282.22,-472419
282.23,-335857
282.24,-396771
282.25,-470095
282.26,-417887
282.27,-413784
282.28,-306015
282.29,-227287
282.3,-183271
282.31,-118707
282.32,-165674
282.33,-272978
282.34,-218898
282.35,-137427
282.36,-134572
282.37,-106925
282.38,-253810
282.39,-364099
282.4,-346554
282.41,-316225
282.42,-197023
282.43,-219303
282.44,-287953
282.45,-169500
282.46,-201203
282.47,-247305
282.48,-206227
282.49,-305955
282.5,-214073
282.51,-149242
282.52,-152724
282.53,-44174
282.54,-57560
282.55,34834
282.56,64111
282.57,-31085
282.58,-148
282.59,-2411
282.6,-136295
282.61,-270810
282.62,-237877
282.63,-268960
282.64,-295223
282.65,-287447
282.66,-357498
282.67,-263949
282.68,-205479
282.69,-191636
282.7,-205307
282.71,-362667
282.72,-403942
282.73,-410110
282.74,-467282
282.75,-453119
282.76,-424795
282.77,-415987
282.78,-420734
282.79,-494558
282.8,-543801
282.81,-537331
282.82,-628553
282.83,-510117
282.84,-405143
282.85,-487259
282.86,-363005
282.87,-394790
282.88,-477425
282.89,-467011
282.9,-595652
282.91,-600488
282.92,-520194
282.93,-510071
282.94,-526100
282.95,-493558
282.96,-377092
282.97,-393636
282.98,-450349
282.99,-376270
283.0,-284248
283.01,-234476
283.02,-229541
283.03,-160397
283.04,-126945
283.05,-176062
283.06,-202276
283.07,-194860
283.08,-178686
283.09,-313304
283.1,-378003
283.11,-302094
283.12,-366934
283.13,-385860
283.14,-414333
283.15,-466781
283.16,-392775
283.17,-418702
283.18,-448007
283.19,-429483
283.2,-463342
283.21,-469434
283.22,-468797
283.23,-509781
283.24,-521699
283.25,-468462
283.26,-479922
283.27,-494342
283.28,-504525
283.29,-589028
283.3,-568314
283.31,-567739
283.32,-628577
283.33,-624110
283.34,-687374
283.35,-723646
283.36,-753180
283.37,-768591
283.38,-693670
283.39,-686263
283.4,-743100
283.41,-764006
283.42,-682310
283.43,-670087
283.44,-671822
283.45,-586820
283.46,-605906
283.47,-580957
283.48,-539432
283.49,-575828
283.5,-585617
283.51,-610154
283.52,-515671
283.53,-375780
283.54,-446758
283.55,-519151
283.56,-473309
283.57,-393404
283.58,-373204
283.59,-443343
283.6,-428685
283.61,-416715
283.62,-472273
283.63,-539097
283.64,-562106
283.65,-492874
283.66,-518820
283.67,-576397
283.68,-471963
283.69,-419807
283.7,-468048
283.71,-481416
283.72,-547449
283.73,-588800
283.74,-541852
283.75,-532762
283.76,-627340
283.77,-746170
283.78,-736594
283.79,-656562
283.8,-670326
283.81,-702957
283.82,-661067
283.83,-617464
283.84,-600246
283.85,-621387
283.86,-700408
283.87,-653134
283.88,-569437
283.89,-636617
283.9,-701419
283.91,-722571
283.92,-698096
283.93,-745844
283.94,-731601
283.95,-727690
283.96,-808091
283.97,-701669
283.98,-690617
283.99,-775575
284.0,-830377
284.01,-838509
284.02,-784669
284.03,-750805
284.04,-731951
284.05,-738563
284.06,-688152
284.07,-762489
284.08,-847458
284.09,-771995
284.1,-751143
284.11,-741455
284.12,-728926
284.13,-693277
284.14,-646795
284.15,-711215
284.16,-814091
284.17,-783874
284.18,-775158
284.19,-809648
284.2,-700920
284.21,-675641
284.22,-736641
284.23,-769035
284.24,-779430
284.25,-825528
284.26,-826442
284.27,-774967
284.28,-841796
284.29,-814503
284.3,-786508
284.31,-827851
284.32,-797732
284.33,-758280
284.34,-652137
284.35,-560463
284.36,-550358
284.37,-509017
284.38,-508571
284.39,-556294
284.4,-509250
284.41,-448535
284.42,-484910
284.43,-486681
284.44,-407791
284.45,-420453
284.46,-372089
284.47,-258792
284.48,-240176
284.49,-196610
284.5,-223628
284.51,-270433
284.52,-244672
284.53,-301587
284.54,-310633
284.55,-255941
284.56,-328544
284.57,-335302
284.58,-295863
284.59,-352708
284.6,-322451
284.61,-251615
284.62,-283876
284.63,-376187
284.64,-348892
284.65,-232429
284.66,-267125
284.67,-309948
284.68,-325922
284.69,-348624
284.7,-267856
284.71,-301931
284.72,-362639
284.73,-316166
284.74,-326636
284.75,-371987
284.76,-333677
284.77,-327568
284.78,-402664
284.79,-381516
284.8,-370938
284.81,-399802
284.82,-394484
284.83,-327657
284.84,-293535
284.85,-380186
284.86,-359349
284.87,-269937
284.88,-336971
284.89,-332610
284.9,-190583
284.91,-232823
284.92,-328154
284.93,-309594
284.94,-232213
284.95,-177922
284.96,-148107
284.97,-196005
284.98,-288313
284.99,-140881
285.0,-91595
285.01,-11675
285.02,69768
285.03,-146690
285.04,-8644
285.05,5680
285.06,-15193
285.07,159510
285.08,-34196
285.09,29063
285.1,-11035
285.11,-119307
285.12,-12794
285.13,-96029
285.14,-61686
285.15,-141264
285.16,-140126
285.17,-48671
285.18,-134535
285.19,-135750
285.2,-96550
285.21,-79988
285.22,-104028
285.23,-68522
285.24,-86684
285.25,-106429
285.26,-66063
285.27,-114662
285.28,-78530
285.29,-73702
285.3,-126788
285.31,-177445
285.32,-224221
285.33,-174177
285.34,-218709
285.35,-248990
285.36,-205545
285.37,-177841
285.38,-251817
285.39,-354067
285.4,-286769
285.41,-307474
285.42,-412309
285.43,-387918
285.44,-290182
285.45,-306769
285.46,-419427
285.47,-441129
285.48,-365900
285.49,-425121
285.5,-492846
285.51,-383585
285.52,-467284
285.53,-496903
285.54,-153851
285.55,-112376
285.56,-432745
285.57,-205761
285.58,-9373
285.59,-338656
285.6,-254415
285.61,-229533
285.62,-291011
285.63,-257041
285.64,-338541
285.65,-153409
285.66,-238872
285.67,-279886
285.68,-120646
285.69,-47479
285.7,-148296
285.71,-137291
285.72,41923
285.73,-145680
285.74,-54437
285.75,-50612
285.76,-135812
285.77,1393
285.78,-69393
285.79,-46594
285.8,-7899
285.81,17125
285.82,1356
285.83,-74888
285.84,-10096
285.85,56201
285.86,-4729
285.87,-26641
285.88,102171
285.89,22876
285.9,-55030
285.91,-8765
285.92,-85461
285.93,-77538
285.94,-78768
285.95,50398
285.96,49652
285.97,-63829
285.98,24014
285.99,-99561
286.0,-107622
286.01,-10674
286.02,-32599
286.03,69221
286.04,107349
286.05,18466
286.06,-8979
286.07,44007
286.08,1503
286.09,2318
286.1,85560
286.11,34103
286.12,-19366
286.13,-41571
286.14,-45474
286.15,-54064
286.16,-96367
286.17,-47482
286.18,-22773
286.19,-26296
286.2,-9630
286.21,-52359
286.22,-13780
286.23,30527
286.24,7668
286.25,9840
286.26,-24243
286.27,49634
286.28,96736
286.29,86595
286.3,114143
286.31,3650
286.32,36257
286.33,66708
286.34,-6267
286.35,29938
286.36,22901
286.37,40556
286.38,41436
286.39,-4122
286.4,-58389
286.41,-62577
286.42,68591
286.43,126274
286.44,-5656
286.45,-137315
286.46,-1567
286.47,22547
286.48,-183787
286.49,-90495
286.5,8673
286.51,-64281
286.52,-112469
286.53,-160713
286.54,-142612
286.55,-102052
286.56,-42207
286.57,-46864
286.58,-164707
286.59,-297417
286.6,-339242
286.61,-298525
286.62,-199179
286.63,-115974
286.64,-157119
286.65,-75408
286.66,10763
286.67,-19756
286.68,-37865
286.69,-19773
286.7,44390
286.71,-47481
286.72,-125594
286.73,-28146
286.74,-71011
286.75,-170482
286.76,-21688
286.77,103241
286.78,74816
286.79,39485
286.8,104423
286.81,181536
286.82,100729
286.83,22991
286.84,-25203
286.85,-53337
286.86,-95047
286.87,-34665
286.88,81983
286.89,126611
286.9,116379
286.91,48294
286.92,185158
286.93,236771
286.94,82269
286.95,15775
286.96,22413
286.97,17283
286.98,35873
286.99,185500
287.0,204320
287.01,116706
287.02,78786
287.03,39518
287.04,52374
287.05,-27791
287.06,5415
287.07,127780
287.08,91977
287.09,97844
287.1,34172
287.11,40755
287.12,78116
287.13,102589
287.14,168747
287.15,-53264
287.16,-56598
287.17,34615
287.18,-89563
287.19,-105426
287.2,-162435
287.21,-97512
287.22,-27272
287.23,-2906
287.24,2713
287.25,-155322
287.26,-120804
287.27,-23010
287.28,-65187
287.29,-113223
287.3,-65966
287.31,-38747
287.32,-35670
287.33,128011
287.34,18674
287.35,-127602
287.36,4238
287.37,-70807
287.38,-123985
287.39,-132931
287.4,-178928
287.41,-119684
287.42,-160075
287.43,-187872
287.44,-175822
287.45,-108356
287.46,-102758
287.47,-204777
287.48,-86982
287.49,1130
287.5,-47698
287.51,-92717
287.52,-145621
287.53,-108535
287.54,-45814
287.55,40331
287.56,93804
287.57,57519
287.58,52033
287.59,31673
287.6,-3004
287.61,-87156
287.62,-105123
287.63,10850
287.64,-57255
287.65,-72385
287.66,9728
287.67,47136
287.68,148548
287.69,56027
287.7,-13599
287.71,11902
287.72,-92934
287.73,-67799
287.74,44248
287.75,30039
287.76,-4455
287.77,-2124
287.78,-32589
287.79,-34545
287.8,-79529
287.81,-145599
287.82,-87822
287.83,-21588
287.84,-13432
287.85,-92141
287.86,-155099
287.87,-113704
287.88,-21606
287.89,-65354
287.9,-150049
287.91,-139022
287.92,-171360
287.93,-99339
287.94,-115685
287.95,-169181
287.96,-104612
287.97,-115109
287.98,-17885
287.99,-25359
288.0,-99680
288.01,-51084
288.02,-111543
288.03,-73678
288.04,-1911
288.05,-17110
288.06,-40933
288.07,-86638
288.08,-24689
288.09,-4823
288.1,-63131
288.11,-29256
288.12,-57580
288.13,-185727
288.14,-149171
288.15,26762
288.16,41962
288.17,-28633
288.18,-28226
288.19,-118085
288.2,-166436
288.21,-82849
288.22,-80044
288.23,-70412
288.24,-54887
288.25,-163448
288.26,-235015
288.27,-242859
288.28,-228235
288.29,-211195
288.3,-195263
288.31,-165367
288.32,-205189
288.33,-297992
288.34,-376909
288.35,-248173
288.36,-148862
288.37,-181925
288.38,-152808
288.39,-250594
288.4,-266451
288.41,-228264
288.42,-303461
288.43,-339169
288.44,-392147
288.45,-368378
288.46,-274652
288.47,-286609
288.48,-377707
288.49,-396676
288.5,-363250
288.51,-346671
288.52,-314432
288.53,-315569
288.54,-345817
288.55,-337623
288.56,-364638
288.57,-474458
288.58,-380010
288.59,-296123
288.6,-402967
288.61,-387012
288.62,-401338
288.63,-468847
288.64,-530269
288.65,-573027
288.66,-558449
288.67,-479341
288.68,-448850
288.69,-519607
288.7,-476927
288.71,-575880
288.72,-590411
288.73,-495440
288.74,-599308
288.75,-519766
288.76,-553074
288.77,-609082
288.78,-582982
288.79,-709581
288.8,-648367
288.81,-640055
288.82,-604687
288.83,-494922
288.84,-608441
288.85,-603170
288.86,-512173
288.87,-551573
288.88,-568388
288.89,-604435
288.9,-593073
288.91,-445593
288.92,-468426
288.93,-592594
288.94,-529247
288.95,-497899
288.96,-521346
288.97,-472836
288.98,-624918
288.99,-684902
289.0,-509523
289.01,-533427
289.02,-550450
289.03,-503970
289.04,-546092
289.05,-473169
289.06,-422913
289.07,-518100
289.08,-629581
289.09,-660248
289.1,-468157
289.11,-440763
289.12,-482351
289.13,-351495
289.14,-411961
289.15,-434229
289.16,-419700
289.17,-366752
289.18,-370211
289.19,-394668
289.2,-319942
289.21,-468809
289.22,-473367
289.23,-394817
289.24,-360692
289.25,-343180
289.26,-403708
289.27,-354871
289.28,-414395
289.29,-446949
289.3,-400787
289.31,-437654
289.32,-409043
289.33,-433767
289.34,-433360
289.35,-366969
289.36,-387550
289.37,-401710
289.38,-487953
289.39,-532527
289.4,-530558
289.41,-570474
289.42,-433207
289.43,-407599
289.44,-498760
289.45,-405612
289.46,-393181
289.47,-431136
289.48,-412863
289.49,-387378
289.5,-405907
289.51,-508354
289.52,-477308
289.53,-487205
289.54,-496176
289.55,-289385
289.56,-238753
289.57,-423476
289.58,-516637
289.59,-442307
289.6,-499785
289.61,-509435
289.62,-395350
289.63,-391149
289.64,-301656
289.65,-329920
289.66,-263294
289.67,-170904
289.68,-293090
289.69,-228436
289.7,-283626
289.71,-238455
289.72,-269132
289.73,-410489
289.74,-261250
289.75,-372942
289.76,-373675
289.77,-339995
289.78,-402251
289.79,-372516
289.8,-482376
289.81,-396111
289.82,-311250
289.83,-419162
289.84,-431159
289.85,-388258
289.86,-456531
289.87,-427930
289.88,-327488
289.89,-332008
289.9,-332533
289.91,-292054
289.92,-294967
289.93,-297241
289.94,-241949
289.95,-327794
289.96,-368533
289.97,-288200
289.98,-189939
289.99,-175275
290.0,-249220
290.01,-240353
290.02,-266786
290.03,-276502
290.04,-264297
290.05,-221776
290.06,-172529
290.07,-244452
290.08,-284128
290.09,-219470
290.1,-128844
290.11,-108320
290.12,-106195
290.13,-79399
290.14,-111768
290.15,-93475
290.16,12380
290.17,26109
290.18,-18793
290.19,-30736
290.2,-34796
290.21,-4893
290.22,-31348
290.23,-48194
290.24,-45356
290.25,-89795
290.26,-12597
290.27,8343
290.28,-65193
290.29,-18884
290.3,-2525
290.31,-39741
290.32,-72033
290.33,-44355
290.34,96963
290.35,146880
290.36,160175
290.37,259762
290.38,295807
290.39,253977
290.4,290421
290.41,242284
290.42,104147
290.43,144111
290.44,30211
290.45,-247483
290.46,-356493
290.47,-428156
290.48,-575598
290.49,-582024
290.5,-409759
290.51,-296884
290.52,-130628
290.53,-819
290.54,88372
290.55,118887
290.56,-17229
290.57,-134095
290.58,-424415
290.59,-672162
290.6,-763538
290.61,-836812
290.62,-806352
290.63,-716420
290.64,-528879
290.65,-521172
290.66,-656600
290.67,-723013
290.68,-827956
290.69,-872366
290.7,-855158
290.71,-828306
290.72,-783769
290.73,-810593
290.74,-797868
290.75,-694371
290.76,-665287
290.77,-713601
290.78,-752149
290.79,-682790
290.8,-542954
290.81,-454027
290.82,-432605
290.83,-458943
290.84,-377356
290.85,-272759
290.86,-333067
290.87,-355725
290.88,-367637
290.89,-423294
290.9,-433152
290.91,-490736
290.92,-473504
290.93,-334329
290.94,-189063
290.95,-151866
290.96,-201439
290.97,-171496
290.98,-132917
290.99,-91068
291.0,-171207
291.01,-356390
291.02,-382752
291.03,-408450
291.04,-425590
291.05,-308727
291.06,-128506
291.07,-71323
291.08,-148282
291.09,-94484
291.1,-20377
291.11,-26361
291.12,-94886
291.13,-221775
291.14,-259534
291.15,-267771
291.16,-331200
291.17,-432748
291.18,-393345
291.19,-177705
291.2,-139467
291.21,-75550
291.22,162101
291.23,245244
291.24,218700
291.25,-3701
291.26,-301905
291.27,-394037
291.28,-363648
291.29,-274269
291.3,-122702
291.31,33238
291.32,16199
291.33,-43294
291.34,-76392
291.35,-93716
291.36,-61994
291.37,-93977
291.38,-89879
291.39,-79071
291.4,-105588
291.41,-151084
291.42,-192278
291.43,-157943
291.44,-268204
291.45,-396535
291.46,-356981
291.47,-444343
291.48,-436616
291.49,-291842
291.5,-336590
291.51,-316766
291.52,-270126
291.53,-286285
291.54,-143726
291.55,-141855
291.56,-233300
291.57,-139654
291.58,-178401
291.59,-173484
291.6,-130911
291.61,-274597
291.62,-258852
291.63,-175684
291.64,-137673
291.65,-146636
291.66,-249101
291.67,-302470
291.68,-218961
291.69,-132701
291.7,-207402
291.71,-221861
291.72,-130609
291.73,-136052
291.74,-202109
291.75,-135319
291.76,-146229
291.77,-268143
291.78,-177081
291.79,-166195
291.8,-186996
291.81,-135129
291.82,-190158
291.83,-85522
291.84,4696
291.85,15255
291.86,101223
291.87,145329
291.88,127895
291.89,105006
291.9,241466
291.91,247588
291.92,145017
291.93,124964
291.94,-33222
291.95,-80645
291.96,42434
291.97,87163
291.98,-25388
291.99,-68698
292.0,62397
292.01,87307
292.02,48943
292.03,-3477
292.04,-25365
292.05,15095
292.06,7787
292.07,-20359
292.08,-21862
292.09,11288
292.1,11796
292.11,36927
292.12,-108426
292.13,-303802
292.14,-78796
292.15,89254
292.16,-59830
292.17,-21211
292.18,114637
292.19,64929
292.2,35305
292.21,73519
292.22,72649
292.23,28569
292.24,19779
292.25,189891
292.26,292649
292.27,246825
292.28,252317
292.29,261389
292.3,192915
292.31,14290
292.32,108840
292.33,165548
292.34,69143
292.35,172953
292.36,-16532
292.37,-38353
292.38,136443
292.39,123346
292.4,102563
292.41,-10174
292.42,-70067
292.43,-195172
292.44,-187556
292.45,-89507
292.46,-103958
292.47,-44687
292.48,-91325
292.49,-211598
292.5,-255770
292.51,-224003
292.52,-198243
292.53,-137850
292.54,-68845
292.55,-111866
292.56,-99690
292.57,-60663
292.58,-58821
292.59,-1409
292.6,-23699
292.61,-12464
292.62,62500
292.63,-12163
292.64,-15076
292.65,50805
292.66,88412
292.67,81353
292.68,99963
292.69,213221
292.7,160832
292.71,72677
292.72,188975
292.73,254981
292.74,156771
292.75,212223
292.76,147660
292.77,89845
292.78,179932
292.79,46965
292.8,118839
292.81,126206
292.82,59947
292.83,146968
292.84,69669
292.85,83604
292.86,119281
292.87,89441
292.88,-2675
292.89,-49557
292.9,104699
292.91,116945
292.92,14152
292.93,34672
292.94,-15625
292.95,-101848
292.96,37342
292.97,-14427
292.98,-217578
292.99,-106884
293.0,-136924
293.01,-273187
293.02,-244699
293.03,-257273
293.04,-159850
293.05,-29376
293.06,-54771
293.07,-41739
293.08,-28954
293.09,-59119
293.1,-72907
293.11,-116798
293.12,-83191
293.13,-13245
293.14,163314
293.15,197412
293.16,-1316
293.17,33015
293.18,-26236
293.19,-110644
293.2,-29273
293.21,-43150
293.22,19994
293.23,126598
293.24,205339
293.25,126701
293.26,-19344
293.27,63681
293.28,92998
293.29,-56748
293.3,-53797
293.31,85143
293.32,77161
293.33,139164
293.34,469359
293.35,536833
293.36,561660
293.37,825248
293.38,503761
293.39,273889
293.4,322804
293.41,91201
293.42,-9787
293.43,-188793
293.44,-35851
293.45,-46261
293.46,-148556
293.47,337353
293.48,455684
293.49,243703
293.5,120425
293.51,199529
293.52,50966
293.53,-48291
293.54,7234
293.55,-140518
293.56,-160903
293.57,-315231
293.58,-132674
293.59,77795
293.6,257624
293.61,430673
293.62,-108244
293.63,-416599
293.64,-379867
293.65,-397012
293.66,-435377
293.67,-277199
293.68,14158
293.69,-13582
293.7,109661
293.71,309643
293.72,228220
293.73,-50425
293.74,-246206
293.75,-154160
293.76,-263151
293.77,-200760
293.78,14553
293.79,-69250
293.8,70006
293.81,51210
293.82,-21811
293.83,151047
293.84,288499
293.85,220204
293.86,-80946
293.87,-89381
293.88,-128278
293.89,-197345
293.9,-24553
293.91,15681
293.92,148503
293.93,389391
293.94,413793
293.95,376549
293.96,324581
293.97,136782
293.98,73392
293.99,79818
294.0,1544
294.01,-126712
294.02,-327430
294.03,-208224
294.04,52847
294.05,34949
294.06,-47123
294.07,-91712
294.08,19997
294.09,161419
294.1,22309
294.11,-81184
294.12,104112
294.13,-73378
294.14,-843379
294.15,-1455930
294.16,-903617
294.17,1110658
294.18,2366820
294.19,1378704
294.2,101332
294.21,-72809
294.22,-29340
294.23,-392008
294.24,-387557
294.25,73646
294.26,275898
294.27,479705
294.28,577549
294.29,136528
294.3,-229339
294.31,-564899
294.32,-1150324
294.33,-1481208
294.34,-1128380
294.35,-661796
294.36,-761086
294.37,-642975
294.38,-441416
294.39,-322286
294.4,332438
294.41,673742
294.42,561193
294.43,321375
294.44,187233
294.45,213758
294.46,-488982
294.47,-786099
294.48,-549608
294.49,-494669
294.5,-452434
294.51,-831913
294.52,-898654
294.53,-833239
294.54,-931863
294.55,-1017378
294.56,-894577
294.57,-810226
294.58,-665078
294.59,-39887
294.6,174665
294.61,406849
294.62,768204
294.63,620872
294.64,266644
294.65,33032
294.66,-176149
294.67,-356545
294.68,-399681
294.69,-572583
294.7,-645162
294.71,-517676
294.72,-730981
294.73,-1030587
294.74,-1047173
294.75,-938058
294.76,-876696
294.77,-632287
294.78,-138609
294.79,95458
294.8,178754
294.81,168022
294.82,54427
294.83,-72982
294.84,-129898
294.85,-160486
294.86,-101315
294.87,59295
294.88,-37759
294.89,-107972
294.9,-215832
294.91,-350783
294.92,-252221
294.93,-328983
294.94,-617342
294.95,-641559
294.96,-533241
294.97,-831093
294.98,-1112587
294.99,-783452
295.0,-154375
295.01,148429
295.02,-40677
295.03,-135565
295.04,-134796
295.05,-185645
295.06,-93985
295.07,-189708
295.08,-63507
295.09,77947
295.1,-132459
295.11,26583
295.12,108843
295.13,-158659
295.14,-411908
295.15,-445352
295.16,-216991
295.17,-241116
295.18,-450675
295.19,-450099
295.2,-306384
295.21,-322556
295.22,-413419
295.23,-235138
295.24,39861
295.25,-22010
295.26,-272735
295.27,-150101
295.28,-79214
295.29,-144725
295.3,103580
295.31,-34893
295.32,-217720
295.33,-51270
295.34,-165494
295.35,-325794
295.36,-518059
295.37,-251280
295.38,179928
295.39,-133071
295.4,-177516
295.41,223129
295.42,187622
295.43,-223717
295.44,-410760
295.45,-210071
295.46,-186721
295.47,-469593
295.48,-575665
295.49,-728416
295.5,-576076
295.51,-321588
295.52,-427734
295.53,-71316
295.54,4452
295.55,79948
295.56,425111
295.57,58515
295.58,-86225
295.59,-15841
295.6,-44762
295.61,216753
295.62,151341
295.63,105206
295.64,116906
295.65,-150786
295.66,-42505
295.67,-171035
295.68,-529782
295.69,-396330
295.7,-340564
295.71,-434409
295.72,-362235
295.73,-196745
295.74,37616
295.75,-2568
295.76,-96031
295.77,476
295.78,41732
295.79,-158761
295.8,-67903
295.81,501307
295.82,482646
295.83,263680
295.84,-130137
295.85,-829013
295.86,-882496
295.87,-174813
295.88,434290
295.89,468770
295.9,426547
295.91,340777
295.92,-456508
295.93,-1370899
295.94,-906084
295.95,-250675
295.96,364589
295.97,795876
295.98,222194
295.99,138465
296.0,6216
296.01,-447606
296.02,-654377
296.03,-563757
296.04,-536072
296.05,-762643
296.06,-178026
296.07,51388
296.08,-221900
296.09,43854
296.1,-217932
296.11,-11646
296.12,495834
296.13,-31197
296.14,225239
296.15,744332
296.16,293118
296.17,-471379
296.18,-554400
296.19,-187063
296.2,-616666
296.21,-395383
296.22,361507
296.23,108837
296.24,-296025
296.25,-115079
296.26,173299
296.27,172445
296.28,262922
296.29,60045
296.3,-244832
296.31,-167594
296.32,-286522
296.33,-212341
296.34,-126946
296.35,-9045
296.36,420754
296.37,255364
296.38,-26258
296.39,37085
296.4,132161
296.41,-20467
296.42,-321545
296.43,-162021
296.44,-6732
296.45,4265
296.46,45130
296.47,-92830
296.48,-214691
296.49,-418618
296.5,-416199
296.51,-125993
296.52,-246001
296.53,-186104
296.54,63206
296.55,-16378
296.56,127184
296.57,257237
296.58,248720
296.59,44588
296.6,-99048
296.61,17337
296.62,-1204
296.63,43546
296.64,-233812
296.65,-362738
296.66,30221
296.67,-19120
296.68,-234309
296.69,-359225
296.7,-529259
296.71,-463115
296.72,-361791
296.73,-322713
296.74,-273394
296.75,-112315
296.76,41321
296.77,-96329
296.78,-129819
296.79,-86759
296.8,-90244
296.81,-2413
296.82,-66594
296.83,-53249
296.84,-12154
296.85,-112324
296.86,-66354
296.87,-41799
296.88,-129573
296.89,-268629
296.9,-340639
296.91,-323391
296.92,-433151
296.93,-472019
296.94,-381539
296.95,-206055
296.96,-180198
296.97,-408152
296.98,-320900
296.99,-242305
297.0,-362100
297.01,-251975
297.02,-232277
297.03,-166980
297.04,-62804
297.05,-154150
297.06,-148640
297.07,-224855
297.08,-243948
297.09,-233613
297.1,-350955
297.11,-405288
297.12,-531105
297.13,-554269
297.14,-572573
297.15,-490651
297.16,-335440
297.17,-374265
297.18,-268666
297.19,-187250
297.2,24851
297.21,109281
297.22,-146672
297.23,-178441
297.24,-445532
297.25,-554472
297.26,-392299
297.27,-483688
297.28,-397391
297.29,-277252
297.3,-280831
297.31,-340038
297.32,-304381
297.33,-243331
297.34,-109059
297.35,1054
297.36,-102636
297.37,-43293
297.38,-113036
297.39,-268831
297.4,-321182
297.41,-317282
297.42,-221072
297.43,-183858
297.44,-169656
297.45,-160962
297.46,-224036
297.47,-358442
297.48,-231936
297.49,-203226
297.5,-479348
297.51,-518725
297.52,-493188
297.53,-438218
297.54,-218289
297.55,-173055
297.56,-264754
297.57,-130479
297.58,-35174
297.59,-96512
297.6,-169311
297.61,-289472
297.62,-328303
297.63,-377624
297.64,-309164
297.65,-273596
297.66,-542437
297.67,-487829
297.68,-187493
297.69,-310605
297.7,-429879
297.71,-315019
297.72,-336003
297.73,-321496
297.74,-140950
297.75,-147180
297.76,-295413
297.77,-265048
297.78,-256313
297.79,-247459
297.8,-261874
297.81,-249429
297.82,-208171
297.83,-311072
297.84,-189381
297.85,-81735
297.86,-108059
297.87,-157506
297.88,-104037
297.89,69837
297.9,-111602
297.91,-125356
297.92,-53207
297.93,-197848
297.94,-210458
297.95,-295568
297.96,-226538
297.97,-137719
297.98,-148324
297.99,-209976
298.0,-211022
298.01,-60170
298.02,-183332
298.03,-84498
298.04,-45513
298.05,-340618
298.06,-201152
298.07,-131727
298.08,-248147
298.09,-18472
298.1,-68784
298.11,-263879
298.12,-92682
298.13,-160715
298.14,-247206
298.15,-269285
298.16,-364723
298.17,-209697
298.18,-241808
298.19,-228724
298.2,-81920
298.21,-216680
298.22,-217481
298.23,-152982
298.24,-148512
298.25,-68766
298.26,-5877
298.27,13088
298.28,-40494
298.29,77251
298.3,30668
298.31,-109020
298.32,-3380
298.33,-120468
298.34,-105498
298.35,-44060
298.36,-121896
298.37,-184156
298.38,-230586
298.39,33681
298.4,-41076
298.41,-175286
298.42,39933
298.43,-73479
298.44,-107460
298.45,39174
298.46,-8274
298.47,-60903
298.48,-32250
298.49,-41624
298.5,-37912
298.51,-12101
298.52,-115216
298.53,-199917
298.54,-191396
298.55,-281310
298.56,-330344
298.57,-171626
298.58,-113371
298.59,-47165
298.6,-10107
298.61,-39883
298.62,184996
298.63,220984
298.64,70023
298.65,28107
298.66,-62940
298.67,-223160
298.68,-328249
298.69,-352690
298.7,-342758
298.71,-293907
298.72,-167370
298.73,49981
298.74,-42829
298.75,-202700
298.76,14582
298.77,68701
298.78,-22602
298.79,122042
298.8,154779
298.81,37717
298.82,-18260
298.83,-176830
298.84,-367291
298.85,-400631
298.86,-375869
298.87,-249038
298.88,-113317
298.89,-228197
298.9,-179544
298.91,-26232
298.92,23220
298.93,144258
298.94,170177
298.95,153922
298.96,36371
298.97,-89898
298.98,-98451
298.99,-184144
299.0,-132816
299.01,-57785
299.02,-193689
299.03,-37118
299.04,141448
299.05,-25464
299.06,-188933
299.07,-180350
299.08,-123518
299.09,-165948
299.1,-73873
299.11,-25642
299.12,-24713
299.13,-96363
299.14,-181535
299.15,-80199
299.16,-201922
299.17,-255902
299.18,-161620
299.19,-74536
299.2,-125837
299.21,-227983
299.22,-131900
299.23,-346935
299.24,-285186
299.25,119640
299.26,67078
299.27,-54250
299.28,34599
299.29,66357
299.3,-124138
299.31,-55631
299.32,35997
299.33,-131082
299.34,-90876
299.35,26480
299.36,149020
299.37,97171
299.38,-60563
299.39,-226099
299.4,-286533
299.41,-207562
299.42,-192886
299.43,-70602
299.44,-9862
299.45,62725
299.46,41746
299.47,13050
299.48,-25202
299.49,-78350
299.5,39569
299.51,-119630
299.52,-431604
299.53,-835550
299.54,-834049
299.55,-420332
299.56,-67291
299.57,135862
299.58,-66017
299.59,-11927
299.6,192467
299.61,116178
299.62,116822
299.63,254675
299.64,227333
299.65,115458
299.66,200390
299.67,384102
299.68,281156
299.69,-259292
299.7,-121906
299.71,151198
299.72,112056
299.73,-6799
299.74,-647837
299.75,-565923
299.76,-374477
299.77,-97179
299.78,-214766
299.79,-549835
299.8,-293418
299.81,-288551
299.82,931718
299.83,1226993
299.84,1234308
299.85,1001886
299.86,216018
299.87,937659
299.88,32890
299.89,129561
299.9,1336672
299.91,1008646
299.92,766108
299.93,306330
299.94,-195603
299.95,-403893
299.96,86253
299.97,601990
299.98,-111584
299.99,-310459
300.0,428639
300.01,153266
300.02,605393
300.03,1272455
300.04,41666
300.05,-1587178
300.06,-2944575
300.07,-3389017
300.08,-2187295
300.09,-430668
300.1,179375
300.11,-272527
300.12,222924
300.13,1000575
300.14,238913
300.15,358679
300.16,550148
300.17,-814476
300.18,-1186831
300.19,-640194
300.2,220903
300.21,557746
300.22,146935
300.23,358770
300.24,-2939
300.25,-167787
300.26,34692
300.27,-853822
300.28,-508966
300.29,-218677
300.3,-373231
300.31,333218
300.32,154897
300.33,62228
300.34,-58338
300.35,-323048
300.36,-346454
300.37,-531543
300.38,212248
300.39,228110
300.4,-132877
300.41,341047
300.42,308695
300.43,666083
300.44,352191
300.45,-291834
300.46,-241185
300.47,-571402
300.48,-371476
300.49,-67149
300.5,285886
300.51,365895
300.52,-39914
300.53,214847
300.54,-34905
300.55,-324430
300.56,-112583
300.57,-530280
300.58,-709584
300.59,-74154
300.6,240099
300.61,114127
300.62,40622
300.63,-862772
300.64,-784525
300.65,195421
300.66,47501
300.67,-336548
300.68,-739593
300.69,21419
300.7,815596
300.71,811613
300.72,270205
300.73,-594767
300.74,-372706
300.75,-395384
300.76,23455
300.77,405488
300.78,-177805
300.79,-465792
300.8,-473577
300.81,49961
300.82,152351
300.83,-207225
300.84,-217379
300.85,-8801
300.86,90036
300.87,625052
300.88,1074918
300.89,168046
300.9,-398937
300.91,-303521
300.92,-77266
300.93,-74001
300.94,-46067
300.95,238809
300.96,-440402
300.97,-187086
300.98,906393
300.99,413777
301.0,-338582
301.01,-301769
301.02,-377327
301.03,-458392
301.04,-510362
301.05,-225129
301.06,-69164
301.07,-253905
301.08,32832
301.09,-193860
301.1,7682
301.11,125251
301.12,-240938
301.13,557528
301.14,366389
301.15,-204645
301.16,387475
301.17,329951
301.18,203799
301.19,433434
301.2,623615
301.21,433281
301.22,-551852
301.23,-693397
301.24,-317431
301.25,-616710
301.26,-738181
301.27,-190943
301.28,268909
301.29,344293
301.3,767427
301.31,1142238
301.32,723711
301.33,-168014
301.34,-975235
301.35,-1721722
301.36,-1992583
301.37,-1424312
301.38,-820652
301.39,-360636
301.4,687230
301.41,1432237
301.42,912576
301.43,864895
301.44,1103169
301.45,487327
301.46,243321
301.47,-63125
301.48,-894960
301.49,-1182322
301.5,-824931
301.51,-127371
301.52,291990
301.53,-80384
301.54,-592761
301.55,-782814
301.56,-1320281
301.57,-1176440
301.58,400189
301.59,1020960
301.6,957880
301.61,636087
301.62,-272922
301.63,662408
301.64,1568077
301.65,1313879
301.66,1137216
301.67,34150
301.68,-1451893
301.69,-2728497
301.7,-2088668
301.71,-1026115
301.72,-1611272
301.73,-1644928
301.74,-644885
301.75,886129
301.76,1455001
301.77,951991
301.78,225612
301.79,-117163
301.8,888825
301.81,1146330
301.82,513967
301.83,607516
301.84,-239864
301.85,-1409504
301.86,-1023943
301.87,-605690
301.88,-342609
301.89,-13686
301.9,6974
301.91,-94751
301.92,-931690
301.93,-1673611
301.94,-1760715
301.95,-855800
301.96,435649
301.97,531190
301.98,658066
301.99,1222443
302.0,1578823
302.01,1273037
302.02,351881
302.03,100288
302.04,-313031
302.05,-956982
302.06,-994165
302.07,-1397405
302.08,-1518034
302.09,-1011115
302.1,-1249528
302.11,-1079338
302.12,6810
302.13,362012
302.14,594849
302.15,767469
302.16,361465
302.17,-18030
302.18,240867
302.19,636424
302.2,329672
302.21,378465
302.22,329988
302.23,-45857
302.24,-158659
302.25,-171715
302.26,272938
302.27,126845
302.28,-174633
302.29,-401960
302.3,-649335
302.31,233477
302.32,398033
302.33,-356802
302.34,-697831
302.35,-773136
302.36,-628525
302.37,-663611
302.38,-542848
302.39,-46499
302.4,436423
302.41,645656
302.42,411319
302.43,-31845
302.44,-308801
302.45,-606519
302.46,-1007150
302.47,-1047058
302.48,-799277
302.49,-490604
302.5,-254729
302.51,-379857
302.52,-586542
302.53,-505585
302.54,-475397
302.55,-423595
302.56,-114811
302.57,163589
302.58,739815
302.59,1075913
302.6,678615
302.61,369926
302.62,257854
302.63,489987
302.64,386599
302.65,181006
302.66,464232
302.67,486436
302.68,531066
302.69,125661
302.7,-185688
302.71,47894
302.72,55524
302.73,129966
302.74,73620
302.75,189489
302.76,705959
302.77,926202
302.78,541088
302.79,49518
302.8,143508
302.81,-3466
302.82,-532594
302.83,-643625
302.84,-646570
302.85,-416779
302.86,-404957
302.87,-402022
302.88,25568
302.89,95421
302.9,79814
302.91,206017
302.92,443039
302.93,344256
302.94,174017
302.95,397601
302.96,357382
302.97,174732
302.98,120509
302.99,-55224
303.0,-513308
303.01,-533991
303.02,-149165
303.03,77187
303.04,341071
303.05,428730
303.06,460087
303.07,442151
303.08,552298
303.09,776075
303.1,440054
303.11,159653
303.12,-23308
303.13,-308525
303.14,-427406
303.15,-413701
303.16,-141634
303.17,-281961
303.18,-233701
303.19,-80431
303.2,-506580
303.21,-481852
303.22,-277083
303.23,-2746
303.24,388060
303.25,393475
303.26,470638
303.27,545053
303.28,384324
303.29,275606
303.3,135270
303.31,256591
303.32,363597
303.33,134860
303.34,95139
303.35,268067
303.36,304891
303.37,91382
303.38,101618
303.39,84695
303.4,-53392
303.41,144595
303.42,352610
303.43,561975
303.44,748456
303.45,510526
303.46,169420
303.47,234895
303.48,203980
303.49,-165225
303.5,-309451
303.51,-74053
303.52,238394
303.53,247199
303.54,-7838
303.55,-207206
303.56,-230344
303.57,-317389
303.58,-436919
303.59,-346783
303.6,-148026
303.61,-24833
303.62,102974
303.63,318978
303.64,285373
303.65,173616
303.66,84652
303.67,215024
303.68,389733
303.69,217125
303.7,298398
303.71,139973
303.72,-109949
303.73,-120068
303.74,-171312
303.75,11059
303.76,64279
303.77,253198
303.78,285945
303.79,-60325
303.8,-2433
303.81,171756
303.82,-23013
303.83,-224911
303.84,-51538
303.85,-10013
303.86,-89060
303.87,207778
303.88,538760
303.89,493243
303.9,222285
303.91,176692
303.92,287744
303.93,306468
303.94,258625
303.95,98480
303.96,-55491
303.97,-78262
303.98,-20262
303.99,22809
304.0,36573
304.01,-17082
304.02,-165021
304.03,-69840
304.04,158716
304.05,-45224
304.06,-188564
304.07,149909
304.08,255296
304.09,213132
304.1,282220
304.11,113056
304.12,-55249
304.13,-140560
304.14,-240143
304.15,-196289
304.16,-311397
304.17,-573140
304.18,-347936
304.19,-85696
304.2,-106821
304.21,3009
304.22,25008
304.23,249408
304.24,400752
304.25,350548
304.26,443178
304.27,32334
304.28,-110327
304.29,118773
304.3,-36309
304.31,80658
304.32,163559
304.33,124022
304.34,380671
304.35,436286
304.36,419697
304.37,286048
304.38,18295
304.39,266085
304.4,435458
304.41,75465
304.42,-4678
304.43,70505
304.44,-76221
304.45,-103223
304.46,-45106
304.47,37306
304.48,-259999
304.49,-495548
304.5,-240954
304.51,-284473
304.52,-236006
304.53,-88429
304.54,152062
304.55,299510
304.56,-47666
304.57,17123
304.58,-99410
304.59,-333523
304.6,-40099
304.61,-74842
304.62,-27410
304.63,15839
304.64,-273297
304.65,-230342
304.66,-303221
304.67,-247302
304.68,-78500
304.69,-227141
304.7,-163066
304.71,-347925
304.72,-477370
304.73,-227120
304.74,5420
304.75,80603
304.76,-17770
304.77,-7031
304.78,-341150
304.79,-605218
304.8,-491421
304.81,-381170
304.82,-114706
304.83,20517
304.84,-85242
304.85,-267866
304.86,-177862
304.87,-32448
304.88,-140823
304.89,-42956
304.9,43229
304.91,-3772
304.92,37859
304.93,107571
304.94,97016
304.95,79287
304.96,64497
304.97,-166199
304.98,-277241
304.99,-182710
305.0,-107795
305.01,-107936
305.02,-90367
305.03,-60724
305.04,-196557
305.05,-286253
305.06,-442158
305.07,-517148
305.08,-211963
305.09,-73527
305.1,-206884
305.11,-213452
305.12,-272965
305.13,-419965
305.14,-488072
305.15,-571343
305.16,-502286
305.17,-346620
305.18,-220289
305.19,-215281
305.2,-383134
305.21,-308519
305.22,-158292
305.23,-233368
305.24,-302012
305.25,-385706
305.26,-293817
305.27,108738
305.28,221366
305.29,201039
305.3,111090
305.31,-142074
305.32,-94958
305.33,-3601
305.34,51035
305.35,-131723
305.36,-481915
305.37,-455018
305.38,-292344
305.39,-488749
305.4,-751715
305.41,-477929
305.42,-153060
305.43,-103791
305.44,-213989
305.45,-362768
305.46,-232018
305.47,-172784
305.48,-444552
305.49,-580932
305.5,-266809
305.51,-43339
305.52,-385033
305.53,-504590
305.54,-260629
305.55,-355974
305.56,-343719
305.57,-252251
305.58,-372958
305.59,-312674
305.6,-229449
305.61,-286309
305.62,-403512
305.63,-277929
305.64,-308074
305.65,-472380
305.66,-161795
305.67,-315030
305.68,-658117
305.69,-426114
305.7,-228093
305.71,-226497
305.72,-341361
305.73,-459170
305.74,-493256
305.75,-464915
305.76,-383794
305.77,-233282
305.78,-271494
305.79,-419012
305.8,-373583
305.81,-426876
305.82,-436504
305.83,-234576
305.84,-91451
305.85,-227064
305.86,-376291
305.87,-279368
305.88,-245797
305.89,-294868
305.9,-232841
305.91,-258472
305.92,-394832
305.93,-395764
305.94,-522414
305.95,-474296
305.96,-144659
305.97,-85808
305.98,-124277
305.99,-188836
306.0,-232557
306.01,-70022
306.02,87579
306.03,-8436
306.04,18768
306.05,170407
306.06,93802
306.07,-80721
306.08,-162141
306.09,-78881
306.1,-128528
306.11,-101377
306.12,-59958
306.13,-123505
306.14,-115294
306.15,-273853
306.16,-283228
306.17,-279061
306.18,-260110
306.19,-203371
306.2,-431785
306.21,-499411
306.22,-421469
306.23,-397314
306.24,-409228
306.25,-164980
306.26,30339
306.27,-279655
306.28,-212395
306.29,-7500
306.3,-277591
306.31,-448068
306.32,-443830
306.33,-352391
306.34,-270334
306.35,-281365
306.36,-205410
306.37,-298530
306.38,-442648
306.39,-488156
306.4,-211418
306.41,157011
306.42,-159979
306.43,-109723
306.44,301472
306.45,102560
306.46,-130487
306.47,-116573
306.48,-565
306.49,-130855
306.5,-183977
306.51,-67341
306.52,-319645
306.53,-292389
306.54,-133391
306.55,-133436
306.56,-69524
306.57,-148726
306.58,-65111
306.59,-61329
306.6,-189723
306.61,-232492
306.62,-369640
306.63,-473149
306.64,-417580
306.65,-393919
306.66,-548610
306.67,-585828
306.68,-593056
306.69,-512120
306.7,-223342
306.71,-110146
306.72,-157029
306.73,-124049
306.74,36485
306.75,138345
306.76,116916
306.77,87632
306.78,-103850
306.79,-248186
306.8,-170236
306.81,-253524
306.82,-260378
306.83,-132475
306.84,-139709
306.85,-102317
306.86,-177162
306.87,-332908
306.88,-115163
306.89,-15438
306.9,-162229
306.91,-34003
306.92,-49402
306.93,52671
306.94,200936
306.95,95763
306.96,270170
306.97,180707
306.98,80457
306.99,137643
307.0,-204164
307.01,-223511
307.02,-135352
307.03,-267973
307.04,-149351
307.05,-98621
307.06,-173483
307.07,-106957
307.08,-36652
307.09,-120347
307.1,-355661
307.11,-408352
307.12,-232601
307.13,-246341
307.14,-356598
307.15,-338447
307.16,-367376
307.17,-379858
307.18,-359584
307.19,-423011
307.2,-381038
307.21,-298660
307.22,-264936
307.23,-90431
307.24,55112
307.25,-27182
307.26,-2540
307.27,-54869
307.28,-250071
307.29,-175721
307.3,-47089
307.31,37207
307.32,66608
307.33,72932
307.34,46054
307.35,26315
307.36,-25528
307.37,-32379
307.38,167106
307.39,65492
307.4,-9247
307.41,-22454
307.42,-118594
307.43,873
307.44,-24997
307.45,57371
307.46,239187
307.47,144652
307.48,-60539
307.49,-66024
307.5,-992
307.51,-183192
307.52,-74285
307.53,224024
307.54,-17245
307.55,4600
307.56,235166
307.57,-140899
307.58,-125518
307.59,-141293
307.6,-398410
307.61,-78552
307.62,-57556
307.63,-34698
307.64,38397
307.65,-179341
307.66,-31558
307.67,-22701
307.68,-254003
307.69,-229486
307.7,-96412
307.71,-242670
307.72,-312957
307.73,-63898
307.74,170252
307.75,382477
307.76,165093
307.77,-4212
307.78,-22949
307.79,-364397
307.8,-473214
307.81,-309935
307.82,-45452
307.83,118898
307.84,176717
307.85,248012
307.86,194694
307.87,11353
307.88,8879
307.89,250966
307.9,99685
307.91,-186035
307.92,-164954
307.93,-161294
307.94,-412715
307.95,-567712
307.96,-74270
307.97,167026
307.98,24176
307.99,32624
308.0,-172513
308.01,27221
308.02,246199
308.03,185607
308.04,376460
308.05,76544
308.06,-197394
308.07,-144635
308.08,-280117
308.09,-258904
308.1,-226331
308.11,-201839
308.12,-317426
308.13,-322228
308.14,-39203
308.15,-167317
308.16,-291282
308.17,-199847
308.18,-270139
308.19,-257800
308.2,-188514
308.21,-63616
308.22,-27088
308.23,-69078
308.24,-131916
308.25,-162648
308.26,53499
308.27,-5602
308.28,27287
308.29,-24265
308.3,-355431
308.31,-262272
308.32,-140658
308.33,67156
308.34,59798
308.35,-177035
308.36,-206080
308.37,-381783
308.38,-398152
308.39,-292962
308.4,-156726
308.41,-97345
308.42,-293941
308.43,-231761
308.44,-240344
308.45,-288161
308.46,-157479
308.47,-198625
308.48,-267479
308.49,-285171
308.5,-44475
308.51,26410
308.52,-260125
308.53,-164566
308.54,-76958
308.55,-117791
308.56,246852
308.57,291782
308.58,88223
308.59,206950
308.6,144839
308.61,127028
308.62,178764
308.63,98529
308.64,110713
308.65,119613
308.66,160354
308.67,192386
308.68,146223
308.69,118973
308.7,119387
308.71,74209
308.72,61324
308.73,139808
308.74,171711
308.75,147773
308.76,194855
308.77,249766
308.78,310365
308.79,301034
308.8,254130
308.81,253449
308.82,87845
308.83,7517
308.84,44299
308.85,-4006
308.86,-98307
308.87,-72510
308.88,-41008
308.89,-48795
308.9,133208
308.91,-663
308.92,-146659
308.93,-109577
308.94,-129968
308.95,70728
308.96,114194
308.97,115445
308.98,123215
308.99,554
309.0,-25379
309.01,45163
309.02,183138
309.03,245201
309.04,162212
309.05,-86069
309.06,-68302
309.07,95825
309.08,-97021
309.09,-93271
309.1,130132
309.11,-117676
309.12,-486374
309.13,-255815
309.14,-37798
309.15,-155045
309.16,116618
309.17,463784
309.18,276677
309.19,30477
309.2,74287
309.21,219062
309.22,174801
309.23,116903
309.24,337303
309.25,184406
309.26,-90109
309.27,-39824
309.28,198056
309.29,500417
309.3,292431
309.31,235342
309.32,354101
309.33,81594
309.34,145112
309.35,289215
309.36,142195
309.37,97563
309.38,238010
309.39,356624
309.4,245037
309.41,368937
309.42,334572
309.43,-36683
309.44,132582
309.45,283071
309.46,241696
309.47,223895
309.48,233020
309.49,179256
309.5,2951
309.51,216848
309.52,199793
309.53,200908
309.54,361735
309.55,268167
309.56,351339
309.57,220243
309.58,154215
309.59,207922
309.6,228056
309.61,305187
309.62,242370
309.63,327427
309.64,388277
309.65,395840
309.66,349275
309.67,275177
309.68,381633
309.69,434963
309.7,325001
309.71,242295
309.72,302105
309.73,387077
309.74,233340
309.75,21492
309.76,194982
309.77,293929
309.78,246069
309.79,287665
309.8,272153
309.81,314639
309.82,154632
309.83,26900
309.84,136356
309.85,180434
309.86,213075
309.87,234439
309.88,219899
309.89,138046
309.9,148641
309.91,194170
309.92,107091
309.93,-12281
309.94,-95781
309.95,32364
309.96,46993
309.97,-58712
309.98,40752
309.99,-4008
310.0,-68769
310.01,-21912
310.02,-31694
310.03,-97230
310.04,-116132
310.05,-24039
310.06,-56993
310.07,-72108
310.08,-53564
310.09,-77962
310.1,-8180
310.11,19985
310.12,-73213
310.13,-170017
310.14,-200309
310.15,-211522
310.16,-156372
310.17,-155063
310.18,-119310
310.19,-939
310.2,-26758
310.21,-23358
310.22,40258
310.23,56374
310.24,40839
310.25,-51829
310.26,-137430
310.27,139621
310.28,398175
310.29,88608
310.3,29970
310.31,150629
310.32,-83418
310.33,20348
310.34,119467
310.35,64355
310.36,166608
310.37,144887
310.38,327448
310.39,265346
310.4,13265
310.41,73055
310.42,363818
310.43,525220
310.44,30239
310.45,104170
310.46,236794
310.47,-83294
310.48,114877
310.49,136458
310.5,40461
310.51,110342
310.52,229936
310.53,146509
310.54,-78074
310.55,-71570
310.56,183621
310.57,206305
310.58,-94295
310.59,48676
310.6,57330
310.61,-8939
310.62,217286
310.63,10413
310.64,-164190
310.65,-24887
310.66,-78948
310.67,-296799
310.68,-337811
310.69,-221188
310.7,-107887
310.71,-498
310.72,-12608
310.73,28190
310.74,27000
310.75,80381
310.76,159878
310.77,39818
310.78,64609
310.79,66713
310.8,57346
310.81,64363
310.82,22661
310.83,-23704
310.84,-114830
310.85,-174597
310.86,-161175
310.87,-34820
310.88,-38961
310.89,-108087
310.9,-83296
310.91,46177
310.92,198491
310.93,168043
310.94,173670
310.95,45638
310.96,-129017
310.97,-7673
310.98,27604
310.99,74979
311.0,172079
311.01,190492
311.02,179950
311.03,79332
311.04,-120732
311.05,-286391
311.06,-227992
311.07,-139313
311.08,-144223
311.09,-167591
311.1,-216723
311.11,-200221
311.12,-252633
311.13,-444775
311.14,-62833
311.15,193497
311.16,-295531
311.17,-417913
311.18,-302607
311.19,-277211
311.2,-252827
311.21,-295821
311.22,-206049
311.23,-246549
311.24,-350398
311.25,-275663
311.26,-255189
311.27,-345992
311.28,-500468
311.29,-264024
311.3,45326
311.31,-61149
311.32,-172888
311.33,-365032
311.34,-348123
311.35,-181514
311.36,-220127
311.37,-171414
311.38,-80881
311.39,2713
311.4,34558
311.41,124883
311.42,92148
311.43,-79736
311.44,-1137
311.45,-173069
311.46,-348069
311.47,-149420
311.48,-50099
311.49,-85054
311.5,-186273
311.51,-159943
311.52,-237656
311.53,-352065
311.54,-227678
311.55,-220326
311.56,-149391
311.57,-46102
311.58,-49991
311.59,-154873
311.6,-267950
311.61,-150869
311.62,-224643
311.63,-321182
311.64,-251357
311.65,-286400
311.66,-208620
311.67,-199344
311.68,-228724
311.69,-225008
311.7,-397100
311.71,-296198
311.72,-82659
311.73,-213682
311.74,-195321
311.75,-100900
311.76,-144014
311.77,-41559
311.78,-44593
311.79,-47221
311.8,23877
311.81,-13087
311.82,-81993
311.83,-156083
311.84,-185684
311.85,-203595
311.86,-187215
311.87,-183205
311.88,-177121
311.89,-303635
311.9,-340521
311.91,-222416
311.92,-257681
311.93,-179478
311.94,-167010
311.95,-149450
311.96,-98198
311.97,-134234
311.98,-49707
311.99,-109986
312.0,-242498
312.01,-200052
312.02,-77883
312.03,-208673
312.04,-293363
312.05,-187605
312.06,-309610
312.07,-326173
312.08,-304033
312.09,-376964
312.1,-320552
312.11,-262394
312.12,-257687
312.13,-260594
312.14,-197352
312.15,-201049
312.16,-186337
312.17,-77395
312.18,-98220
312.19,-118640
312.2,-131441
312.21,-82007
312.22,-63580
312.23,-152111
312.24,-162147
312.25,-187332
312.26,-163870
312.27,-224691
312.28,-186451
312.29,-87739
312.3,-248915
312.31,-150631
312.32,-72294
312.33,-151631
312.34,-62941
312.35,-103354
312.36,-48658
312.37,-73855
312.38,-99804
312.39,48926
312.4,-103893
312.41,-179171
312.42,-200752
312.43,-266449
312.44,-194417
312.45,-233829
312.46,-222084
312.47,-129848
312.48,-193642
312.49,-201233
312.5,-44821
312.51,-119297
312.52,-252278
312.53,-126546
312.54,-131066
312.55,-235561
312.56,-202803
312.57,-149948
312.58,-140606
312.59,-151306
312.6,-165449
312.61,-165230
312.62,-59099
312.63,-113116
312.64,-219942
312.65,-85832
312.66,-66994
312.67,-137304
312.68,-100275
312.69,-60192
312.7,-72545
312.71,-93211
312.72,-123507
312.73,-57398
312.74,52640
312.75,45031
312.76,-11318
312.77,-217866
312.78,-182750
312.79,72649
312.8,49119
312.81,-20115
312.82,-79575
312.83,71296
312.84,222858
312.85,-55745
312.86,-69797
312.87,118191
312.88,46080
312.89,65447
312.9,71281
312.91,-76631
312.92,-127578
312.93,-34486
312.94,-52404
312.95,-99764
312.96,-18488
312.97,41490
312.98,-22637
312.99,-125044
313.0,-61373
313.01,-155470
313.02,-239915
313.03,-146567
313.04,-216324
313.05,-207470
313.06,-263550
313.07,-287029
313.08,-148405
313.09,-220205
313.1,-210590
313.11,-154365
313.12,-214040
313.13,-162545
313.14,-194306
313.15,-169864
313.16,-60021
313.17,-158904
313.18,-59857
313.19,23996
313.2,-145990
313.21,-134817
313.22,-131655
313.23,-95481
313.24,-58091
313.25,-166981
313.26,-92592
313.27,-46067
313.28,-90541
313.29,-22519
313.3,-50831
313.31,-114985
313.32,-45331
313.33,-118661
313.34,-252242
313.35,-66335
313.36,43012
313.37,10488
313.38,-8541
313.39,-45812
313.4,25434
313.41,-99379
313.42,-139591
313.43,-6985
313.44,-85125
313.45,-12512
313.46,120319
313.47,-21125
313.48,-62128
313.49,11979
313.5,7147
313.51,30200
313.52,-24827
313.53,33606
313.54,16342
313.55,-168709
313.56,-43030
313.57,71059
313.58,-1289
313.59,-61997
313.6,-23597
313.61,34435
313.62,43535
313.63,99395
313.64,132195
313.65,61016
313.66,-1823
313.67,147306
313.68,207195
313.69,119745
313.7,135517
313.71,122420
313.72,48946
313.73,95812
313.74,198169
313.75,74007
313.76,-67456
313.77,-7543
313.78,62934
313.79,48079
313.8,99117
313.81,90280
313.82,142383
313.83,439379
313.84,340129
313.85,238692
313.86,192278
313.87,-118251
313.88,82175
313.89,198866
313.9,152279
313.91,301856
313.92,225892
313.93,253315
313.94,266373
313.95,239566
313.96,221507
313.97,153351
313.98,252228
313.99,276270
314.0,170332
314.01,81648
314.02,99882
314.03,202401
314.04,213431
314.05,199872
314.06,311648
314.07,327612
314.08,364140
314.09,434166
314.1,270831
314.11,236624
314.12,248682
314.13,250413
314.14,357337
314.15,296234
314.16,242808
314.17,275565
314.18,298343
314.19,310601
314.2,302339
314.21,401329
314.22,464516
314.23,503512
314.24,477337
314.25,342800
314.26,325182
314.27,407121
314.28,502933
314.29,329650
314.3,310679
314.31,444945
314.32,414148
314.33,526897
314.34,400902
314.35,327449
314.36,345003
314.37,262276
314.38,468894
314.39,500143
314.4,465203
314.41,504553
314.42,286739
314.43,240213
314.44,396445
314.45,371225
314.46,229963
314.47,299487
314.48,417011
314.49,316244
314.5,271028
314.51,180632
314.52,113303
314.53,127195
314.54,90513
314.55,332611
314.56,368111
314.57,196849
314.58,364745
314.59,315522
314.6,135996
314.61,235824
314.62,399892
314.63,330018
314.64,166259
314.65,239199
314.66,299342
314.67,269939
314.68,130285
314.69,96411
314.7,206302
314.71,224691
314.72,267131
314.73,240690
314.74,251554
314.75,137317
314.76,175018
314.77,282550
314.78,108285
314.79,253734
314.8,327674
314.81,202579
314.82,262589
314.83,315123
314.84,301034
314.85,342748
314.86,244776
314.87,130120
314.88,220578
314.89,226080
314.9,283555
314.91,251457
314.92,229379
314.93,352882
314.94,306727
314.95,162074
314.96,139074
314.97,201455
314.98,124725
314.99,165405
315.0,187235
315.01,106293
315.02,153904
315.03,165907
315.04,300180
315.05,260731
315.06,99486
315.07,266997
315.08,229026
315.09,156496
315.1,244038
315.11,269419
315.12,258420
315.13,150445
315.14,245550
315.15,288430
315.16,185697
315.17,113247
315.18,35866
315.19,93917
315.2,39005
315.21,57067
315.22,218303
315.23,267897
315.24,336448
315.25,320839
315.26,281871
315.27,179743
315.28,149051
315.29,233380
315.3,121888
315.31,129493
315.32,159012
315.33,128071
315.34,162867
315.35,61487
315.36,-19259
315.37,122828
315.38,324535
315.39,246408
315.4,90000
315.41,137969
315.42,37188
315.43,62276
315.44,182317
315.45,41264
315.46,189554
315.47,174926
315.48,110592
315.49,184625
315.5,-3271
315.51,132760
315.52,90510
315.53,166647
315.54,339925
315.55,-91770
315.56,-51542
315.57,228257
315.58,301690
315.59,311077
315.6,288971
315.61,317323
315.62,86867
315.63,12231
315.64,137279
315.65,37214
315.66,-11643
315.67,311384
315.68,370943
315.69,97395
315.7,52940
315.71,82253
315.72,202630
315.73,79378
315.74,-57069
315.75,22479
315.76,30200
315.77,160693
315.78,256189
315.79,337476
315.8,204686
315.81,188989
315.82,399897
315.83,203816
315.84,-14914
315.85,-87690
315.86,-80192
315.87,-48469
315.88,11370
315.89,187342
315.9,145966
315.91,-34530
315.92,-113245
315.93,-136417
315.94,-151994
315.95,-165208
315.96,-113674
315.97,26097
315.98,9710
315.99,-144083
316.0,-149255
316.01,-64101
316.02,-36632
316.03,-19596
316.04,137997
316.05,105150
316.06,-117290
316.07,-131433
316.08,37893
316.09,155228
316.1,124010
316.11,156500
316.12,36295
316.13,-153904
316.14,-158084
316.15,-126797
316.16,-76442
316.17,-135022
316.18,-121169
316.19,23323
316.2,-8927
316.21,-93503
316.22,-122575
316.23,-80603
316.24,2520
316.25,-72075
316.26,-85248
316.27,-118250
316.28,-233363
316.29,-120250
316.3,-14620
316.31,51553
316.32,69061
316.33,43281
316.34,83279
316.35,-13376
316.36,-9484
316.37,92083
316.38,-6769
316.39,-53618
316.4,45904
316.41,30022
316.42,-112187
316.43,658
316.44,126242
316.45,-11550
316.46,70381
316.47,139665
316.48,-37175
316.49,-61867
316.5,140618
316.51,151966
316.52,-63474
316.53,-23453
316.54,50472
316.55,46858
316.56,87705
316.57,58302
316.58,87218
316.59,-29759
316.6,-136571
316.61,-39881
316.62,-54499
316.63,-63805
316.64,-113089
316.65,-63673
316.66,64585
316.67,-82201
316.68,-137132
316.69,-25083
316.7,-41987
316.71,-89898
316.72,-90064
316.73,-132363
316.74,-36030
316.75,34735
316.76,-98010
316.77,-80730
316.78,-1495
316.79,-56467
316.8,-142960
316.81,-60398
316.82,-26260
316.83,-175126
316.84,-201172
316.85,-91340
316.86,-27093
316.87,-86053
316.88,-35074
316.89,-9728
316.9,-58386
316.91,-74214
316.92,-167010
316.93,-175167
316.94,-187471
316.95,-76934
316.96,18361
316.97,-85872
316.98,-117463
316.99,-231404
317.0,-214192
317.01,-143689
317.02,-244697
317.03,-203198
317.04,-92603
317.05,26612
317.06,-74172
317.07,-201995
317.08,-114100
317.09,-99260
317.1,-74666
317.11,-69676
317.12,-60571
317.13,-147654
317.14,-188595
317.15,-127364
317.16,-111108
317.17,-71444
317.18,-228020
317.19,-268752
317.2,-153618
317.21,-96052
317.22,-92646
317.23,-225785
317.24,-183278
317.25,-44401
317.26,-33002
317.27,-80649
317.28,-136958
317.29,-116251
317.3,-121870
317.31,-54808
317.32,-64274
317.33,-198239
317.34,-202788
317.35,-180592
317.36,18089
317.37,96829
317.38,7379
317.39,-35053
317.4,-209597
317.41,-307118
317.42,-471848
317.43,-549834
317.44,-417508
317.45,-308810
317.46,-104641
317.47,-40380
317.48,-71390
317.49,-104785
317.5,-182605
317.51,-163561
317.52,-120408
317.53,-21292
317.54,-63476
317.55,-231907
317.56,-121797
317.57,32775
317.58,-55780
317.59,-121859
317.6,-161258
317.61,-177468
317.62,-66984
317.63,-51480
317.64,-925
317.65,55219
317.66,7709
317.67,1590
317.68,-168502
317.69,-399536
317.7,-355408
317.71,-71955
317.72,100867
317.73,24574
317.74,49856
317.75,79442
317.76,-91199
317.77,-143067
317.78,-153963
317.79,-238327
317.8,-137181
317.81,-40829
317.82,-81416
317.83,79712
317.84,258902
317.85,99444
317.86,-253003
317.87,-468259
317.88,-307238
317.89,-106446
317.9,7910
317.91,10723
317.92,-225370
317.93,-266755
317.94,-249519
317.95,-186815
317.96,-118678
317.97,-171351
317.98,-149298
317.99,-191374
318.0,-158305
318.01,-316747
318.02,-392957
318.03,-231484
318.04,-188838
318.05,-93623
318.06,-107338
318.07,-104002
318.08,-195032
318.09,-257894
318.1,-121280
318.11,-156688
318.12,-203559
318.13,-225817
318.14,-227636
318.15,-211398
318.16,-254297
318.17,-215983
318.18,-136093
318.19,-192474
318.2,-329089
318.21,-281119
318.22,-51886
318.23,74654
318.24,-5015
318.25,-61293
318.26,9367
318.27,114416
318.28,108124
318.29,26792
318.3,-65500
318.31,-231717
318.32,-164434
318.33,-116003
318.34,-235911
318.35,-132426
318.36,-112704
318.37,-155026
318.38,-165223
318.39,-189351
318.4,-112115
318.41,-55099
318.42,724
318.43,-9301
318.44,9871
318.45,-414
318.46,-26736
318.47,48154
318.48,-49839
318.49,-115118
318.5,-38597
318.51,14331
318.52,10765
318.53,-84057
318.54,-95813
318.55,-55942
318.56,-119900
318.57,-209235
318.58,-188041
318.59,-46473
318.6,77200
318.61,97994
318.62,60546
318.63,37519
318.64,14129
318.65,24377
318.66,-9411
318.67,-75246
318.68,-29927
318.69,-102100
318.7,-116321
318.71,35754
318.72,-8738
318.73,-76241
318.74,-29628
318.75,1109
318.76,-32328
318.77,-43578
318.78,-14486
318.79,-54350
318.8,-58554
318.81,-31977
318.82,-221
318.83,-10105
318.84,-55927
318.85,-20855
318.86,-20258
318.87,88493
318.88,125534
318.89,-42525
318.9,-76677
318.91,-56058
318.92,-27665
318.93,-8076
318.94,115926
318.95,198858
318.96,114760
318.97,155442
318.98,153224
318.99,128149
319.0,218198
319.01,209382
319.02,78450
319.03,92933
319.04,197424
319.05,108089
319.06,70043
319.07,187212
319.08,139123
319.09,-26828
319.1,98148
319.11,158988
319.12,571
319.13,134823
319.14,142893
319.15,85971
319.16,96065
319.17,112993
319.18,239336
319.19,136160
319.2,172660
319.21,250843
319.22,155744
319.23,139846
319.24,176672
319.25,286599
319.26,204856
319.27,118913
319.28,178379
319.29,111262
319.3,58511
319.31,86016
319.32,198270
319.33,138480
319.34,66793
319.35,215681
319.36,178231
319.37,111838
319.38,93669
319.39,75619
319.4,98771
319.41,43167
319.42,104628
319.43,197390
319.44,41264
319.45,16483
319.46,241090
319.47,232708
319.48,208273
319.49,217767
319.5,136598
319.51,297967
319.52,393842
319.53,364938
319.54,334748
319.55,239759
319.56,249125
319.57,170856
319.58,17294
319.59,-91020
319.6,-194158
319.61,-223351
319.62,-240923
319.63,-226926
319.64,-161528
319.65,-105532
319.66,-9943
319.67,134787
319.68,296173
319.69,404532
319.7,488818
319.71,580478
319.72,493592
319.73,346651
319.74,353516
319.75,186263
319.76,-134790
319.77,-208894
319.78,-225789
319.79,-270720
319.8,-149149
319.81,-67267
319.82,-45067
319.83,90705
319.84,259973
319.85,341115
319.86,321698
319.87,320814
319.88,339653
319.89,354027
319.9,208493
319.91,18632
319.92,6185
319.93,-49813
319.94,-179517
319.95,-170230
319.96,-44173
319.97,114695
319.98,306043
319.99,272354
320.0,164512
320.01,99772
320.02,52134
320.03,157935
320.04,239456
320.05,302743
320.06,176549
320.07,-15099
320.08,-37046
320.09,-95408
320.1,-47929
320.11,70441
320.12,181722
320.13,298347
320.14,265537
320.15,135123
320.16,-34022
320.17,-142371
320.18,-119691
320.19,-51909
320.2,-5639
320.21,-12317
320.22,8243
320.23,122751
320.24,226514
320.25,135080
320.26,45894
320.27,56090
320.28,-80242
320.29,-165491
320.3,-184172
320.31,-219420
320.32,-149475
320.33,-24654
320.34,5301
320.35,-11652
320.36,49179
320.37,-28611
320.38,-24261
320.39,64960
320.4,2104
320.41,96890
320.42,139505
320.43,-10075
320.44,-122139
320.45,-193821
320.46,-129744
320.47,-36783
320.48,-25500
320.49,-15671
320.5,-94308
320.51,-205222
320.52,-109940
320.53,-23688
320.54,-77340
320.55,10796
320.56,45340
320.57,21983
320.58,48445
320.59,40226
320.6,53942
320.61,-92790
320.62,-130460
320.63,-52793
320.64,-195611
320.65,-243037
320.66,-244421
320.67,-278122
320.68,-284313
320.69,-412142
320.7,-407146
320.71,-269356
320.72,-232206
320.73,-166605
320.74,-154267
320.75,-191225
320.76,-107428
320.77,-157898
320.78,-230488
320.79,-173609
320.8,-194467
320.81,-240068
320.82,-239134
320.83,-211710
320.84,-316154
320.85,-433220
320.86,-466841
320.87,-545405
320.88,-432108
320.89,-336964
320.9,-374133
320.91,-222008
320.92,-135623
320.93,-157319
320.94,-176480
320.95,-192542
320.96,-211104
320.97,-394667
320.98,-449709
320.99,-363125
321.0,-367619
321.01,-284504
321.02,-221537
321.03,-238591
321.04,-243234
321.05,-292266
321.06,-400524
321.07,-462672
321.08,-338219
321.09,-172369
321.1,-172701
321.11,-219686
321.12,-136854
321.13,-145682
321.14,-283700
321.15,-392849
321.16,-383902
321.17,-326913
321.18,-384393
321.19,-304303
321.2,-232017
321.21,-337016
321.22,-400851
321.23,-425270
321.24,-392614
321.25,-360583
321.26,-361823
321.27,-343976
321.28,-312819
321.29,-293742
321.3,-252214
321.31,-241950
321.32,-291372
321.33,-321023
321.34,-350267
321.35,-191165
321.36,-146545
321.37,-236211
321.38,-112296
321.39,-138186
321.4,-185230
321.41,-182865
321.42,-261220
321.43,-357649
321.44,-424094
321.45,-323321
321.46,-262884
321.47,-255896
321.48,-245095
321.49,-183236
321.5,-154656
321.51,-236737
321.52,-150722
321.53,-124806
321.54,-144357
321.55,-122140
321.56,-153836
321.57,-98242
321.58,-162231
321.59,-191216
321.6,-138814
321.61,-223500
321.62,-264271
321.63,-269994
321.64,-286657
321.65,-240497
321.66,-215848
321.67,-275249
321.68,-304044
321.69,-244164
321.7,-160187
321.71,-308899
321.72,-444804
321.73,-303160
321.74,-332666
321.75,-285516
321.76,-220933
321.77,-335239
321.78,-273361
321.79,-242344
321.8,-206999
321.81,-234351
321.82,-287102
321.83,-202253
321.84,-250932
321.85,-270948
321.86,-223705
321.87,-227021
321.88,-198033
321.89,-206978
321.9,-204129
321.91,-201060
321.92,-226695
321.93,-222386
321.94,-240423
321.95,-331624
321.96,-386098
321.97,-269779
321.98,-292194
321.99,-345387
322.0,-253898
322.01,-244280
322.02,-203928
322.03,-226405
322.04,-189210
322.05,-130206
322.06,-244170
322.07,-211263
322.08,-208208
322.09,-289364
322.1,-279031
322.11,-312340
322.12,-296781
322.13,-261614
322.14,-252481
322.15,-214175
322.16,-174347
322.17,-154287
322.18,-189554
322.19,-140082
322.2,-117208
322.21,-170126
322.22,-135000
322.23,-117987
322.24,-63180
322.25,-81861
322.26,-135750
322.27,-69377
322.28,-94711
322.29,-93772
322.3,-67965
322.31,-81060
322.32,-36223
322.33,-47792
322.34,-102526
322.35,-121481
322.36,-102940
322.37,-91356
322.38,-136191
322.39,-143546
322.4,-99151
322.41,-115569
322.42,-114638
322.43,-63095
322.44,-63235
322.45,-76787
322.46,4861
322.47,3793
322.48,-133115
322.49,-70163
322.5,-52519
322.51,-130700
322.52,-74777
322.53,-88956
322.54,-59840
322.55,11709
322.56,-16408
322.57,-92314
322.58,-80673
322.59,-25729
322.6,-44309
322.61,-23904
322.62,-28430
322.63,-109892
322.64,-80430
322.65,27352
322.66,11900
322.67,-1009
322.68,65735
322.69,109477
322.7,76362
322.71,54310
322.72,107063
322.73,51812
322.74,-26336
322.75,-208
322.76,6053
322.77,16859
322.78,61588
322.79,89669
322.8,114200
322.81,112844
322.82,114723
322.83,114741
322.84,59130
322.85,79453
322.86,121472
322.87,132206
322.88,152809
322.89,110652
322.9,116434
322.91,124782
322.92,79516
322.93,110632
322.94,106129
322.95,80642
322.96,149733
322.97,134262
322.98,171988
322.99,267669
323.0,214992
323.01,220545
323.02,214147
323.03,173605
323.04,192554
323.05,219216
323.06,296281
323.07,303207
323.08,245521
323.09,241258
323.1,262289
323.11,295032
323.12,272279
323.13,179570
323.14,198830
323.15,261638
323.16,231958
323.17,246673
323.18,257666
323.19,210575
323.2,260989
323.21,258852
323.22,145594
323.23,182439
323.24,243425
323.25,235129
323.26,211783
323.27,203430
323.28,235051
323.29,251339
323.3,273038
323.31,252413
323.32,307196
323.33,324333
323.34,274371
323.35,354271
323.36,388267
323.37,369231
323.38,283396
323.39,253449
323.4,353017
323.41,310313
323.42,275984
323.43,346449
323.44,328460
323.45,288182
323.46,264991
323.47,279775
323.48,370039
323.49,297302
323.5,248094
323.51,381531
323.52,354045
323.53,325083
323.54,385535
323.55,389604
323.56,347570
323.57,326688
323.58,357368
323.59,297644
323.6,313691
323.61,398332
323.62,329441
323.63,302382
323.64,341149
323.65,300269
323.66,340857
323.67,393645
323.68,342270
323.69,298299
323.7,327688
323.71,350517
323.72,295436
323.73,335128
323.74,377475
323.75,374593
323.76,394325
323.77,421996
323.78,427050
323.79,399388
323.8,453470
323.81,496356
323.82,487613
323.83,458442
323.84,468260
323.85,463467
323.86,471602
323.87,495058
323.88,439745
323.89,484073
323.9,477612
323.91,445538
323.92,453109
323.93,442367
323.94,461131
323.95,420002
323.96,461831
323.97,525488
323.98,522685
323.99,484972
324.0,457303
324.01,442998
324.02,399329
324.03,415577
324.04,398383
324.05,416990
324.06,407565
324.07,359545
324.08,451885
324.09,427609
324.1,412941
324.11,463365
324.12,446947
324.13,465911
324.14,413793
324.15,425156
324.16,420083
324.17,322794
324.18,357071
324.19,444835
324.2,424804
324.21,335280
324.22,349654
324.23,397772
324.24,347364
324.25,317706
324.26,418648
324.27,420422
324.28,374512
324.29,506167
324.3,486081
324.31,430810
324.32,494143
324.33,461764
324.34,433803
324.35,370548
324.36,368935
324.37,404331
324.38,368387
324.39,408785
324.4,399835
324.41,393819
324.42,426476
324.43,394380
324.44,385060
324.45,306841
324.46,309787
324.47,424133
324.48,398655
324.49,379483
324.5,379680
324.51,371070
324.52,348463
324.53,317118
324.54,329601
324.55,306078
324.56,345085
324.57,384926
324.58,326234
324.59,271864
324.6,261378
324.61,304828
324.62,321778
324.63,333537
324.64,380198
324.65,374638
324.66,374231
324.67,336542
324.68,317356
324.69,356498
324.7,306727
324.71,312995
324.72,328947
324.73,317113
324.74,322394
324.75,276261
324.76,303411
324.77,307964
324.78,291711
324.79,333789
324.8,309713
324.81,325993
324.82,353445
324.83,319871
324.84,321781
324.85,288034
324.86,290997
324.87,299561
324.88,242662
324.89,280822
324.9,325822
324.91,354977
324.92,364145
324.93,325241
324.94,380172
324.95,380069
324.96,346199
324.97,418366
324.98,419473
324.99,394283
325.0,409196
325.01,424238
325.02,448856
325.03,467013
325.04,450483
325.05,408390
325.06,385778
325.07,328658
325.08,348281
325.09,396671
325.1,343901
325.11,394333
325.12,414131
325.13,365989
325.14,377777
325.15,330683
325.16,383445
325.17,432041
325.18,378179
325.19,380298
325.2,367126
325.21,369363
325.22,397973
325.23,382220
325.24,361589
325.25,356829
325.26,262766
325.27,226616
325.28,228529
325.29,224040
325.3,340235
325.31,294728
325.32,253737
325.33,309624
325.34,246830
325.35,264462
325.36,270031
325.37,282444
325.38,309721
325.39,223106
325.4,265485
325.41,274389
325.42,219941
325.43,285273
325.44,303471
325.45,238719
325.46,258879
325.47,269094
325.48,187581
325.49,236936
325.5,224230
325.51,200046
325.52,236823
325.53,205332
325.54,200364
325.55,143619
325.56,169578
325.57,223041
325.58,207461
325.59,174259
325.6,144522
325.61,227670
325.62,216932
325.63,160878
325.64,227577
325.65,252914
325.66,219341
325.67,196817
325.68,215521
325.69,215300
325.7,202914
325.71,259124
325.72,262866
325.73,220419
325.74,223921
325.75,164834
325.76,154818
325.77,175918
325.78,103940
325.79,98477
325.8,115281
325.81,141366
325.82,148038
325.83,122439
325.84,179011
325.85,157866
325.86,94190
325.87,144297
325.88,119953
325.89,31163
325.9,107879
325.91,143117
325.92,68011
325.93,106135
325.94,77842
325.95,-17739
325.96,-5179
325.97,16978
325.98,-14179
325.99,-28646
326.0,9963
326.01,54795
326.02,22529
326.03,-47052
326.04,30411
326.05,41715
326.06,-42779
326.07,-8322
326.08,-90043
326.09,-138095
326.1,-37629
326.11,-16846
326.12,-50047
326.13,-77210
326.14,-71378
326.15,-92696
326.16,-71364
326.17,-16222
326.18,-74438
326.19,-113122
326.2,-68469
326.21,-82474
326.22,-118270
326.23,-85320
326.24,-14155
326.25,14997
326.26,-38128
326.27,-55496
326.28,-14893
326.29,30525
326.3,36299
326.31,-75448
326.32,-61945
326.33,37094
326.34,-48072
326.35,-15186
326.36,-22704
326.37,-119422
326.38,-26149
326.39,-69743
326.4,-90156
326.41,-89441
326.42,-196283
326.43,-99156
326.44,-35370
326.45,-63365
326.46,-50640
326.47,-104036
326.48,-144068
326.49,-105436
326.5,-133779
326.51,-208371
326.52,-203426
326.53,-176135
326.54,-112345
326.55,-138836
326.56,-174472
326.57,-186281
326.58,-263651
326.59,-224503
326.6,-194656
326.61,-208025
326.62,-225489
326.63,-217387
326.64,-190212
326.65,-215990
326.66,-223247
326.67,-261169
326.68,-236588
326.69,-216210
326.7,-250219
326.71,-220676
326.72,-273368
326.73,-289560
326.74,-270682
326.75,-273935
326.76,-211788
326.77,-262373
326.78,-341663
326.79,-310865
326.8,-252258
326.81,-331194
326.82,-375529
326.83,-252868
326.84,-295908
326.85,-369620
326.86,-327912
326.87,-364040
326.88,-407172
326.89,-368881
326.9,-314718
326.91,-311106
326.92,-399406
326.93,-387592
326.94,-275027
326.95,-341213
326.96,-326739
326.97,-218346
326.98,-340299
326.99,-358366
327.0,-238736
327.01,-276132
327.02,-330528
327.03,-364833
327.04,-395110
327.05,-403909
327.06,-363923
327.07,-296724
327.08,-316268
327.09,-345827
327.1,-338833
327.11,-299168
327.12,-382095
327.13,-434143
327.14,-299496
327.15,-312110
327.16,-298671
327.17,-277975
327.18,-361031
327.19,-263437
327.2,-237232
327.21,-308403
327.22,-307180
327.23,-352674
327.24,-334879
327.25,-287735
327.26,-266372
327.27,-291609
327.28,-339360
327.29,-260171
327.3,-245467
327.31,-304107
327.32,-359891
327.33,-388393
327.34,-336242
327.35,-358994
327.36,-369334
327.37,-369794
327.38,-351987
327.39,-335222
327.4,-389902
327.41,-335976
327.42,-337485
327.43,-348925
327.44,-286468
327.45,-339031
327.46,-301454
327.47,-188944
327.48,-198428
327.49,-258046
327.5,-254757
327.51,-201796
327.52,-311891
327.53,-423600
327.54,-403588
327.55,-307073
327.56,-258811
327.57,-366263
327.58,-279509
327.59,-314717
327.6,-435631
327.61,-440843
327.62,-455633
327.63,-253449
327.64,-226882
327.65,-241458
327.66,-227151
327.67,-283286
327.68,-280988
327.69,-333894
327.7,-292614
327.71,-222388
327.72,-213566
327.73,-238708
327.74,-233169
327.75,-304967
327.76,-338046
327.77,-293169
327.78,-272478
327.79,-183666
327.8,-235979
327.81,-289351
327.82,-252401
327.83,-241433
327.84,-222792
327.85,-246241
327.86,-313669
327.87,-304127
327.88,-250458
327.89,-322618
327.9,-265747
327.91,-201897
327.92,-262723
327.93,-256329
327.94,-290992
327.95,-294337
327.96,-307668
327.97,-331517
327.98,-327800
327.99,-343528
328.0,-353231
328.01,-313677
328.02,-251858
328.03,-300911
328.04,-256658
328.05,-195463
328.06,-288739
328.07,-287437
328.08,-257801
328.09,-280618
328.1,-295009
328.11,-300245
328.12,-292503
328.13,-326828
328.14,-324435
328.15,-259957
328.16,-209501
328.17,-213139
328.18,-262897
328.19,-290265
328.2,-300823
328.21,-272799
328.22,-226348
328.23,-207868
328.24,-235885
328.25,-335281
328.26,-340417
328.27,-263256
328.28,-245647
328.29,-209424
328.3,-202250
328.31,-246810
328.32,-240768
328.33,-237024
328.34,-281145
328.35,-367090
328.36,-402246
328.37,-268494
328.38,-156435
328.39,-231252
328.4,-273653
328.41,-190337
328.42,-237907
328.43,-253156
328.44,-166627
328.45,-307498
328.46,-273216
328.47,-196980
328.48,-371565
328.49,-321589
328.5,-214210
328.51,-233517
328.52,-223477
328.53,-125284
328.54,-180036
328.55,-299094
328.56,-172683
328.57,-208253
328.58,-316126
328.59,-174218
328.6,-150949
328.61,-263118
328.62,-184027
328.63,-153709
328.64,-343697
328.65,-321929
328.66,-174887
328.67,-225717
328.68,-227545
328.69,-217867
328.7,-250466
328.71,-254569
328.72,-290764
328.73,-192279
328.74,-196418
328.75,-251466
328.76,-116268
328.77,-207342
328.78,-194826
328.79,-73609
328.8,-205185
328.81,-108405
328.82,-89744
328.83,-179726
328.84,-116971
328.85,-158595
328.86,-215724
328.87,-241739
328.88,-237515
328.89,-219722
328.9,-182434
328.91,-239266
328.92,-240549
328.93,-222190
328.94,-262858
328.95,-207656
328.96,-221912
328.97,-191661
328.98,-230578
328.99,-247509
329.0,-172784
329.01,-250564
329.02,-233048
329.03,-152642
329.04,-176761
329.05,-204943
329.06,-206338
329.07,-173900
329.08,-68596
329.09,-39140
329.1,-157177
329.11,-210728
329.12,-133764
329.13,-178977
329.14,-256063
329.15,-145862
329.16,-126551
329.17,-155083
329.18,-71707
329.19,12468
329.2,-101734
329.21,-162120
329.22,-30195
329.23,-154986
329.24,-238327
329.25,-182938
329.26,-187193
329.27,-140222
329.28,-104099
329.29,-91681
329.3,-109750
329.31,-91847
329.32,-98039
329.33,-91272
329.34,-47714
329.35,-120744
329.36,-109627
329.37,-71619
329.38,20055
329.39,102862
329.4,14434
329.41,91246
329.42,-2474
329.43,-79669
329.44,-38616
329.45,-203041
329.46,-163359
329.47,-86347
329.48,-69843
329.49,-91333
329.5,-48186
329.51,19855
329.52,-36146
329.53,72064
329.54,75499
329.55,-74050
329.56,-99903
329.57,-75985
329.58,-28410
329.59,-37761
329.6,-62639
329.61,41139
329.62,42691
329.63,-1694
329.64,-3465
329.65,-57570
329.66,58193
329.67,60331
329.68,-10001
329.69,101463
329.7,93758
329.71,8207
329.72,-35302
329.73,54069
329.74,73164
329.75,-120200
329.76,-88377
329.77,55202
329.78,-47463
329.79,-41922
329.8,88298
329.81,420
329.82,-44914
329.83,30457
329.84,47218
329.85,3899
329.86,-42457
329.87,-4549
329.88,66896
329.89,40166
329.9,-22505
329.91,68448
329.92,136700
329.93,85610
329.94,40349
329.95,10183
329.96,70868
329.97,98301
329.98,105838
329.99,159199
330.0,795
330.01,-101284
330.02,-37331
330.03,-34971
330.04,-26020
330.05,-84634
330.06,66439
330.07,305019
330.08,228059
330.09,66248
330.1,40786
330.11,122305
330.12,198289
330.13,175230
330.14,28886
330.15,24789
330.16,86237
330.17,91132
330.18,107253
330.19,48567
330.2,147665
330.21,234375
330.22,76679
330.23,34290
330.24,54231
330.25,52579
330.26,165853
330.27,265368
330.28,174809
330.29,44264
330.3,54872
330.31,105284
330.32,171422
330.33,130092
330.34,198920
330.35,381953
330.36,326077
330.37,206633
330.38,115955
330.39,179882
330.4,277273
330.41,146398
330.42,115026
330.43,244945
330.44,298949
330.45,297612
330.46,333306
330.47,336225
330.48,229660
330.49,188777
330.5,222737
330.51,246293
330.52,258066
330.53,288622
330.54,353362
330.55,258392
330.56,234721
330.57,276537
330.58,131740
330.59,159773
330.6,273676
330.61,317130
330.62,302071
330.63,179483
330.64,135790
330.65,144896
330.66,161527
330.67,202380
330.68,269350
330.69,222532
330.7,155658
330.71,189734
330.72,166333
330.73,232516
330.74,246719
330.75,217957
330.76,291715
330.77,258115
330.78,269807
330.79,308974
330.8,256769
330.81,268991
330.82,280988
330.83,201846
330.84,158828
330.85,198464
330.86,196506
330.87,172863
330.88,233243
330.89,301012
330.9,288571
330.91,236245
330.92,223929
330.93,238331
330.94,270212
330.95,334813
330.96,314910
330.97,274149
330.98,258497
330.99,234646
331.0,239882
331.01,184682
331.02,178930
331.03,194500
331.04,152131
331.05,179822
331.06,226684
331.07,252018
331.08,249436
331.09,237856
331.1,194005
331.11,213843
331.12,265501
331.13,204794
331.14,215177
331.15,173021
331.16,161646
331.17,224251
331.18,120690
331.19,126853
331.2,184260
331.21,165666
331.22,136299
331.23,71246
331.24,104882
331.25,141720
331.26,125360
331.27,194576
331.28,215306
331.29,186174
331.3,210871
331.31,190098
331.32,217757
331.33,245156
331.34,184730
331.35,192475
331.36,184955
331.37,131716
331.38,184095
331.39,201824
331.4,149312
331.41,125601
331.42,120016
331.43,192917
331.44,187235
331.45,154761
331.46,177835
331.47,152062
331.48,191308
331.49,225600
331.5,269724
331.51,280522
331.52,243695
331.53,303060
331.54,304126
331.55,168244
331.56,64776
331.57,126240
331.58,201937
331.59,200950
331.6,124858
331.61,108830
331.62,173554
331.63,210336
331.64,270635
331.65,236015
331.66,192505
331.67,227628
331.68,296457
331.69,269819
331.7,213777
331.71,243996
331.72,218081
331.73,244032
331.74,260893
331.75,281007
331.76,282512
331.77,223463
331.78,232630
331.79,225794
331.8,254106
331.81,259685
331.82,273709
331.83,256025
331.84,176237
331.85,194352
331.86,166144
331.87,172010
331.88,174233
331.89,204269
331.9,273040
331.91,207087
331.92,191891
331.93,214008
331.94,269684
331.95,263132
331.96,223474
331.97,316989
331.98,317817
331.99,254703
332.0,290475
332.01,318972
332.02,286407
332.03,345884
332.04,484342
332.05,462073
332.06,314016
332.07,195531
332.08,123552
332.09,132989
332.1,237590
332.11,290295
332.12,238670
332.13,239353
332.14,230244
332.15,170733
332.16,75395
332.17,11929
332.18,51284
332.19,184132
332.2,433481
332.21,452755
332.22,309014
332.23,244080
332.24,229611
332.25,249366
332.26,150077
332.27,248353
332.28,528408
332.29,541979
332.3,449021
332.31,309635
332.32,77141
332.33,76432
332.34,198594
332.35,277630
332.36,336612
332.37,300877
332.38,297734
332.39,151309
332.4,35828
332.41,165565
332.42,303902
332.43,525444
332.44,748384
332.45,797076
332.46,611964
332.47,356270
332.48,106970
332.49,-21768
332.5,127627
332.51,234110
332.52,425586
332.53,560969
332.54,196608
332.55,-27889
332.56,-11101
332.57,-161973
332.58,-122912
332.59,95764
332.6,231874
332.61,295001
332.62,203164
332.63,262
332.64,-120969
332.65,-92924
332.66,-58937
332.67,-68291
332.68,46566
332.69,110833
332.7,77432
332.71,88377
332.72,124821
332.73,171000
332.74,52216
332.75,40171
332.76,107087
332.77,129285
332.78,178767
332.79,28165
332.8,-137355
332.81,-377676
332.82,-245618
332.83,48633
332.84,-51832
332.85,74402
332.86,173659
332.87,128001
332.88,-67063
332.89,-97157
332.9,91986
332.91,15129
332.92,190785
332.93,291740
332.94,240947
332.95,156854
332.96,-36977
332.97,59708
332.98,-54309
332.99,-81335
333.0,152931
333.01,115668
333.02,157227
333.03,9575
333.04,-47692
333.05,263325
333.06,92690
333.07,-27585
333.08,50746
333.09,-267657
333.1,-242105
333.11,14211
333.12,-82403
333.13,-8460
333.14,87257
333.15,71833
333.16,59449
333.17,-141306
333.18,-81709
333.19,23411
333.2,11719
333.21,106464
333.22,44344
333.23,-63213
333.24,-145994
333.25,-100255
333.26,-14156
333.27,-40458
333.28,-42495
333.29,-133165
333.3,-101551
333.31,17332
333.32,50010
333.33,88403
333.34,-28359
333.35,55074
333.36,109102
333.37,-39722
333.38,-84922
333.39,-152502
333.4,-105493
333.41,-9483
333.42,18803
333.43,-189260
333.44,-137593
333.45,89111
333.46,-26988
333.47,26407
333.48,-4601
333.49,-138776
333.5,-163815
333.51,-162335
333.52,-111587
333.53,-218399
333.54,-199677
333.55,-93462
333.56,-128783
333.57,-188471
333.58,-182532
333.59,-122674
333.6,-92737
333.61,22285
333.62,59661
333.63,30969
333.64,12021
333.65,-54855
333.66,-102490
333.67,-127465
333.68,-97946
333.69,-233108
333.7,-310047
333.71,-104937
333.72,-21833
333.73,-39345
333.74,-122553
333.75,-303992
333.76,-211104
333.77,14844
333.78,1179
333.79,-42359
333.8,-42966
333.81,-133241
333.82,-158510
333.83,-124972
333.84,-45349
333.85,9382
333.86,-108107
333.87,-150580
333.88,-99419
333.89,-93206
333.9,-69013
333.91,-43518
333.92,-100820
333.93,-139008
333.94,-112654
333.95,-57406
333.96,50440
333.97,7648
333.98,-89536
333.99,-106205
334.0,-64738
334.01,9936
334.02,-37978
334.03,3079
334.04,21939
334.05,-103572
334.06,-75068
334.07,-132566
334.08,-233023
334.09,-80036
334.1,100227
334.11,141486
334.12,87392
334.13,-24016
334.14,-2478
334.15,119700
334.16,50262
334.17,-19624
334.18,-51072
334.19,-58360
334.2,73876
334.21,76860
334.22,41567
334.23,43961
334.24,-61362
334.25,13603
334.26,99549
334.27,-18003
334.28,-119225
334.29,-167046
334.3,-77769
334.31,2110
334.32,90610
334.33,75374
334.34,-199611
334.35,-368596
334.36,-321188
334.37,-186976
334.38,-175187
334.39,-173569
334.4,-124100
334.41,-152993
334.42,-99467
334.43,-11329
334.44,-28955
334.45,-72653
334.46,-43488
334.47,-126404
334.48,-221715
334.49,-197657
334.5,-179482
334.51,-154945
334.52,-169809
334.53,-103657
334.54,-193979
334.55,-311230
334.56,-154839
334.57,-174866
334.58,-184925
334.59,-140859
334.6,-323830
334.61,-393093
334.62,-363788
334.63,-403854
334.64,-402622
334.65,-459049
334.66,-644073
334.67,-606119
334.68,-382301
334.69,-323837
334.7,-152057
334.71,18843
334.72,57221
334.73,201432
334.74,223818
334.75,215646
334.76,183829
334.77,112645
334.78,138928
334.79,11003
334.8,-89757
334.81,15304
334.82,77085
334.83,132557
334.84,138370
334.85,3099
334.86,74006
334.87,54736
334.88,-44926
334.89,41331
334.9,-53118
334.91,-112320
334.92,8401
334.93,11917
334.94,-160124
334.95,6156
334.96,138669
334.97,53386
334.98,155936
334.99,64141
335.0,51008
335.01,51379
335.02,152098
335.03,406936
335.04,139041
335.05,116726
335.06,300531
335.07,144516
335.08,164596
335.09,106507
335.1,169620
335.11,220709
335.12,85489
335.13,176136
335.14,120819
335.15,83468
335.16,192077
335.17,232342
335.18,227807
335.19,200938
335.2,273127
335.21,367488
335.22,248582
335.23,32990
335.24,45771
335.25,184714
335.26,200713
335.27,143250
335.28,91677
335.29,48541
335.3,-42278
335.31,-60159
335.32,71194
335.33,105572
335.34,177459
335.35,353504
335.36,406309
335.37,343486
335.38,293994
335.39,354131
335.4,335753
335.41,212165
335.42,216006
335.43,287512
335.44,334707
335.45,367618
335.46,298882
335.47,192085
335.48,250626
335.49,272194
335.5,183175
335.51,183372
335.52,317916
335.53,540960
335.54,551723
335.55,385886
335.56,147901
335.57,49948
335.58,222954
335.59,259293
335.6,274746
335.61,273661
335.62,157504
335.63,193825
335.64,126631
335.65,-26543
335.66,120660
335.67,222502
335.68,135966
335.69,140333
335.7,153911
335.71,214785
335.72,212968
335.73,91828
335.74,119259
335.75,173982
335.76,110863
335.77,-1813
335.78,-8124
335.79,43004
335.8,19800
335.81,94921
335.82,256206
335.83,392009
335.84,322493
335.85,134147
335.86,198253
335.87,239016
335.88,189281
335.89,214546
335.9,231652
335.91,312540
335.92,333356
335.93,175328
335.94,66403
335.95,77159
335.96,2775
335.97,57253
335.98,173104
335.99,100780
336.0,63624
336.01,95000
336.02,231859
336.03,188774
336.04,50870
336.05,180020
336.06,175897
336.07,128810
336.08,109392
336.09,63071
336.1,66425
336.11,26887
336.12,243562
336.13,307497
336.14,107281
336.15,72184
336.16,461
336.17,60322
336.18,132839
336.19,90501
336.2,55854
336.21,-506
336.22,96465
336.23,172559
336.24,150835
336.25,105153
336.26,45445
336.27,3524
336.28,41143
336.29,166717
336.3,162094
336.31,159210
336.32,285360
336.33,301367
336.34,250874
336.35,341692
336.36,334101
336.37,199869
336.38,217806
336.39,244409
336.4,190555
336.41,146007
336.42,217469
336.43,217665
336.44,65421
336.45,140168
336.46,201701
336.47,85418
336.48,61344
336.49,55196
336.5,40185
336.51,-23894
336.52,53638
336.53,116379
336.54,-39253
336.55,45430
336.56,178522
336.57,277695
336.58,245903
336.59,154144
336.6,198152
336.61,12610
336.62,143794
336.63,308628
336.64,106743
336.65,332362
336.66,514655
336.67,548582
336.68,746623
336.69,61963
336.7,-644529
336.71,-118481
336.72,11009
336.73,-428999
336.74,39518
336.75,514709
336.76,103358
336.77,-132473
336.78,145884
336.79,432515
336.8,272291
336.81,-59492
336.82,151948
336.83,130393
336.84,11881
336.85,193569
336.86,46988
336.87,179183
336.88,348679
336.89,249278
336.9,97821
336.91,128608
336.92,126199
336.93,-88237
336.94,181675
336.95,204254
336.96,294642
336.97,182483
336.98,-117360
336.99,189210
337.0,93134
337.01,104679
337.02,182911
337.03,183037
337.04,111311
337.05,-118813
337.06,109524
337.07,47436
337.08,35126
337.09,276242
337.1,97008
337.11,11057
337.12,335760
337.13,411807
337.14,41111
337.15,-121936
337.16,-206570
337.17,73248
337.18,229990
337.19,-52489
337.2,70004
337.21,-69943
337.22,-250409
337.23,51074
337.24,66692
337.25,-243774
337.26,-315297
337.27,-196219
337.28,-44465
337.29,87983
337.3,144372
337.31,99211
337.32,-164400
337.33,-232475
337.34,1390
337.35,-29368
337.36,-158313
337.37,-321942
337.38,-481226
337.39,-85148
337.4,104138
337.41,-115135
337.42,-150887
337.43,-299083
337.44,-406592
337.45,-118578
337.46,97638
337.47,111487
337.48,96275
337.49,-169503
337.5,-136417
337.51,-35664
337.52,-134586
337.53,-146241
337.54,-176730
337.55,-127912
337.56,-291512
337.57,-137388
337.58,-27293
337.59,-310860
337.6,-197628
337.61,-93326
337.62,-94556
337.63,-131848
337.64,-203135
337.65,-99236
337.66,65788
337.67,-63724
337.68,-157463
337.69,-70155
337.7,-91421
337.71,-58846
337.72,-174515
337.73,-110234
337.74,-111269
337.75,-268444
337.76,-254896
337.77,-243885
337.78,-132163
337.79,-287131
337.8,-321452
337.81,-95608
337.82,-134854
337.83,-280589
337.84,-190084
337.85,-5748
337.86,-121565
337.87,-77373
337.88,-136483
337.89,-333704
337.9,-202573
337.91,-220858
337.92,-151712
337.93,-139230
337.94,-206773
337.95,-179781
337.96,-351774
337.97,-261293
337.98,-252694
337.99,-349624
338.0,-205361
338.01,-368512
338.02,-617512
338.03,-735998
338.04,-737298
338.05,-431322
338.06,29789
338.07,88377
338.08,69342
338.09,198371
338.1,8083
338.11,-70634
338.12,-511676
338.13,-815690
338.14,-252914
338.15,23108
338.16,-38635
338.17,-40612
338.18,-123368
338.19,-321003
338.2,-339473
338.21,7287
338.22,296580
338.23,248657
338.24,120617
338.25,110015
338.26,42408
338.27,-390821
338.28,-826859
338.29,-708078
338.3,-174747
338.31,153188
338.32,-82851
338.33,-271006
338.34,-242232
338.35,-178306
338.36,-146478
338.37,-367149
338.38,-442449
338.39,-353278
338.4,-407539
338.41,-250438
338.42,-113203
338.43,-361089
338.44,-560322
338.45,-578898
338.46,-312301
338.47,-205442
338.48,-209840
338.49,96547
338.5,91980
338.51,-32002
338.52,-79807
338.53,-162136
338.54,-287195
338.55,-447107
338.56,-363345
338.57,-182398
338.58,-118739
338.59,-314700
338.6,-445387
338.61,-137930
338.62,11253
338.63,-40582
338.64,-133050
338.65,-386922
338.66,-314630
338.67,-348757
338.68,-469029
338.69,-193178
338.7,-126972
338.71,-182645
338.72,-269941
338.73,-334825
338.74,-131489
338.75,-60137
338.76,-98023
338.77,-137784
338.78,-236841
338.79,-291850
338.8,-237198
338.81,-157626
338.82,-201603
338.83,-214222
338.84,-253540
338.85,-227360
338.86,-18414
338.87,-106953
338.88,-240868
338.89,-170143
338.9,-191442
338.91,-136715
338.92,-853
338.93,87643
338.94,21352
338.95,-82581
338.96,-97866
338.97,-92136
338.98,-52018
338.99,-127473
339.0,-153971
339.01,-51860
339.02,-79871
339.03,-87286
339.04,-31153
339.05,-96427
339.06,-87449
339.07,61798
339.08,59766
339.09,-56449
339.1,-90443
339.11,-24263
339.12,18671
339.13,-92586
339.14,-25944
339.15,97491
339.16,-100816
339.17,-150009
339.18,9509
339.19,-27165
339.2,-99387
339.21,-159864
339.22,-197381
339.23,-144637
339.24,-150365
339.25,-38488
339.26,31604
339.27,-2572
339.28,2166
339.29,-74089
339.3,-13800
339.31,-1457
339.32,-153132
339.33,-69563
339.34,102746
339.35,-16848
339.36,-115596
339.37,-64197
339.38,-168955
339.39,-185901
339.4,-154650
339.41,-216911
339.42,-164590
339.43,-90727
339.44,-33833
339.45,-47322
339.46,-29348
339.47,3330
339.48,-82819
339.49,-117393
339.5,-154001
339.51,-121112
339.52,-81692
339.53,-71603
339.54,-77722
339.55,-97254
339.56,-2680
339.57,-15002
339.58,-20142
339.59,-101332
339.6,-162568
339.61,115033
339.62,184108
339.63,45871
339.64,119637
339.65,157652
339.66,116008
339.67,135428
339.68,100439
339.69,197485
339.7,272403
339.71,257695
339.72,300189
339.73,136561
339.74,5840
339.75,-31022
339.76,-34538
339.77,128057
339.78,212924
339.79,119352
339.8,128243
339.81,261733
339.82,330657
339.83,399949
339.84,278788
339.85,56795
339.86,176714
339.87,318438
339.88,252585
339.89,220486
339.9,190049
339.91,274065
339.92,383996
339.93,223805
339.94,166808
339.95,244463
339.96,263834
339.97,410845
339.98,308190
339.99,199323
340.0,412017
340.01,327998
340.02,214432
340.03,310171
340.04,331195
340.05,350768
340.06,301132
340.07,324319
340.08,402470
340.09,335049
340.1,306897
340.11,293664
340.12,233801
340.13,265819
340.14,344807
340.15,298009
340.16,243747
340.17,263399
340.18,288924
340.19,332099
340.2,252023
340.21,201388
340.22,202265
340.23,74365
340.24,81364
340.25,158584
340.26,208202
340.27,274308
340.28,208991
340.29,216360
340.3,202584
340.31,113974
340.32,143058
340.33,106729
340.34,164864
340.35,186681
340.36,40720
340.37,120092
340.38,204045
340.39,124457
340.4,73757
340.41,102362
340.42,178955
340.43,135273
340.44,75594
340.45,180825
340.46,270088
340.47,263284
340.48,293118
340.49,327718
340.5,230899
340.51,152054
340.52,213402
340.53,240695
340.54,208465
340.55,113813
340.56,69231
340.57,135735
340.58,157304
340.59,179270
340.6,201190
340.61,269283
340.62,287359
340.63,278212
340.64,377655
340.65,273355
340.66,137900
340.67,169457
340.68,176234
340.69,255449
340.7,257358
340.71,112272
340.72,182775
340.73,334449
340.74,358747
340.75,380624
340.76,308845
340.77,221622
340.78,245473
340.79,246697
340.8,228015
340.81,272422
340.82,280691
340.83,258524
340.84,249264
340.85,244404
340.86,314713
340.87,303994
340.88,314830
340.89,353493
340.9,271704
340.91,291906
340.92,321556
340.93,276639
340.94,204580
340.95,254044
340.96,419734
340.97,424823
340.98,378292
340.99,334944
341.0,284332
341.01,303807
341.02,314695
341.03,312596
341.04,386661
341.05,416887
341.06,396116
341.07,397208
341.08,337559
341.09,290985
341.1,264954
341.11,341918
341.12,350902
341.13,191116
341.14,267226
341.15,332032
341.16,224812
341.17,241948
341.18,273319
341.19,298555
341.2,333991
341.21,284438
341.22,257337
341.23,238856
341.24,244167
341.25,269802
341.26,125099
341.27,70662
341.28,157367
341.29,89883
341.3,38684
341.31,28714
341.32,-7676
341.33,30602
341.34,89509
341.35,168944
341.36,231198
341.37,268510
341.38,362386
341.39,457387
341.4,455263
341.41,301361
341.42,207288
341.43,249695
341.44,318581
341.45,351981
341.46,268778
341.47,205606
341.48,60211
341.49,-138485
341.5,-103762
341.51,-33138
341.52,-21245
341.53,86538
341.54,185119
341.55,149320
341.56,56151
341.57,21760
341.58,36056
341.59,91601
341.6,126713
341.61,56524
341.62,6736
341.63,27495
341.64,2945
341.65,-30481
341.66,81935
341.67,228655
341.68,237974
341.69,212707
341.7,181689
341.71,118139
341.72,77101
341.73,53503
341.74,72774
341.75,41354
341.76,-24465
341.77,-43221
341.78,-37481
341.79,87457
341.8,175711
341.81,131356
341.82,35367
341.83,-35889
341.84,-53403
341.85,-135964
341.86,-114421
341.87,-22391
341.88,7725
341.89,69704
341.9,91736
341.91,174086
341.92,176709
341.93,122183
341.94,161269
341.95,46401
341.96,37811
341.97,102568
341.98,15367
341.99,76134
342.0,140700
342.01,7133
342.02,-37137
342.03,67849
342.04,101268
342.05,45076
342.06,10234
342.07,15003
342.08,39025
342.09,107389
342.1,221403
342.11,275708
342.12,188280
342.13,160837
342.14,236951
342.15,248910
342.16,164014
342.17,106500
342.18,148644
342.19,82247
342.2,38773
342.21,48188
342.22,62071
342.23,162629
342.24,184648
342.25,223863
342.26,200519
342.27,109014
342.28,68582
342.29,25300
342.3,32043
342.31,4202
342.32,50608
342.33,189213
342.34,187445
342.35,160576
342.36,211271
342.37,156359
342.38,69760
342.39,83233
342.4,100160
342.41,98728
342.42,73353
342.43,80800
342.44,60353
342.45,14035
342.46,19610
342.47,32176
342.48,51731
342.49,12987
342.5,32900
342.51,60496
342.52,5313
342.53,2107
342.54,87483
342.55,145487
342.56,66601
342.57,36915
342.58,111496
342.59,98352
342.6,-24180
342.61,47934
342.62,244689
342.63,255392
342.64,302137
342.65,415516
342.66,415847
342.67,462538
342.68,374816
342.69,158126
342.7,143036
342.71,122763
342.72,213147
342.73,207489
342.74,-13543
342.75,83315
342.76,171937
342.77,88025
342.78,-67117
342.79,-134464
342.8,-17417
342.81,48644
342.82,161715
342.83,71398
342.84,616
342.85,28626
342.86,-49977
342.87,36806
342.88,31367
342.89,34843
342.9,-63702
342.91,-87835
342.92,78256
342.93,-22183
342.94,78743
342.95,55450
342.96,-12550
342.97,149133
342.98,94742
342.99,39433
343.0,-42662
343.01,79408
343.02,200424
343.03,117929
343.04,75328
343.05,115265
343.06,125355
343.07,-61374
343.08,-46544
343.09,-18370
343.1,30109
343.11,118469
343.12,84320
343.13,201172
343.14,258971
343.15,237752
343.16,93184
343.17,-39337
343.18,51128
343.19,18153
343.2,-63982
343.21,41524
343.22,27390
343.23,-159191
343.24,-50098
343.25,162890
343.26,170021
343.27,48719
343.28,-56480
343.29,68135
343.3,17942
343.31,-62840
343.32,49387
343.33,-56375
343.34,-61789
343.35,59516
343.36,111063
343.37,78689
343.38,-8950
343.39,-29092
343.4,-88187
343.41,36827
343.42,27936
343.43,-110598
343.44,-79584
343.45,-227931
343.46,-167261
343.47,-23684
343.48,13275
343.49,90335
343.5,-3300
343.51,-17266
343.52,43358
343.53,1164
343.54,-35785
343.55,172908
343.56,230989
343.57,161158
343.58,196830
343.59,119711
343.6,96789
343.61,-149781
343.62,-73765
343.63,84220
343.64,162
343.65,140343
343.66,-51297
343.67,-29807
343.68,92072
343.69,87499
343.7,62456
343.71,-140845
343.72,12096
343.73,-9990
343.74,-53288
343.75,19416
343.76,-27171
343.77,140386
343.78,106797
343.79,36245
343.8,53167
343.81,-19792
343.82,-84088
343.83,-122368
343.84,-120291
343.85,-168539
343.86,-113665
343.87,-40989
343.88,16932
343.89,52347
343.9,-146563
343.91,-221456
343.92,-49202
343.93,12218
343.94,-112804
343.95,-237895
343.96,-156641
343.97,49451
343.98,13842
343.99,-106255
344.0,-91827
344.01,-158175
344.02,-159343
344.03,-137426
344.04,-53595
344.05,-97817
344.06,-283349
344.07,-177330
344.08,-76402
344.09,-29400
344.1,-195657
344.11,-236503
344.12,-57851
344.13,-90742
344.14,44762
344.15,-8932
344.16,-123044
344.17,-52296
344.18,-141203
344.19,-92272
344.2,-122974
344.21,-105518
344.22,237
344.23,-69905
344.24,-35799
344.25,-169837
344.26,-177497
344.27,-136670
344.28,-217944
344.29,-85588
344.3,-115565
344.31,-98706
344.32,-112845
344.33,-154777
344.34,38470
344.35,153419
344.36,191100
344.37,272430
344.38,377688
344.39,361066
344.4,381088
344.41,392551
344.42,227165
344.43,94390
344.44,5299
344.45,-135378
344.46,-320633
344.47,-469778
344.48,-587232
344.49,-758433
344.5,-845737
344.51,-774878
344.52,-745292
344.53,-654169
344.54,-531296
344.55,-491194
344.56,-355122
344.57,-181279
344.58,-95498
344.59,-91186
344.6,-59489
344.61,-35465
344.62,-3605
344.63,117452
344.64,138745
344.65,51585
344.66,-65619
344.67,-84706
344.68,-149083
344.69,-447675
344.7,-379225
344.71,-7441
344.72,160470
344.73,-9411
344.74,-300001
344.75,-234327
344.76,-285842
344.77,-465067
344.78,-273263
344.79,-161134
344.8,-294333
344.81,-272103
344.82,-94793
344.83,-35178
344.84,-89010
344.85,-68742
344.86,-116850
344.87,-254591
344.88,-98392
344.89,209167
344.9,221797
344.91,10447
344.92,-231822
344.93,-375762
344.94,-243075
344.95,-151641
344.96,-48572
344.97,-33992
344.98,-291944
344.99,-187376
345.0,-120027
345.01,-195645
345.02,-150864
345.03,-184928
345.04,-161005
345.05,-166236
345.06,-106422
345.07,-178349
345.08,-236028
345.09,-111202
345.1,-117278
345.11,-64576
345.12,-150028
345.13,-354618
345.14,-481350
345.15,-468066
345.16,-341831
345.17,-411548
345.18,-327732
345.19,-232967
345.2,-271557
345.21,-102695
345.22,-52929
345.23,-165403
345.24,-250960
345.25,-251480
345.26,-308791
345.27,-377208
345.28,-333211
345.29,-221875
345.3,-153436
345.31,-259215
345.32,-115474
345.33,-29470
345.34,-130076
345.35,-38665
345.36,-103731
345.37,-114146
345.38,92043
345.39,100579
345.4,-12491
345.41,-122137
345.42,-290748
345.43,-318265
345.44,-496803
345.45,-716034
345.46,-462152
345.47,-316860
345.48,-301075
345.49,-221408
345.5,-257684
345.51,-191583
345.52,-268053
345.53,-284014
345.54,-121826
345.55,-146132
345.56,-130717
345.57,-142900
345.58,-57388
345.59,113186
345.6,-46718
345.61,-119626
345.62,-2126
345.63,-113726
345.64,-188524
345.65,-121197
345.66,-215110
345.67,-243863
345.68,-224976
345.69,-226797
345.7,-70128
345.71,-144054
345.72,-282733
345.73,-229446
345.74,-192190
345.75,-121883
345.76,-101104
345.77,-75418
345.78,-50842
345.79,-126107
345.8,-224592
345.81,-188134
345.82,-73462
345.83,-84673
345.84,-32885
345.85,6413
345.86,11377
345.87,-43398
345.88,-191632
345.89,-40222
345.9,25226
345.91,-28527
345.92,-46029
345.93,-100967
345.94,-97994
345.95,-276935
345.96,-184937
345.97,-102440
345.98,-135929
345.99,15809
346.0,-61405
346.01,-99159
346.02,-136294
346.03,-189308
346.04,-190552
346.05,-154450
346.06,-72339
346.07,-167164
346.08,-249835
346.09,-314357
346.1,-360346
346.11,-275062
346.12,-258506
346.13,-314010
346.14,-173571
346.15,-108094
346.16,-202603
346.17,-162256
346.18,-137734
346.19,-181816
346.2,-228382
346.21,-135347
346.22,-68171
346.23,-42865
346.24,-5195
346.25,-80505
346.26,-54460
346.27,-114002
346.28,-161358
346.29,-117217
346.3,-84980
346.31,19878
346.32,74985
346.33,93059
346.34,4154
346.35,-8452
346.36,-3414
346.37,-78382
346.38,-161233
346.39,-283590
346.4,-213321
346.41,-135472
346.42,-169603
346.43,-184403
346.44,-129512
346.45,-83439
346.46,-112169
346.47,-152106
346.48,-182268
346.49,-113960
346.5,-64019
346.51,-49709
346.52,13283
346.53,6898
346.54,15846
346.55,155900
346.56,158020
346.57,60342
346.58,87831
346.59,85247
346.6,94232
346.61,57554
346.62,-16511
346.63,-33063
346.64,-59651
346.65,-33412
346.66,-40839
346.67,-37019
346.68,-18651
346.69,-37028
346.7,-54875
346.71,-19571
346.72,103934
346.73,149512
346.74,60950
346.75,-9580
346.76,44462
346.77,94419
346.78,80775
346.79,36529
346.8,10332
346.81,61798
346.82,86526
346.83,78446
346.84,87609
346.85,17074
346.86,-12070
346.87,-8455
346.88,-117595
346.89,-44596
346.9,35155
346.91,-61529
346.92,39445
346.93,65970
346.94,-32988
346.95,15987
346.96,-15820
346.97,-46131
346.98,-28139
346.99,-20212
347.0,13548
347.01,35831
347.02,65652
347.03,29554
347.04,36473
347.05,103719
347.06,63230
347.07,-72136
347.08,-94442
347.09,7853
347.1,-24418
347.11,-50638
347.12,5035
347.13,6913
347.14,41271
347.15,58502
347.16,68858
347.17,86343
347.18,93814
347.19,171519
347.2,185234
347.21,147816
347.22,165042
347.23,202963
347.24,246835
347.25,198909
347.26,141156
347.27,187756
347.28,97097
347.29,-68821
347.3,-77468
347.31,-157646
347.32,-116088
347.33,135940
347.34,122243
347.35,112203
347.36,163175
347.37,86863
347.38,68449
347.39,-69580
347.4,40015
347.41,176483
347.42,80098
347.43,311370
347.44,222962
347.45,83171
347.46,280759
347.47,147462
347.48,65033
347.49,191099
347.5,312085
347.51,240376
347.52,91663
347.53,217585
347.54,147724
347.55,121899
347.56,197781
347.57,49039
347.58,206555
347.59,305088
347.6,183368
347.61,130830
347.62,96050
347.63,157858
347.64,199234
347.65,186796
347.66,180767
347.67,187551
347.68,210992
347.69,271281
347.7,243566
347.71,132881
347.72,134668
347.73,183216
347.74,207710
347.75,256015
347.76,243893
347.77,154670
347.78,70951
347.79,84856
347.8,155443
347.81,99637
347.82,86101
347.83,137287
347.84,90315
347.85,154182
347.86,133416
347.87,74325
347.88,202156
347.89,128333
347.9,123504
347.91,197985
347.92,92416
347.93,108391
347.94,210029
347.95,244407
347.96,229211
347.97,318538
347.98,320610
347.99,239719
348.0,181487
348.01,93273
348.02,134577
348.03,85722
348.04,47968
348.05,88540
348.06,110735
348.07,170191
348.08,179191
348.09,189257
348.1,129029
348.11,58536
348.12,101533
348.13,180153
348.14,92884
348.15,44398
348.16,267151
348.17,382473
348.18,266984
348.19,140033
348.2,228304
348.21,369866
348.22,247909
348.23,209165
348.24,225246
348.25,55840
348.26,111320
348.27,323636
348.28,355271
348.29,257538
348.3,262870
348.31,192779
348.32,93711
348.33,155550
348.34,100230
348.35,151656
348.36,211511
348.37,190599
348.38,219488
348.39,170175
348.4,84232
348.41,48792
348.42,141373
348.43,100688
348.44,7725
348.45,67706
348.46,111617
348.47,173436
348.48,303932
348.49,232383
348.5,42253
348.51,60965
348.52,91905
348.53,117815
348.54,187968
348.55,217315
348.56,162118
348.57,137360
348.58,227669
348.59,91919
348.6,-34938
348.61,84828
348.62,138691
348.63,110481
348.64,133110
348.65,189723
348.66,154137
348.67,80718
348.68,156245
348.69,273561
348.7,242533
348.71,219291
348.72,215865
348.73,121012
348.74,150604
348.75,260041
348.76,187012
348.77,223288
348.78,361564
348.79,289425
348.8,204910
348.81,122755
348.82,188914
348.83,361929
348.84,286400
348.85,210687
348.86,271496
348.87,274763
348.88,162256
348.89,118173
348.9,182335
348.91,128973
348.92,111337
348.93,251303
348.94,223736
348.95,97616
348.96,114462
348.97,68045
348.98,18016
348.99,87032
349.0,61680
349.01,26468
349.02,118540
349.03,113877
349.04,100964
349.05,178547
349.06,151069
349.07,93740
349.08,43416
349.09,96947
349.1,106354
349.11,33862
349.12,178206
349.13,322210
349.14,262666
349.15,179808
349.16,364774
349.17,412882
349.18,98369
349.19,55135
349.2,236389
349.21,166282
349.22,53171
349.23,252022
349.24,392887
349.25,350374
349.26,322333
349.27,231991
349.28,170548
349.29,19319
349.3,183642
349.31,419362
349.32,102493
349.33,42247
349.34,132007
349.35,208970
349.36,237731
349.37,5067
349.38,159853
349.39,330356
349.4,217526
349.41,149238
349.42,48260
349.43,9327
349.44,14682
349.45,-5655
349.46,23620
349.47,109518
349.48,124699
349.49,177112
349.5,251935
349.51,138886
349.52,143236
349.53,181559
349.54,70917
349.55,112777
349.56,232973
349.57,228586
349.58,287552
349.59,278758
349.6,163108
349.61,219630
349.62,172565
349.63,105345
349.64,178291
349.65,220706
349.66,338042
349.67,413112
349.68,398450
349.69,485076
349.7,608171
349.71,641954
349.72,557162
349.73,331389
349.74,218061
349.75,161687
349.76,-133562
349.77,-320690
349.78,-400133
349.79,-282445
349.8,-23245
349.81,-104765
349.82,27415
349.83,309391
349.84,343372
349.85,383330
349.86,424688
349.87,470782
349.88,403275
349.89,304603
349.9,343569
349.91,383350
349.92,343466
349.93,395568
349.94,429792
349.95,135284
349.96,-97888
349.97,-116473
349.98,-1718
349.99,207931
350.0,262729
350.01,389275
350.02,362220
350.03,186551
350.04,281644
350.05,291745
350.06,217939
350.07,198255
350.08,219475
350.09,198138
350.1,60323
350.11,41403
350.12,160237
350.13,317399
350.14,331674
350.15,241439
350.16,99287
350.17,30205
350.18,38411
350.19,-49256
350.2,679
350.21,-110
350.22,36697
350.23,228473
350.24,236007
350.25,228813
350.26,190826
350.27,81029
350.28,184557
350.29,240876
350.3,212296
350.31,400347
350.32,370574
350.33,224368
350.34,199637
350.35,70724
350.36,118610
350.37,264792
350.38,265567
350.39,243648
350.4,305608
350.41,256697
350.42,35694
350.43,55548
350.44,87438
350.45,-17530
350.46,141573
350.47,290024
350.48,261123
350.49,128603
350.5,21299
350.51,147858
350.52,132775
350.53,32657
350.54,-1229
350.55,-6228
350.56,63485
350.57,60579
350.58,141760
350.59,184805
350.6,194626
350.61,269535
350.62,258883
350.63,122303
350.64,28901
350.65,167503
350.66,254143
350.67,273897
350.68,194147
350.69,113192
350.7,148841
350.71,98016
350.72,123184
350.73,149837
350.74,151749
350.75,78976
350.76,-47187
350.77,-10183
350.78,-73883
350.79,-152612
350.8,-529
350.81,100245
350.82,44238
350.83,83767
350.84,157354
350.85,123921
350.86,125867
350.87,77070
350.88,-28633
350.89,10279
350.9,74912
350.91,90494
350.92,34367
350.93,-31584
350.94,23404
350.95,29337
350.96,33505
350.97,35831
350.98,28603
350.99,71756
351.0,10310
351.01,11951
351.02,52709
351.03,46857
351.04,146795
351.05,200132
351.06,86489
351.07,110256
351.08,217199
351.09,9957
351.1,-103371
351.11,-25880
351.12,-80492
351.13,-32134
351.14,28944
351.15,63701
351.16,120982
351.17,37053
351.18,7660
351.19,-1925
351.2,-69133
351.21,-44689
351.22,-58526
351.23,-145898
351.24,-97305
351.25,-29413
351.26,-123076
351.27,-136978
351.28,-124764
351.29,-151142
351.3,-123936
351.31,-117197
351.32,-52475
351.33,-70446
351.34,-62264
351.35,59281
351.36,9673
351.37,43251
351.38,68951
351.39,-52835
351.4,14046
351.41,-10634
351.42,-61494
351.43,-95044
351.44,-234175
351.45,-145605
351.46,-122576
351.47,-198201
351.48,-159751
351.49,-141166
351.5,-162287
351.51,-145788
351.52,-156219
351.53,-251372
351.54,-136397
351.55,-63889
351.56,-103640
351.57,-4532
351.58,-89688
351.59,-152400
351.6,-128187
351.61,-202155
351.62,-202821
351.63,-207976
351.64,-151704
351.65,-197295
351.66,-219220
351.67,-86895
351.68,-230152
351.69,-239431
351.7,-163945
351.71,-183359
351.72,-66232
351.73,-97355
351.74,-117968
351.75,-183431
351.76,-245549
351.77,-154003
351.78,-175301
351.79,-171057
351.8,-139949
351.81,-208934
351.82,-187969
351.83,-86961
351.84,-119205
351.85,-116997
351.86,-67308
351.87,-102353
351.88,-163407
351.89,-160052
351.9,-121085
351.91,-215330
351.92,-242783
351.93,-209589
351.94,-231669
351.95,-231721
351.96,-275952
351.97,-248718
351.98,-241142
351.99,-268276
352.0,-176564
352.01,-206390
352.02,-182163
352.03,-102856
352.04,-247062
352.05,-237401
352.06,-185785
352.07,-297747
352.08,-311604
352.09,-261347
352.1,-158524
352.11,-153948
352.12,-311066
352.13,-318557
352.14,-243738
352.15,-241473
352.16,-181399
352.17,-102300
352.18,-139161
352.19,-192371
352.2,-86657
352.21,-59300
352.22,-178286
352.23,-196808
352.24,-309602
352.25,-423501
352.26,-313408
352.27,-221581
352.28,-215373
352.29,-216971
352.3,-207365
352.31,-152802
352.32,-78305
352.33,79018
352.34,162858
352.35,92846
352.36,29127
352.37,-270769
352.38,-419310
352.39,-248959
352.4,-267767
352.41,-284468
352.42,-389520
352.43,-428109
352.44,-318126
352.45,-337928
352.46,-198576
352.47,-67337
352.48,-49283
352.49,-83624
352.5,-117625
352.51,-126760
352.52,-285132
352.53,-335060
352.54,-301284
352.55,-323486
352.56,-235679
352.57,-240727
352.58,-317308
352.59,-305846
352.6,-356418
352.61,-399854
352.62,-281697
352.63,-108087
352.64,-143475
352.65,-195915
352.66,-174618
352.67,-203935
352.68,-205383
352.69,-181514
352.7,-138612
352.71,-161926
352.72,-168762
352.73,-202369
352.74,-274149
352.75,-328134
352.76,-372207
352.77,-313467
352.78,-319201
352.79,-315926
352.8,-271693
352.81,-268433
352.82,-219967
352.83,-213088
352.84,-184436
352.85,-166235
352.86,-154402
352.87,-130626
352.88,-193598
352.89,-191985
352.9,-163000
352.91,-180956
352.92,-157431
352.93,-164971
352.94,-247572
352.95,-259317
352.96,-276606
352.97,-279345
352.98,-251400
352.99,-271330
353.0,-190764
353.01,-151722
353.02,-149734
353.03,-178860
353.04,-214966
353.05,-189211
353.06,-232338
353.07,-137579
353.08,-111968
353.09,-173154
353.1,-123786
353.11,-236136
353.12,-259195
353.13,-225286
353.14,-277019
353.15,-260728
353.16,-289674
353.17,-277355
353.18,-257695
353.19,-238086
353.2,-172335
353.21,-108325
353.22,-137425
353.23,-255071
353.24,-231147
353.25,-261689
353.26,-295028
353.27,-247133
353.28,-252474
353.29,-150799
353.3,-145639
353.31,-212004
353.32,-208653
353.33,-173953
353.34,-168773
353.35,-271033
353.36,-271620
353.37,-204344
353.38,-142840
353.39,-119293
353.4,-127490
353.41,-156977
353.42,-176401
353.43,-133765
353.44,-163410
353.45,-125755
353.46,-69025
353.47,-103000
353.48,-123576
353.49,-169484
353.5,-155168
353.51,-100252
353.52,-82508
353.53,-95262
353.54,-162103
353.55,-136795
353.56,-57179
353.57,-91007
353.58,-128872
353.59,-112259
353.6,-124015
353.61,-144067
353.62,-152621
353.63,-172043
353.64,-171901
353.65,-105514
353.66,-74827
353.67,-96803
353.68,-69501
353.69,-129634
353.7,-132517
353.71,-37751
353.72,-74640
353.73,-140045
353.74,-164512
353.75,-67514
353.76,36041
353.77,3167
353.78,-55482
353.79,-75071
353.8,-64234
353.81,-131773
353.82,-136345
353.83,-80526
353.84,-125370
353.85,-136248
353.86,-126677
353.87,-56280
353.88,97380
353.89,17926
353.9,-95867
353.91,-3752
353.92,-86148
353.93,-86012
353.94,-18009
353.95,-122941
353.96,-69523
353.97,-82445
353.98,-8835
353.99,47287
354.0,-131699
354.01,-50573
354.02,-40001
354.03,-107815
354.04,40093
354.05,-38028
354.06,-157058
354.07,-7184
354.08,-22880
354.09,-87794
354.1,-3608
354.11,-19603
354.12,21621
354.13,45428
354.14,-23691
354.15,70826
354.16,106416
354.17,-7510
354.18,5034
354.19,-10980
354.2,8041
354.21,69337
354.22,44328
354.23,82847
354.24,38920
354.25,4158
354.26,2659
354.27,-36909
354.28,-11995
354.29,-7432
354.3,42101
354.31,75667
354.32,-46010
354.33,6202
354.34,146117
354.35,-12427
354.36,-20288
354.37,177013
354.38,131913
354.39,60733
354.4,69684
354.41,37944
354.42,-10872
354.43,19107
354.44,73590
354.45,75039
354.46,124828
354.47,145721
354.48,109133
354.49,100395
354.5,127665
354.51,115354
354.52,131424
354.53,136410
354.54,123492
354.55,132675
354.56,150944
354.57,149491
354.58,78715
354.59,147961
354.6,103672
354.61,128510
354.62,206433
354.63,118285
354.64,159756
354.65,100983
354.66,196440
354.67,219129
354.68,98242
354.69,221202
354.7,237256
354.71,223888
354.72,152071
354.73,178297
354.74,265644
354.75,145303
354.76,187833
354.77,224101
354.78,183192
354.79,164201
354.8,132400
354.81,135516
354.82,92151
354.83,123069
354.84,138644
354.85,165131
354.86,256858
354.87,215254
354.88,191169
354.89,290273
354.9,250738
354.91,174061
354.92,250698
354.93,294278
354.94,215954
354.95,152180
354.96,229615
354.97,213536
354.98,201826
354.99,240001
355.0,191744
355.01,240791
355.02,248460
355.03,212425
355.04,175821
355.05,229445
355.06,313771
355.07,232208
355.08,209577
355.09,252752
355.1,238250
355.11,182309
355.12,210185
355.13,278646
355.14,248617
355.15,256764
355.16,261297
355.17,194775
355.18,275231
355.19,296231
355.2,218002
355.21,321342
355.22,262494
355.23,251206
355.24,419523
355.25,354227
355.26,320590
355.27,293006
355.28,191517
355.29,263183
355.3,338929
355.31,361711
355.32,413737
355.33,329002
355.34,343959
355.35,433748
355.36,295135
355.37,371803
355.38,439775
355.39,336090
355.4,383364
355.41,187062
355.42,-3926
355.43,78619
355.44,204566
355.45,285662
355.46,201890
355.47,274343
355.48,381603
355.49,324394
355.5,395016
355.51,464985
355.52,497552
355.53,485755
355.54,363198
355.55,171550
355.56,84981
355.57,119279
355.58,120036
355.59,337831
355.6,704084
355.61,895438
355.62,817728
355.63,606157
355.64,309135
355.65,109805
355.66,94517
355.67,-24417
355.68,41060
355.69,261367
355.7,264610
355.71,232651
355.72,358435
355.73,274064
355.74,164824
355.75,251023
355.76,279090
355.77,388334
355.78,336970
355.79,349512
355.8,288211
355.81,143275
355.82,195303
355.83,192261
355.84,208446
355.85,72751
355.86,114944
355.87,182861
355.88,207944
355.89,268347
355.9,130366
355.91,319467
355.92,358546
355.93,152594
355.94,311108
355.95,373846
355.96,351737
355.97,348216
355.98,101569
355.99,144501
356.0,307202
356.01,178431
356.02,239446
356.03,201925
356.04,157633
356.05,366453
356.06,334299
356.07,213562
356.08,201755
356.09,239951
356.1,239402
356.11,363244
356.12,369648
356.13,274154
356.14,370117
356.15,261640
356.16,195339
356.17,158445
356.18,176884
356.19,236465
356.2,202920
356.21,263545
356.22,150128
356.23,119128
356.24,231416
356.25,283815
356.26,179408
356.27,82903
356.28,208556
356.29,201729
356.3,204357
356.31,266478
356.32,188736
356.33,79066
356.34,154194
356.35,273574
356.36,213555
356.37,172706
356.38,60284
356.39,59951
356.4,198261
356.41,160720
356.42,174593
356.43,181601
356.44,148571
356.45,146332
356.46,68640
356.47,156745
356.48,293817
356.49,192101
356.5,188242
356.51,253877
356.52,52551
356.53,98811
356.54,199122
356.55,20403
356.56,42410
356.57,-4982
356.58,79803
356.59,185429
356.6,33686
356.61,90890
356.62,88679
356.63,4271
356.64,127888
356.65,154513
356.66,80942
356.67,159699
356.68,28449
356.69,21133
356.7,233745
356.71,153560
356.72,111257
356.73,69022
356.74,8597
356.75,127055
356.76,139651
356.77,101687
356.78,79714
356.79,-78874
356.8,29292
356.81,231652
356.82,134039
356.83,106601
356.84,62507
356.85,-73454
356.86,-61795
356.87,54252
356.88,119984
356.89,109823
356.9,39527
356.91,-27088
356.92,-22509
356.93,-112511
356.94,-66755
356.95,-22592
356.96,-222048
356.97,-167385
356.98,11185
356.99,37730
357.0,-8479
357.01,-109884
357.02,-190943
357.03,-139645
357.04,60505
357.05,18337
357.06,-133386
357.07,-135490
357.08,-230141
357.09,-87897
357.1,41513
357.11,-50729
357.12,-49650
357.13,-31828
357.14,29654
357.15,7555
357.16,-31947
357.17,-144024
357.18,-33803
357.19,70294
357.2,-199610
357.21,-317818
357.22,-408712
357.23,-89593
357.24,29886
357.25,-186929
357.26,183497
357.27,-86542
357.28,-303892
357.29,126749
357.3,-209248
357.31,-336349
357.32,-189565
357.33,-317131
357.34,-6292
357.35,-45514
357.36,-252115
357.37,-71279
357.38,-116471
357.39,-166751
357.4,-42234
357.41,-20409
357.42,-146589
357.43,-71860
357.44,-58979
357.45,-176069
357.46,-171085
357.47,-281087
357.48,-350582
357.49,-364151
357.5,-361410
357.51,-373442
357.52,-371275
357.53,-286663
357.54,-195191
357.55,-76528
357.56,-135544
357.57,-282359
357.58,-323532
357.59,-352117
357.6,-281340
357.61,-334919
357.62,-464947
357.63,-486625
357.64,-443499
357.65,-215885
357.66,-166781
357.67,-155462
357.68,-117293
357.69,-115931
357.7,-5708
357.71,-43909
357.72,-4555
357.73,-137767
357.74,-395095
357.75,-319018
357.76,-238533
357.77,-283776
357.78,-237978
357.79,-119793
357.8,-93041
357.81,-114545
357.82,-257427
357.83,-280131
357.84,-99936
357.85,-19713
357.86,944
357.87,-53416
357.88,-224556
357.89,-246745
357.9,-141454
357.91,-142348
357.92,-79066
357.93,-82521
357.94,-149180
357.95,-110204
357.96,-163799
357.97,-199516
357.98,-237841
357.99,-416062
358.0,-277420
358.01,-60895
358.02,-260479
358.03,-360262
358.04,-236590
358.05,-213618
358.06,-352042
358.07,-269609
358.08,-58781
358.09,-223069
358.1,-252262
358.11,-137956
358.12,-244541
358.13,-318359
358.14,-397098
358.15,-313221
358.16,-129474
358.17,-276037
358.18,-323507
358.19,-62233
358.2,-773
358.21,-125049
358.22,-278531
358.23,-348076
358.24,-313350
358.25,-347895
358.26,-421034
358.27,-379808
358.28,-177723
358.29,-169699
358.3,-266208
358.31,-231853
358.32,-111086
358.33,59956
358.34,120913
358.35,110386
358.36,11692
358.37,-126053
358.38,-102328
358.39,6460
358.4,-89625
358.41,-226309
358.42,-215407
358.43,-252912
358.44,-161492
358.45,-71269
358.46,-179193
358.47,-130298
358.48,-90265
358.49,-87115
358.5,-44858
358.51,-30456
358.52,30637
358.53,-122734
358.54,-277321
358.55,-261200
358.56,-324550
358.57,-379665
358.58,-155347
358.59,-28173
358.6,-173183
358.61,-37548
358.62,85901
358.63,-132437
358.64,-367477
358.65,-346050
358.66,-293065
358.67,-306024
358.68,-139398
358.69,-38827
358.7,-128758
358.71,-185147
358.72,-108497
358.73,-155648
358.74,-229385
358.75,-38139
358.76,-41903
358.77,-215181
358.78,-141984
358.79,-46624
358.8,-35632
358.81,-72992
358.82,-24660
358.83,68817
358.84,40406
358.85,59433
358.86,-95674
358.87,-306520
358.88,-160810
358.89,-100502
358.9,-317923
358.91,-390564
358.92,-107677
358.93,186587
358.94,179457
358.95,119280
358.96,41884
358.97,-98957
358.98,-98557
358.99,-44556
359.0,-252854
359.01,-272030
359.02,41909
359.03,-23043
359.04,-162490
359.05,-213416
359.06,-267330
359.07,-80684
359.08,38604
359.09,96203
359.1,104575
359.11,28136
359.12,-55437
359.13,-236290
359.14,-249236
359.15,-127131
359.16,-153005
359.17,-128920
359.18,-36084
359.19,25902
359.2,86613
359.21,30823
359.22,36782
359.23,66700
359.24,-9567
359.25,-85973
359.26,-170754
359.27,-211957
359.28,-184076
359.29,-103862
359.3,39786
359.31,212387
359.32,167585
359.33,9276
359.34,-73818
359.35,-92756
359.36,-44691
359.37,6057
359.38,81769
359.39,59099
359.4,38248
359.41,49635
359.42,18578
359.43,20415
359.44,26630
359.45,53576
359.46,8625
359.47,9562
359.48,-23235
359.49,-115785
359.5,63742
359.51,140981
359.52,-12422
359.53,-59583
359.54,-49681
359.55,-138191
359.56,-177559
359.57,43349
359.58,151616
359.59,68591
359.6,38141
359.61,158488
359.62,288838
359.63,107776
359.64,-3945
359.65,-9158
359.66,-198338
359.67,-164393
359.68,4347
359.69,3168
359.7,17108
359.71,66945
359.72,156540
359.73,65736
359.74,2628
359.75,105959
359.76,75652
359.77,77135
359.78,-4388
359.79,68661
359.8,81498
359.81,51634
359.82,230691
359.83,133846
359.84,99580
359.85,113496
359.86,95405
359.87,72879
359.88,88125
359.89,196400
359.9,230980
359.91,251847
359.92,116362
359.93,75882
359.94,86476
359.95,95456
359.96,146298
359.97,76619
359.98,174185
359.99,305669
360.0,244747
